的	2959
一	967
了	771
不	754
是	706
人	559
在	556
有	541
大	438
中	408
上	388
和	370
为	360
我	358
这	326
个	322
要	312
会	310
生	300
出	290
到	279
来	277
可	275
学	274
用	266
下	264
以	259
子	259
地	252
发	250
能	247
他	241
就	234
行	231
自	221
国	219
时	217
对	217
心	217
小	215
分	214
年	204
家	204
作	203
理	201
着	197
也	196
成	195
多	194
们	190
好	190
工	189
方	187
你	187
实	184
法	183
主	182
定	181
力	180
得	179
之	178
动	177
面	177
天	176
高	175
事	175
本	173
于	172
业	171
过	170
说	169
性	168
道	167
化	157
长	157
体	156
所	153
现	151
开	151
看	150
全	149
后	147
点	147
合	146
都	145
进	144
重	144
部	142
意	141
产	140
经	139
公	138
文	136
新	136
度	135
情	135
水	134
么	133
前	132
三	132
手	132
无	131
起	129
相	129
而	126
同	126
数	125
里	123
应	123
想	123
入	122
关	121
教	120
量	119
表	119
与	118
然	117
第	117
位	115
十	115
日	114
机	114
电	114
那	113
明	113
如	112
还	112
物	112
二	112
气	112
内	111
民	111
市	110
等	108
加	108
制	108
管	107
期	106
代	106
建	105
去	104
知	104
其	103
很	103
比	103
名	103
种	102
最	102
身	101
安	100
通	99
外	99
解	99
保	99
务	97
头	97
者	96
政	96
没	95
展	95
利	95
题	94
平	94
两	94
当	93
常	93
回	93
间	92
程	92
特	92
向	91
将	90
场	90
正	89
资	89
感	88
提	87
己	87
区	87
员	87
基	87
口	87
社	87
老	86
样	85
信	85
质	85
她	84
设	84
色	84
处	84
目	83
品	83
结	83
金	82
活	81
被	81
交	81
书	81
果	80
次	80
从	79
只	79
计	79
做	79
打	79
风	79
e	78
因	78
问	78
美	77
任	77
系	76
接	76
此	75
式	75
件	75
形	75
各	75
指	75
路	74
单	73
线	73
光	73
山	73
原	71
什	71
真	71
强	71
流	71
车	71
清	71
少	70
导	70
总	70
党	70
-	70
使	69
直	69
组	69
见	69
西	69
科	69
义	69
步	69
深	69
但	68
并	68
给	68
门	68
格	68
条	68
院	68
月	67
变	67
立	67
收	67
白	67
几	67
商	67
斯	67
o	67
t	67
些	66
更	66
把	66
放	66
神	66
值	66
话	65
眼	65
已	64
先	64
受	63
术	63
选	63
海	63
记	63
太	63
病	63
标	62
再	62
项	62
报	62
级	62
育	62
师	61
思	61
世	61
转	61
图	60
规	60
四	60
节	60
战	60
求	59
服	59
取	59
治	59
器	59
委	59
需	58
持	57
考	57
走	57
空	57
精	57
源	57
花	57
权	57
尔	57
i	56
元	56
又	56
示	56
价	56
五	56
快	56
复	56
完	55
传	55
研	55
造	55
万	55
专	55
边	55
技	54
调	54
影	54
儿	54
联	54
由	53
别	53
才	53
具	53
容	53
习	53
极	53
落	53
n	53
每	52
算	52
运	52
声	52
言	52
血	52
切	52
女	51
型	51
东	51
字	51
集	51
查	51
证	51
较	51
必	51
据	50
类	50
反	50
何	50
网	50
准	50
观	50
备	50
认	49
确	49
效	49
非	49
增	49
息	49
南	49
语	49
干	49
笑	49
r	49
司	48
统	48
至	48
带	48
共	48
存	48
创	48
推	48
案	48
周	48
爱	48
视	48
军	48
章	48
境	48
局	48
议	48
热	48
房	48
克	48
士	48
城	47
料	47
支	47
功	47
率	47
低	47
马	47
g	47
它	46
整	46
识	46
越	46
营	46
百	46
论	45
便	45
素	45
办	45
断	45
积	45
红	45
致	45
拉	45
a	45
注	44
王	44
校	44
决	44
达	44
界	44
始	44
究	44
觉	44
难	44
领	44
失	44
吃	44
层	44
职	44
及	43
该	43
企	43
改	43
根	43
命	43
引	43
住	43
易	43
段	43
排	43
华	43
火	43
让	42
置	42
北	42
象	42
布	42
医	42
护	42
省	42
角	42
半	42
构	41
近	41
f	41
台	41
防	41
济	41
听	41
列	41
适	41
包	40
模	40
施	40
林	40
怎	40
望	40
满	40
养	40
责	40
微	40
则	39
消	39
队	39
装	39
片	39
压	39
细	39
德	39
限	39
星	39
d	38
今	38
参	38
像	38
环	38
這	38
告	38
连	38
助	38
际	38
写	38
來	38
石	38
友	38
张	37
离	37
速	37
配	37
照	37
显	37
户	37
优	37
首	37
药	37
预	37
远	37
势	37
修	36
著	36
款	36
况	35
态	35
控	35
往	35
响	35
音	35
死	35
球	35
青	35
历	35
维	35
站	35
早	35
差	35
刻	35
八	35
密	35
m	35
试	34
例	34
费	34
供	34
除	34
状	34
游	34
称	34
范	34
约	34
课	34
古	34
争	34
留	34
千	34
害	34
税	34
久	34
或	33
投	33
未	33
村	33
土	33
股	33
县	33
油	33
族	33
居	33
减	33
紧	33
l	33
号	32
食	32
随	32
农	32
团	32
乐	32
群	32
温	32
讲	32
候	31
验	31
孩	31
请	31
众	31
江	31
跟	31
升	31
初	31
喜	31
州	31
答	31
益	31
充	31
简	31
严	31
尽	31
端	31
s	31
检	30
足	30
史	30
亲	30
阳	30
轻	30
府	30
围	30
板	30
演	30
送	30
官	30
味	30
會	30
七	30
武	30
冷	30
征	30
巴	30
客	29
個	29
找	29
底	29
超	29
景	29
击	29
黑	29
负	29
监	29
兴	29
销	29
异	29
九	29
货	29
亚	29
广	28
续	28
许	28
李	28
织	28
律	28
序	28
险	28
念	28
仅	28
核	28
编	28
室	28
句	28
举	28
诉	28
u	28
即	27
采	27
评	27
读	27
時	27
志	27
承	27
黄	27
述	27
班	27
河	27
坚	27
伤	27
皮	27
免	27
晚	27
余	27
执	27
波	27
纪	27
短	27
额	27
停	27
印	27
副	27
卫	27
p	27
沉	27
故	26
划	26
依	26
属	26
英	26
材	26
双	26
均	26
欢	26
止	26
换	26
疗	26
含	26
录	26
急	26
抗	26
衣	26
按	25
析	25
六	25
突	25
哪	25
健	25
龙	25
财	25
察	25
灵	25
绝	25
阶	25
酸	25
测	24
却	24
获	24
域	24
母	24
宝	24
降	24
画	24
错	24
待	24
叫	24
介	24
移	24
說	24
夜	24
倒	24
固	24
座	24
缺	24
楼	24
毛	24
兰	24
终	23
男	23
版	23
份	23
赛	23
激	23
飞	23
富	23
革	23
批	23
镇	23
草	23
退	23
盘	23
杀	23
般	22
米	22
协	22
破	22
夫	22
春	22
词	22
审	22
吸	22
独	22
朝	22
背	22
奇	22
液	22
痛	22
稳	22
剧	22
脚	22
救	22
择	21
输	21
否	21
令	21
艺	21
园	21
钱	21
帮	21
希	21
拿	21
乎	21
愿	21
块	21
树	21
店	21
乡	21
静	21
假	21
冲	21
玩	21
警	21
散	21
射	21
守	21
码	21
谈	21
典	21
疑	21
呼	21
惊	21
伙	21
够	20
策	20
云	20
某	20
若	20
京	20
买	20
酒	20
康	20
香	20
福	20
良	20
融	20
妈	20
脸	20
智	20
疫	20
劳	20
购	20
毒	20
载	20
對	20
肉	20
顺	20
季	20
哈	20
骨	20
動	20
笔	20
虚	20
航	20
隐	20
须	19
刚	19
普	19
略	19
木	19
卡	19
础	19
临	19
苦	19
售	19
穿	19
汉	19
纳	19
松	19
博	19
亮	19
套	19
聚	19
露	19
轮	19
透	19
迷	19
吧	18
似	18
互	18
左	18
银	18
宣	18
操	18
曾	18
付	18
旅	18
脑	18
兵	18
占	18
染	18
招	18
损	18
诗	18
追	18
楚	18
攻	18
斗	18
派	18
杂	18
键	18
丝	18
床	18
筑	18
托	18
贵	18
馆	18
届	18
c	18
培	17
另	17
善	17
為	17
补	17
罗	17
索	17
判	17
菜	17
朋	17
歌	17
帝	17
堂	17
皇	17
開	17
症	17
藏	17
归	17
甲	17
圆	17
威	17
综	17
避	17
督	17
礼	17
宫	17
趣	17
阻	17
弱	17
淡	17
净	17
麻	17
遗	17
業	17
實	17
秘	17
且	16
右	16
過	16
阿	16
概	16
哥	16
探	16
频	16
沒	16
票	16
掌	16
附	16
國	16
罪	16
發	16
宁	16
借	16
牛	16
抓	16
婚	16
危	16
奖	16
架	16
虑	16
洗	16
胜	16
脱	16
卖	16
烈	16
竞	16
偏	16
炎	16
缓	16
餐	16
伴	16
末	16
违	16
闭	16
暖	16
刑	16
继	15
叶	15
牌	15
患	15
顾	15
障	15
雨	15
夏	15
現	15
間	15
湖	15
谁	15
卷	15
茶	15
钟	15
田	15
误	15
封	15
彩	15
沙	15
幸	15
學	15
零	15
折	15
點	15
践	15
尼	15
私	15
齐	15
烟	15
頭	15
恶	15
灯	15
缩	15
牙	15
幕	15
冠	15
矿	15
奥	15
徒	15
父	14
坐	14
担	14
甚	14
符	14
练	14
怕	14
曲	14
络	14
還	14
姐	14
针	14
既	14
释	14
宗	14
怀	14
犯	14
經	14
丽	14
启	14
巨	14
野	14
饭	14
径	14
睡	14
迎	14
盖	14
冰	14
默	14
娘	14
怪	14
席	14
顿	14
毫	14
储	14
钢	14
樣	14
凝	14
扬	14
祖	14
機	14
膜	14
贴	14
箱	14
懂	14
耐	14
虽	13
括	13
苏	13
训	13
遇	13
庭	13
靠	13
申	13
拍	13
挥	13
弟	13
登	13
库	13
永	13
篇	13
粉	13
混	13
掉	13
顶	13
忙	13
侧	13
雷	13
延	13
渐	13
阴	13
胞	13
估	13
弹	13
触	13
刺	13
嘴	13
厚	13
鲜	13
禁	13
旁	13
跳	13
幅	13
盛	13
忘	13
诊	13
订	13
體	13
浓	13
摇	13
繁	13
抵	13
贯	13
闪	13
們	12
後	12
慢	12
岁	12
谢	12
铁	12
享	12
促	12
困	12
毕	12
熟	12
软	12
握	12
午	12
绿	12
梦	12
佛	12
阵	12
剂	12
绍	12
蛋	12
唐	12
措	12
授	12
翻	12
暗	12
乱	12
汇	12
硬	12
長	12
尚	12
扩	12
签	12
绩	12
宜	12
屋	12
船	12
访	12
脉	12
魔	12
坏	12
奶	12
孔	12
糖	12
凡	12
進	12
圈	12
洋	12
币	12
宽	12
抽	12
場	12
滑	12
媒	12
振	12
彻	12
奋	12
敬	12
侵	12
尿	12
废	12
驾	12
潜	12
迫	12
摸	12
览	12
員	12
锋	12
呢	11
陈	11
您	11
竟	11
播	11
仍	11
雪	11
跑	11
逐	11
距	11
植	11
予	11
敢	11
丰	11
献	11
秋	11
肯	11
麼	11
秦	11
寒	11
旧	11
童	11
喝	11
醒	11
舞	11
耳	11
纸	11
链	11
胡	11
當	11
佳	11
幼	11
债	11
隔	11
抱	11
震	11
途	11
妇	11
庆	11
败	11
菌	11
召	11
妹	11
亡	11
镜	11
冬	11
氧	11
污	11
摄	11
岛	11
巧	11
伸	11
缘	11
账	11
详	11
庄	11
電	11
框	11
裁	11
柔	11
漫	11
迹	11
赞	11
肿	11
虫	11
乳	11
灾	11
朗	11
乌	11
幻	11
奔	11
坦	11
滋	11
啊	10
闻	10
亿	10
厂	10
於	10
束	10
讨	10
街	10
央	10
阅	10
欧	10
洲	10
累	10
爷	10
寻	10
見	10
遍	10
谓	10
窗	10
恩	10
尊	10
描	10
暴	10
饮	10
恐	10
爆	10
話	10
池	10
贷	10
浪	10
乘	10
贫	10
替	10
忍	10
墙	10
敏	10
惯	10
残	10
豆	10
档	10
應	10
裂	10
弃	10
肥	10
诚	10
洞	10
關	10
贸	10
溶	10
偿	10
摩	10
灭	10
肺	10
磨	10
甘	10
怒	10
肝	10
桌	10
狂	10
哭	10
肠	10
扫	10
脏	10
強	10
記	10
暂	10
妙	10
滴	10
邮	10
貌	10
筹	10
辈	10
迟	10
盈	10
吗	9
玉	9
戏	9
鱼	9
陆	9
無	9
努	9
休	9
港	9
辑	9
拥	9
峰	9
衡	9
莫	9
問	9
润	9
映	9
荣	9
孙	9
挑	9
纷	9
圣	9
種	9
睛	9
涉	9
赶	9
烧	9
丹	9
唯	9
塞	9
氣	9
唱	9
租	9
炼	9
舒	9
裡	9
递	9
湿	9
诸	9
填	9
洁	9
摆	9
泽	9
泛	9
涨	9
燃	9
乙	9
挂	9
绕	9
伯	9
眉	9
耗	9
饰	9
泡	9
旗	9
胸	9
倾	9
荷	9
晶	9
伍	9
讯	9
辅	9
袋	9
計	9
數	9
俗	9
刷	9
結	9
資	9
甜	9
剩	9
搜	9
凭	9
津	9
胆	9
設	9
腐	9
纹	9
癌	9
纵	9
肾	9
認	9
愈	9
坡	9
萨	9
狠	9
谱	9
悟	9
論	9
巡	9
糊	9
郁	9
誉	9
廉	9
菲	9
腺	9
稀	9
翼	9
淋	9
刘	8
页	8
秀	8
汽	8
君	8
爸	8
川	8
疾	8
刀	8
仙	8
氏	8
洛	8
返	8
雄	8
忽	8
搭	8
册	8
殊	8
厅	8
倍	8
纯	8
勇	8
讓	8
译	8
尾	8
給	8
蒙	8
兄	8
轴	8
沿	8
岗	8
伊	8
杯	8
券	8
腹	8
截	8
內	8
伟	8
肤	8
龄	8
逃	8
盟	8
辛	8
粒	8
凌	8
碎	8
扎	8
胃	8
勤	8
挺	8
尖	8
腰	8
抬	8
跨	8
跌	8
岸	8
陪	8
兼	8
欣	8
闲	8
肩	8
悲	8
矩	8
籍	8
碳	8
牢	8
枝	8
驱	8
腾	8
勒	8
恒	8
腔	8
恋	8
寄	8
務	8
叹	8
瓜	8
荡	8
夺	8
拖	8
踏	8
疏	8
忧	8
剪	8
確	8
衰	8
螺	8
驻	8
澳	8
畅	8
牵	8
讼	8
悠	8
呆	8
辨	8
戒	8
H	8
悄	8
遥	8
辦	8
況	8
h	8
宋	7
尤	7
亦	7
仪	7
颜	7
鼓	7
吉	7
雅	7
兩	7
宇	7
敌	7
循	7
拟	7
谷	7
插	7
墨	7
迅	7
扶	7
珠	7
尺	7
忆	7
旋	7
潮	7
魂	7
鲁	7
添	7
舍	7
陷	7
浮	7
苗	7
腿	7
脂	7
晓	7
伦	7
悉	7
鉴	7
門	7
械	7
趋	7
贝	7
惠	7
戴	7
绘	7
珍	7
烦	7
赏	7
杆	7
援	7
番	7
師	7
盾	7
幾	7
泉	7
驶	7
塑	7
覺	7
颗	7
冒	7
兒	7
瓶	7
孕	7
尘	7
抢	7
锅	7
刊	7
胎	7
隆	7
豪	7
迁	7
猛	7
吐	7
稿	7
逆	7
抑	7
拔	7
谋	7
昨	7
壮	7
遵	7
辞	7
連	7
聘	7
矛	7
殖	7
產	7
汗	7
漏	7
梯	7
喷	7
厉	7
骑	7
跃	7
扰	7
朵	7
宾	7
赔	7
牧	7
滚	7
恰	7
荒	7
筋	7
邀	7
類	7
崇	7
辩	7
捕	7
捷	7
導	7
P	7
佩	7
粘	7
輕	7
辖	7
袭	7
契	7
艰	7
霸	7
揭	7
篮	7
踪	7
耕	7
隊	7
抛	7
皱	7
椅	7
慌	7
愧	7
y	7
函	6
询	6
剑	6
励	6
將	6
蓝	6
鸡	6
址	6
肌	6
鬼	6
焦	6
朱	6
辆	6
從	6
横	6
绪	6
壁	6
書	6
诺	6
薄	6
灰	6
題	6
盐	6
恢	6
柱	6
泥	6
聲	6
罚	6
屏	6
祝	6
搞	6
別	6
姑	6
署	6
瞬	6
井	6
磁	6
聊	6
偶	6
拜	6
遭	6
扣	6
覆	6
胶	6
猪	6
羊	6
宿	6
晨	6
凉	6
尝	6
並	6
惜	6
允	6
嘉	6
枪	6
偷	6
湾	6
語	6
垂	6
锁	6
麦	6
伏	6
拼	6
炸	6
羽	6
孤	6
拒	6
鼻	6
迪	6
桃	6
碰	6
邊	6
殿	6
涂	6
喊	6
奉	6
碍	6
兽	6
麽	6
仔	6
赋	6
履	6
浅	6
宏	6
纠	6
犹	6
妖	6
氛	6
劲	6
戰	6
赖	6
則	6
聽	6
質	6
奈	6
栏	6
傳	6
漂	6
浩	6
赢	6
惑	6
鼠	6
骗	6
轨	6
幽	6
弯	6
莱	6
鞋	6
郎	6
運	6
役	6
姿	6
許	6
穷	6
缝	6
挡	6
滤	6
統	6
咬	6
匹	6
匀	6
耀	6
臉	6
钻	6
催	6
醉	6
盆	6
悬	6
扭	6
雾	6
嫌	6
試	6
規	6
颈	6
榜	6
埋	6
埃	6
胀	6
議	6
忌	6
隨	6
帅	6
阔	6
態	6
費	6
醇	6
泄	6
膀	6
際	6
盗	6
婴	6
夕	6
妥	6
醫	6
碑	6
隙	6
轰	6
適	6
匆	6
昂	6
晃	6
绵	6
畜	6
俱	6
瞪	6
睁	6
評	6
衷	6
w	6
験	6
I	6
桥	5
欲	5
塔	5
呈	5
狗	5
姓	5
紫	5
妻	5
仿	5
仁	5
婆	5
疼	5
旦	5
董	5
東	5
皆	5
弄	5
寸	5
竹	5
煤	5
乏	5
哲	5
忠	5
洪	5
粗	5
稍	5
彼	5
秒	5
辰	5
變	5
猫	5
堆	5
處	5
瓦	5
拓	5
铺	5
擦	5
割	5
報	5
難	5
寿	5
夹	5
昌	5
姆	5
斜	5
仓	5
陶	5
纤	5
摘	5
拆	5
涵	5
齿	5
蒸	5
軍	5
調	5
組	5
術	5
屈	5
锦	5
逼	5
炮	5
邻	5
義	5
谐	5
眠	5
鸣	5
丢	5
習	5
脾	5
達	5
怨	5
毁	5
撤	5
桂	5
灌	5
熊	5
罢	5
蜜	5
視	5
爬	5
亏	5
饱	5
尸	5
辣	5
請	5
啥	5
垃	5
押	5
圾	5
搬	5
囊	5
罩	5
飘	5
級	5
雕	5
丧	5
網	5
滿	5
浆	5
浸	5
葡	5
晰	5
卵	5
墓	5
汁	5
奴	5
盯	5
慈	5
诱	5
涌	5
遠	5
欺	5
萄	5
抚	5
觀	5
削	5
疯	5
抖	5
捐	5
咳	5
叙	5
弥	5
芒	5
薪	5
愣	5
細	5
弗	5
隻	5
蓄	5
掩	5
肢	5
滞	5
舰	5
浏	5
據	5
纲	5
漠	5
顯	5
證	5
辽	5
棋	5
闷	5
眸	5
関	5
勢	5
実	5
聯	5
創	5
錯	5
緊	5
勃	5
泌	5
唤	5
溢	5
構	5
芝	5
遮	5
朴	5
椒	5
淀	5
哼	5
衍	5
畏	5
颁	5
驗	5
茫	5
羞	5
阐	5
霉	5
療	5
惩	5
弧	5
雇	5
躁	5
旬	5
爺	5
嘱	5
庸	5
嵌	5
肆	5
弊	5
奠	5
眯	5
疹	5
搖	5
懈	5
嘻	5
溯	5
v	5
b	5
梁	4
徐	4
森	4
丁	4
梅	4
虎	4
岩	4
汤	4
荐	4
慧	4
泰	4
啦	4
臣	4
杜	4
串	4
風	4
骤	4
叔	4
杰	4
郑	4
玄	4
奏	4
張	4
泪	4
鸟	4
瘤	4
艾	4
選	4
帶	4
御	4
逻	4
咨	4
爲	4
呵	4
拳	4
線	4
區	4
恨	4
仰	4
晋	4
離	4
琴	4
缴	4
浙	4
臂	4
乔	4
宅	4
單	4
斤	4
愛	4
總	4
炒	4
親	4
猜	4
慰	4
備	4
識	4
肃	4
悦	4
旨	4
乾	4
箭	4
準	4
烂	4
赫	4
叉	4
剛	4
S	4
砂	4
斑	4
碗	4
慎	4
爽	4
廷	4
節	4
苍	4
標	4
壳	4
勾	4
吓	4
拨	4
痕	4
脆	4
疲	4
價	4
傲	4
携	4
卧	4
赴	4
艳	4
傻	4
莉	4
叠	4
烤	4
俩	4
樂	4
锻	4
昏	4
柜	4
昆	4
挤	4
堡	4
阁	4
終	4
凶	4
續	4
吞	4
妆	4
裝	4
冻	4
劝	4
迈	4
領	4
躺	4
豫	4
株	4
惧	4
仇	4
夠	4
嫁	4
伐	4
環	4
悔	4
堪	4
氨	4
伪	4
赠	4
厌	4
硕	4
颇	4
弦	4
旺	4
発	4
柴	4
锐	4
袖	4
瓷	4
專	4
簡	4
柏	4
糕	4
團	4
雙	4
倡	4
參	4
纽	4
蜂	4
陌	4
喻	4
碱	4
養	4
萌	4
眾	4
扮	4
漆	4
浑	4
绳	4
拌	4
陕	4
寂	4
姨	4
咽	4
劣	4
夸	4
謝	4
丛	4
爹	4
瞧	4
诞	4
摊	4
侍	4
対	4
興	4
脊	4
斥	4
巾	4
猎	4
滨	4
庞	4
寓	4
稻	4
颤	4
淮	4
製	4
逢	4
恼	4
葬	4
裙	4
愉	4
吵	4
渔	4
測	4
怜	4
丫	4
寨	4
屬	4
挣	4
狀	4
洒	4
薇	4
乖	4
裕	4
溫	4
優	4
廊	4
營	4
剖	4
涯	4
歉	4
煎	4
莎	4
剥	4
侦	4
缠	4
喘	4
逝	4
萝	4
髓	4
卸	4
颖	4
瑟	4
爵	4
募	4
竭	4
竖	4
狭	4
僅	4
辱	4
兑	4
叛	4
糟	4
绑	4
吼	4
沫	4
誓	4
蕴	4
紀	4
铃	4
変	4
椎	4
險	4
烯	4
峡	4
薯	4
栓	4
拦	4
卑	4
拘	4
脖	4
絲	4
揉	4
逛	4
雀	4
梗	4
宰	4
協	4
隶	4
蔽	4
勘	4
財	4
诵	4
蓬	4
刹	4
匪	4
祈	4
菩	4
韧	4
塌	4
陀	4
経	4
冶	4
範	4
奢	4
輸	4
酿	4
胰	4
漸	4
缀	4
谎	4
缔	4
咧	4
匈	4
漓	4
柿	4
埔	4
杨	3
赵	3
沈	3
韩	3
柳	3
車	3
曰	3
乃	3
瑞	3
俄	3
粮	3
贡	3
咱	3
慕	3
凤	3
吹	3
撑	3
闹	3
該	3
吨	3
燕	3
撞	3
寺	3
璃	3
辉	3
赤	3
魏	3
萬	3
渡	3
黎	3
挖	3
渠	3
馬	3
丈	3
炉	3
邦	3
嘛	3
娜	3
芳	3
侯	3
陵	3
決	3
祥	3
抹	3
莲	3
約	3
棒	3
條	3
唇	3
B	3
O	3
煮	3
肖	3
胖	3
祭	3
穴	3
骂	3
極	3
疆	3
逸	3
躲	3
燥	3
娃	3
舌	3
圳	3
孝	3
咖	3
撒	3
亩	3
晴	3
飛	3
扑	3
肚	3
欠	3
渗	3
酶	3
卓	3
項	3
厨	3
谨	3
妃	3
岳	3
裏	3
韵	3
杭	3
響	3
掘	3
吾	3
袁	3
護	3
阀	3
陽	3
焊	3
徽	3
穆	3
瘦	3
披	3
庙	3
聪	3
啡	3
帐	3
係	3
蒂	3
惨	3
扇	3
胁	3
枚	3
宙	3
宴	3
硫	3
愤	3
蔬	3
毅	3
岭	3
秩	3
歡	3
丙	3
娱	3
丸	3
氢	3
酷	3
魅	3
宠	3
狱	3
異	3
儒	3
筒	3
暑	3
堵	3
芽	3
斷	3
寶	3
酬	3
傷	3
饼	3
浴	3
_	3
坊	3
晒	3
渴	3
怖	3
気	3
鸿	3
遊	3
卜	3
絕	3
渊	3
肪	3
淘	3
葛	3
桶	3
栽	3
恭	3
琳	3
聞	3
臭	3
汪	3
説	3
哀	3
笼	3
扯	3
敦	3
驚	3
沃	3
換	3
崩	3
幫	3
狐	3
枫	3
稱	3
贪	3
晕	3
磷	3
婉	3
焰	3
勉	3
積	3
媽	3
蚀	3
厦	3
枯	3
饲	3
裤	3
趁	3
懒	3
吻	3
芬	3
彰	3
復	3
浦	3
黏	3
溃	3
诈	3
搏	3
牲	3
筛	3
撰	3
畫	3
灣	3
噪	3
膏	3
膝	3
腻	3
腊	3
滩	3
巷	3
凸	3
铸	3
瓣	3
葱	3
編	3
僧	3
馨	3
帖	3
冥	3
嘿	3
妨	3
喉	3
惟	3
課	3
預	3
維	3
擅	3
廣	3
圍	3
咸	3
靜	3
讀	3
溜	3
搅	3
泳	3
腦	3
煌	3
纱	3
泊	3
猴	3
歇	3
膨	3
盼	3
僵	3
吟	3
翰	3
饿	3
浇	3
舉	3
熬	3
攀	3
熔	3
衬	3
钉	3
責	3
檢	3
憾	3
歷	3
練	3
棵	3
枢	3
酵	3
兮	3
谊	3
農	3
訴	3
沸	3
爭	3
戶	3
尬	3
卒	3
匠	3
挽	3
嚴	3
慨	3
館	3
旱	3
捧	3
媳	3
袍	3
臺	3
纺	3
歧	3
劃	3
粹	3
衫	3
逾	3
妄	3
钥	3
婷	3
屠	3
橡	3
杏	3
擔	3
畢	3
芦	3
荆	3
舅	3
驳	3
甫	3
嘲	3
瑰	3
凹	3
眨	3
擎	3
罕	3
媚	3
颠	3
錄	3
舆	3
訊	3
玫	3
魄	3
躯	3
绣	3
咪	3
嫂	3
菇	3
紹	3
耻	3
緩	3
樱	3
蟹	3
涩	3
帘	3
顽	3
宛	3
産	3
挪	3
讽	3
捞	3
霄	3
谅	3
咐	3
沧	3
锈	3
诀	3
訓	3
茄	3
喃	3
揮	3
厢	3
掠	3
侣	3
厕	3
烘	3
秉	3
滥	3
採	3
垒	3
虐	3
贮	3
鮮	3
倦	3
裸	3
绒	3
萎	3
捂	3
杉	3
呜	3
橘	3
咯	3
佣	3
脓	3
嗓	3
诡	3
辜	3
恍	3
敞	3
顷	3
稽	3
颅	3
x	3
鸦	3
抒	3
烹	3
痘	3
棘	3
涡	3
烁	3
耽	3
姥	3
匿	3
洽	3
単	3
仑	3
啪	3
紛	3
酰	3
椭	3
喇	3
緒	3
纬	3
绸	3
耿	3
闺	3
缅	3
鄙	3
莞	3
伺	3
啟	3
磅	3
朽	3
嘟	3
竣	3
憶	3
哮	3
剔	3
輩	3
攝	3
査	3
凳	3
陋	3
叨	3
挚	3
躬	3
嚣	3
紊	3
俭	3
拇	3
贿	3
絡	3
酌	3
亥	3
祷	3
沼	3
翩	3
滔	3
砰	3
咚	3
乒	3
嚷	3
寥	3
侈	3
兢	3
迄	3
嗡	3
嬷	3
洱	3
啧	3
毋	3
淇	3
黯	3
菠	3
乓	3
坞	3
慑	3
栩	3
癜	3
與	2
沟	2
呀	2
姜	2
萧	2
曼	2
卻	2
郭	2
曹	2
溪	2
铜	2
傅	2
孟	2
轉	2
玻	2
嗎	2
邪	2
狼	2
仲	2
坛	2
钮	2
凯	2
霍	2
俊	2
葉	2
圖	2
删	2
槽	2
厘	2
F	2
較	2
盒	2
芯	2
桑	2
姻	2
壤	2
棉	2
贺	2
雖	2
赚	2
玛	2
紅	2
華	2
靈	2
耶	2
殺	2
吊	2
邓	2
坑	2
馈	2
敲	2
蒋	2
喂	2
拾	2
轩	2
昭	2
炭	2
宪	2
兔	2
吕	2
劫	2
翠	2
丘	2
砖	2
擊	2
娇	2
帽	2
權	2
玲	2
弘	2
泵	2
垫	2
熙	2
涛	2
買	2
黃	2
塘	2
講	2
陸	2
郡	2
窝	2
壓	2
愁	2
盲	2
顧	2
铭	2
嫩	2
氯	2
湘	2
丑	2
誰	2
羅	2
巩	2
酱	2
锡	2
惹	2
職	2
園	2
罐	2
扔	2
沐	2
捉	2
負	2
窄	2
抄	2
斩	2
藥	2
祸	2
哎	2
須	2
踩	2
柄	2
虾	2
翔	2
凑	2
裹	2
戈	2
铝	2
虹	2
賽	2
蛮	2
蹈	2
跪	2
鸭	2
繼	2
蝶	2
陣	2
減	2
辐	2
兆	2
梳	2
缸	2
逊	2
仗	2
妮	2
屁	2
順	2
遣	2
赌	2
冇	2
驰	2
梨	2
侠	2
殷	2
戚	2
泻	2
谦	2
巢	2
摔	2
帆	2
胺	2
補	2
衛	2
靖	2
岂	2
願	2
撕	2
辟	2
翅	2
狮	2
衔	2
獲	2
巫	2
钩	2
菊	2
钠	2
夷	2
敷	2
棚	2
坤	2
銀	2
骄	2
禅	2
弓	2
赁	2
戲	2
昊	2
茅	2
屑	2
卦	2
額	2
擇	2
讶	2
痰	2
腳	2
濟	2
談	2
缆	2
腕	2
翁	2
醋	2
仕	2
瑜	2
劇	2
挫	2
爪	2
钓	2
織	2
泼	2
夢	2
獨	2
栈	2
刃	2
頓	2
灿	2
匙	2
窃	2
勝	2
飯	2
載	2
勿	2
牺	2
桐	2
昔	2
郊	2
曝	2
羡	2
愚	2
階	2
懷	2
藝	2
硝	2
寡	2
闯	2
沾	2
龟	2
痴	2
尴	2
枣	2
蔓	2
趟	2
鹅	2
蓉	2
拱	2
釋	2
坪	2
衝	2
峻	2
討	2
迭	2
麟	2
鞭	2
扁	2
崖	2
韓	2
掏	2
複	2
咒	2
陛	2
耍	2
枕	2
碌	2
潭	2
執	2
珊	2
蒜	2
澜	2
貨	2
臨	2
莹	2
锥	2
沪	2
垄	2
塊	2
奸	2
凰	2
杠	2
澄	2
蕾	2
侨	2
矢	2
艘	2
嗽	2
锤	2
铅	2
叮	2
掀	2
茎	2
俯	2
澡	2
艇	2
坎	2
監	2
禽	2
仆	2
灶	2
坠	2
吏	2
噬	2
堅	2
趕	2
雜	2
購	2
酮	2
痒	2
麗	2
蜡	2
呕	2
钦	2
詹	2
轿	2
蠢	2
颂	2
矫	2
妊	2
钾	2
敛	2
誤	2
蒲	2
畴	2
廓	2
簧	2
橙	2
撼	2
霆	2
甸	2
泣	2
舊	2
損	2
瞳	2
億	2
円	2
潇	2
謂	2
尋	2
鐘	2
敗	2
棠	2
勺	2
谣	2
粤	2
撇	2
佑	2
梭	2
墅	2
隧	2
汰	2
褐	2
沥	2
娠	2
骚	2
笨	2
瞎	2
咕	2
宵	2
針	2
惕	2
瞒	2
烷	2
啸	2
湛	2
蚁	2
饥	2
烛	2
銷	2
贩	2
伽	2
雌	2
曦	2
芙	2
粪	2
冤	2
冀	2
勋	2
灸	2
吁	2
浊	2
啤	2
穩	2
寝	2
稚	2
祀	2
焚	2
棕	2
畸	2
壞	2
綠	2
慮	2
澈	2
膊	2
冈	2
歐	2
胚	2
胳	2
黛	2
怔	2
飲	2
敵	2
寞	2
鬥	2
廠	2
趴	2
勞	2
绽	2
蛛	2
丞	2
贬	2
谜	2
簿	2
煉	2
顏	2
擁	2
栖	2
傍	2
巅	2
純	2
摧	2
熏	2
亨	2
菱	2
築	2
牡	2
応	2
蹄	2
楽	2
襄	2
绞	2
糙	2
缕	2
腥	2
膳	2
厥	2
缚	2
訪	2
検	2
凄	2
昧	2
詳	2
乞	2
琐	2
吩	2
賞	2
耸	2
嫣	2
幣	2
肋	2
陡	2
慣	2
狸	2
淹	2
棄	2
窟	2
崛	2
礎	2
绎	2
佬	2
颊	2
炫	2
悍	2
恳	2
瘀	2
頻	2
涅	2
逮	2
毯	2
觸	2
僚	2
棺	2
醛	2
倘	2
莓	2
畔	2
睹	2
溺	2
荧	2
厲	2
疡	2
沛	2
篷	2
鍵	2
锂	2
蚊	2
藩	2
雍	2
汛	2
懵	2
盏	2
煩	2
妒	2
廳	2
嚼	2
苟	2
筷	2
蝴	2
濃	2
皂	2
翡	2
競	2
鬆	2
坟	2
昼	2
蛙	2
祠	2
閱	2
呐	2
怠	2
旷	2
柠	2
逍	2
糯	2
歹	2
哺	2
傾	2
琢	2
喧	2
豁	2
瞻	2
豐	2
卉	2
暇	2
徹	2
骆	2
績	2
搁	2
梧	2
拯	2
瞄	2
葵	2
榴	2
涤	2
蕉	2
沦	2
惫	2
価	2
檔	2
輯	2
嫉	2
葫	2
胱	2
瀑	2
捆	2
孵	2
裳	2
侃	2
槛	2
帜	2
/	2
拭	2
弈	2
瞭	2
沌	2
俘	2
聆	2
渲	2
淨	2
淤	2
苓	2
遏	2
赎	2
孢	2
侄	2
衙	2
掺	2
琉	2
屿	2
娥	2
绷	2
痹	2
騎	2
肇	2
庐	2
诠	2
夯	2
琅	2
苷	2
猶	2
檬	2
眶	2
詢	2
芹	2
萃	2
蚂	2
髮	2
饺	2
钝	2
叭	2
惶	2
耦	2
肛	2
锯	2
驼	2
熄	2
犀	2
溉	2
楷	2
嗅	2
腑	2
{	2
汹	2
碾	2
觅	2
枉	2
証	2
驿	2
汲	2
阱	2
眩	2
獻	2
麒	2
疤	2
颌	2
稣	2
瑕	2
钞	2
诧	2
芜	2
債	2
婢	2
臀	2
膚	2
檐	2
弛	2
筝	2
镶	2
馏	2
膛	2
芭	2
杞	2
暫	2
盔	2
譬	2
薩	2
僻	2
蜘	2
淌	2
苛	2
漱	2
疚	2
讳	2
璋	2
庇	2
働	2
婿	2
沂	2
奮	2
镖	2
姊	2
歼	2
厮	2
瀚	2
薦	2
堕	2
穹	2
绅	2
擴	2
朦	2
睫	2
拷	2
侮	2
鸽	2
唾	2
辕	2
荔	2
涕	2
帷	2
腌	2
墟	2
椰	2
诫	2
酪	2
澎	2
噩	2
禧	2
鞠	2
嗦	2
芍	2
蘑	2
汕	2
娩	2
処	2
崭	2
珀	2
睦	2
镑	2
瘋	2
狡	2
儘	2
蝇	2
済	2
譯	2
蝎	2
悸	2
砺	2
窒	2
袜	2
兀	2
肴	2
稼	2
罷	2
挛	2
勵	2
嘀	2
癫	2
瘫	2
彝	2
胧	2
嘗	2
蠕	2
茯	2
枸	2
漾	2
綜	2
飙	2
绚	2
効	2
鲤	2
柚	2
沮	2
谬	2
輛	2
驭	2
淆	2
盎	2
惰	2
珑	2
瘟	2
饪	2
阈	2
彷	2
烙	2
晌	2
虏	2
戮	2
覧	2
殆	2
痉	2
虔	2
徊	2
纂	2
秆	2
歴	2
茉	2
匕	2
轼	2
溝	2
駕	2
柑	2
咔	2
貸	2
徙	2
榄	2
羟	2
曳	2
瞩	2
璨	2
橄	2
阪	2
徘	2
擂	2
狩	2
蕃	2
咀	2
慷	2
湃	2
専	2
褶	2
宦	2
咙	2
哆	2
齡	2
惚	2
秸	2
韭	2
蔗	2
婪	2
腱	2
貿	2
傢	2
丐	2
璀	2
衅	2
曙	2
邃	2
傀	2
漪	2
疱	2
馒	2
囲	2
矶	2
鬟	2
蜕	2
焙	2
砥	2
労	2
廚	2
峙	2
咆	2
冗	2
憧	2
憬	2
炬	2
疵	2
涟	2
熹	2
憤	2
搐	2
殴	2
磋	2
斟	2
氓	2
懼	2
渾	2
亟	2
狙	2
唠	2
蝠	2
瑚	2
渤	2
谍	2
踊	2
睾	2
匮	2
貢	2
柬	2
疸	2
祯	2
険	2
淄	2
儡	2
惬	2
痊	2
徴	2
坷	2
栄	2
髦	2
谴	2
惭	2
駛	2
苇	2
漩	2
骷	2
潍	2
闆	2
耘	2
悯	2
趨	2
狞	2
隘	2
祉	2
択	2
抉	2
栀	2
缤	2
驟	2
邯	2
'	2
脅	2
捍	2
怅	2
聰	2
鹃	2
辗	2
訝	2
铠	2
诅	2
暧	2
螃	2
踐	2
屉	2
忑	2
琶	2
忐	2
疙	2
蝙	2
瘩	2
赂	2
帼	2
繫	2
诲	2
琵	2
酝	2
粱	2
袱	2
惦	2
楂	2
俨	2
葩	2
琥	2
礴	2
粽	2
坍	2
皙	2
鸳	2
惋	2
蔷	2
瞰	2
锵	2
嚓	2
狰	2
郸	2
缮	2
D	2
A	2
槃	2
彿	2
閲	2
猾	2
瘙	2
哽	2
蘋	2
羯	2
恙	2
嘈	2
鸯	2
蜒	2
浒	2
谧	2
铿	2
摒	2
龈	2
蜿	2
吒	2
娛	2
遴	2
妩	2
悴	2
豌	2
斓	2
嫦	2
憔	2
呻	2
嚏	2
莅	2
鹦	2
G	2
芎	2
忏	2
k	2
猕	2
锢	2
邂	2
惆	2
訟	2
鹉	2
逅	2
尷	2
咫	2
R	2
吴	1
哦	1
蛇	1
嗯	1
龍	1
贤	1
熱	1
雲	1
舟	1
陳	1
卢	1
霜	1
亭	1
冯	1
贾	1
卿	1
錢	1
號	1
蔡	1
苹	1
碧	1
蘇	1
爾	1
霞	1
矣	1
遂	1
鹿	1
藤	1
鼎	1
彭	1
帕	1
層	1
鹏	1
姚	1
麵	1
茂	1
潘	1
瑶	1
钙	1
贼	1
柯	1
寫	1
渣	1
韦	1
佐	1
宮	1
犬	1
薛	1
捏	1
硅	1
劍	1
砸	1
樓	1
桩	1
兹	1
踢	1
姬	1
崔	1
亞	1
苯	1
鹤	1
刮	1
鹰	1
聖	1
旭	1
栋	1
坝	1
暨	1
劉	1
砍	1
魚	1
\	1
島	1
詞	1
盡	1
歲	1
赐	1
斌	1
禮	1
氮	1
怡	1
蘭	1
楊	1
粥	1
樹	1
甩	1
萍	1
漢	1
尹	1
琪	1
寧	1
黨	1
壶	1
頂	1
饶	1
歪	1
拐	1
値	1
鐵	1
頁	1
酯	1
趙	1
貴	1
裴	1
娶	1
挨	1
縣	1
琼	1
谭	1
輪	1
暮	1
盤	1
違	1
蹲	1
詩	1
茨	1
彦	1
虞	1
矮	1
筆	1
亂	1
焉	1
哇	1
蜀	1
雁	1
側	1
祁	1
伞	1
賣	1
贞	1
陰	1
納	1
邵	1
棍	1
捡	1
俞	1
逗	1
烫	1
隱	1
阮	1
苑	1
哄	1
惡	1
遺	1
続	1
帧	1
豹	1
紙	1
堤	1
磊	1
舶	1
闸	1
棱	1
淑	1
灼	1
様	1
娟	1
楠	1
孫	1
虛	1
幹	1
軟	1
汝	1
睿	1
諸	1
歸	1
舱	1
煞	1
屯	1
禄	1
芸	1
鎮	1
哑	1
嘚	1
齊	1
窑	1
邱	1
彈	1
兜	1
彬	1
餘	1
禹	1
鑫	1
尉	1
屡	1
斋	1
倩	1
疮	1
圓	1
瑾	1
蕭	1
狄	1
滅	1
朕	1
咋	1
獎	1
獸	1
吳	1
閃	1
藍	1
唉	1
藉	1
戦	1
窦	1
苔	1
劈	1
栗	1
週	1
奕	1
妍	1
酥	1
砌	1
鲍	1
廖	1
淫	1
挠	1
読	1
審	1
碼	1
蓋	1
锌	1
禾	1
扛	1
岚	1
杖	1
冉	1
庫	1
哉	1
鳞	1
藻	1
揚	1
丨	1
閉	1
庚	1
鏡	1
霖	1
蚕	1
鄉	1
晏	1
哨	1
揽	1
焕	1
尧	1
戳	1
笛	1
婦	1
脈	1
梓	1
贱	1
脫	1
燒	1
図	1
喔	1
拢	1
栅	1
翘	1
隋	1
拂	1
蔚	1
皓	1
鄂	1
寇	1
魁	1
笙	1
聂	1
彤	1
闽	1
穗	1
伝	1
妾	1
邑	1
鋼	1
阎	1
奎	1
擺	1
琦	1
媛	1
縮	1
淳	1
诏	1
煙	1
郝	1
倚	1
蹦	1
榮	1
緣	1
裔	1
塵	1
嗜	1
捣	1
湯	1
雯	1
咏	1
診	1
蹭	1
拽	1
貼	1
憋	1
沖	1
祛	1
燈	1
掛	1
寅	1
槍	1
慶	1
茹	1
靶	1
沁	1
斧	1
絮	1
氟	1
酚	1
訂	1
倪	1
宸	1
邹	1
町	1
哟	1
雞	1
甄	1
徵	1
渝	1
肘	1
災	1
镀	1
喀	1
哗	1
磕	1
澤	1
県	1
俏	1
崎	1
厄	1
搓	1
朔	1
橋	1
迦	1
锚	1
丶	1
梵	1
樊	1
彪	1
奧	1
跡	1
瞥	1
萱	1
钧	1
戊	1
榆	1
芷	1
窜	1
桓	1
籽	1
稅	1
娅	1
込	1
鳳	1
驴	1
囚	1
z	1
俺	1
巍	1
曉	1
儀	1
誠	1
嘎	1
拧	1
嘶	1
铲	1
諾	1
鳥	1
増	1
莊	1
窍	1
稠	1
梢	1
琛	1
斐	1
炖	1
跋	1
笋	1
亢	1
碟	1
廢	1
渺	1
顆	1
簇	1
飾	1
瘾	1
墩	1
邢	1
眷	1
鄭	1
抿	1
茵	1
韶	1
呃	1
掐	1
禀	1
広	1
貝	1
怯	1
荫	1
煜	1
凛	1
茜	1
註	1
蕊	1
嗣	1
馅	1
碘	1
貓	1
観	1
殘	1
汐	1
孜	1
炙	1
収	1
哩	1
轧	1
莽	1
庶	1
倫	1
蝉	1
凿	1
扒	1
骼	1
赣	1
窥	1
夥	1
掃	1
靡	1
寬	1
猿	1
槐	1
镁	1
揣	1
軸	1
拙	1
晖	1
竿	1
骏	1
烏	1
涼	1
魯	1
鎖	1
汀	1
戎	1
垦	1
橫	1
哒	1
唔	1
誌	1
佈	1
卤	1
趾	1
掷	1
鞍	1
阜	1
腸	1
坯	1
転	1
簽	1
曜	1
肽	1
嚇	1
吱	1
搶	1
黔	1
皺	1
喬	1
鬧	1
徑	1
牆	1
剿	1
壯	1
攒	1
垮	1
舜	1
搂	1
炳	1
淚	1
岑	1
冊	1
恕	1
榨	1
勁	1
壹	1
龚	1
憑	1
覚	1
潔	1
叩	1
拎	1
鍋	1
K	1
钳	1
笃	1
秃	1
舔	1
遲	1
靴	1
溅	1
歯	1
偉	1
軒	1
閣	1
蓮	1
骇	1
屎	1
恤	1
騰	1
鋒	1
堰	1
粟	1
録	1
奪	1
砚	1
妳	1
遁	1
垢	1
婶	1
烨	1
帳	1
潤	1
夾	1
愕	1
孽	1
胤	1
滾	1
渭	1
钰	1
扳	1
屍	1
筱	1
啼	1
襟	1
庵	1
漲	1
儲	1
秤	1
嬉	1
檀	1
乍	1
岐	1
渍	1
晦	1
擒	1
傑	1
饵	1
牟	1
釉	1
璐	1
襲	1
蟲	1
呗	1
荀	1
権	1
桔	1
聋	1
瞅	1
蔑	1
夭	1
卯	1
匯	1
揪	1
玥	1
轟	1
晾	1
鳴	1
脐	1
嗤	1
辭	1
豬	1
劑	1
撩	1
懿	1
莺	1
岔	1
児	1
噗	1
潛	1
痫	1
芋	1
戀	1
榻	1
诛	1
羲	1
幢	1
雏	1
擋	1
躍	1
骁	1
嘘	1
丟	1
佔	1
垣	1
鞘	1
洼	1
靳	1
輝	1
蹙	1
憂	1
炽	1
繞	1
滇	1
啃	1
敖	1
褪	1
罵	1
幂	1
売	1
钛	1
篆	1
熠	1
蒼	1
臻	1
噢	1
陇	1
錦	1
凋	1
妞	1
烃	1
総	1
喵	1
颐	1
茸	1
覽	1
淺	1
铮	1
腮	1
犁	1
滕	1
芥	1
璧	1
壽	1
歳	1
羁	1
霧	1
遞	1
噴	1
璇	1
豚	1
猩	1
菁	1
皖	1
償	1
绥	1
賀	1
罰	1
铬	1
昕	1
靓	1
輔	1
悪	1
壬	1
晟	1
恪	1
绊	1
埠	1
睐	1
挟	1
艦	1
绰	1
萊	1
慘	1
衆	1
秧	1
貧	1
磺	1
謀	1
揍	1
薬	1
赦	1
缪	1
晉	1
赘	1
峨	1
満	1
唑	1
巳	1
麥	1
擬	1
屆	1
楓	1
酉	1
紋	1
毀	1
嗨	1
芊	1
鍾	1
鲸	1
嚎	1
縱	1
锰	1
谏	1
贏	1
騙	1
藕	1
団	1
倉	1
恬	1
褚	1
镍	1
蹬	1
戌	1
札	1
麓	1
踝	1
陨	1
賓	1
橱	1
锣	1
羌	1
纔	1
茬	1
韻	1
鏈	1
漳	1
毙	1
悼	1
冕	1
蛟	1
扼	1
憨	1
阙	1
谕	1
鹽	1
賢	1
嵩	1
銅	1
嬌	1
蛊	1
拣	1
淬	1
圧	1
淼	1
淵	1
擾	1
茗	1
圭	1
凱	1
蜗	1
伶	1
汞	1
撮	1
癸	1
爐	1
貫	1
獄	1
霾	1
礁	1
楞	1
翟	1
珂	1
绮	1
斬	1
銘	1
帥	1
娴	1
辊	1
(	1
薑	1
刁	1
闵	1
踹	1
奚	1
叽	1
祺	1
妓	1
戟	1
託	1
嘆	1
辙	1
譜	1
蛾	1
峭	1
眺	1
撐	1
賴	1
崽	1
嫡	1
遷	1
飄	1
闫	1
呦	1
牽	1
翎	1
匡	1
阑	1
窘	1
爛	1
唧	1
醚	1
膽	1
咦	1
玖	1
併	1
猝	1
玺	1
昇	1
榕	1
歩	1
褒	1
賦	1
鋪	1
弩	1
呂	1
驯	1
筐	1
岡	1
憎	1
飽	1
塾	1
蟒	1
痢	1
腫	1
礦	1
毎	1
娄	1
骸	1
倆	1
膠	1
閒	1
彎	1
孰	1
坂	1
顫	1
颓	1
秽	1
祂	1
喪	1
臟	1
摹	1
爻	1
绯	1
腋	1
賺	1
苞	1
噜	1
讚	1
濕	1
濒	1
茧	1
嗷	1
両	1
彆	1
撲	1
頃	1
佟	1
姝	1
泸	1
絵	1
窮	1
誕	1
悅	1
惮	1
邸	1
蘸	1
懸	1
遙	1
糜	1
刨	1
礙	1
汾	1
乗	1
霓	1
篱	1
駐	1
狈	1
纶	1
迴	1
煲	1
姗	1
逞	1
瑤	1
塗	1
迸	1
冽	1
涝	1
毗	1
铵	1
炊	1
窖	1
喽	1
蕩	1
箍	1
悶	1
羹	1
寵	1
觑	1
捅	1
悖	1
蹤	1
鹊	1
晗	1
掰	1
壇	1
缉	1
舵	1
淩	1
剃	1
齒	1
筠	1
縫	1
糧	1
瑪	1
蠻	1
頗	1
恺	1
鉄	1
匣	1
樟	1
攥	1
吭	1
釜	1
昱	1
鲨	1
歎	1
翌	1
佚	1
谛	1
璟	1
韬	1
禦	1
薰	1
汶	1
隅	1
辫	1
龐	1
咎	1
倔	1
蛤	1
盧	1
讥	1
餅	1
侥	1
幺	1
佼	1
缭	1
戸	1
皿	1
鸾	1
懦	1
睜	1
辺	1
吝	1
寐	1
铣	1
郵	1
憲	1
懊	1
誘	1
泾	1
痔	1
営	1
扉	1
涧	1
脳	1
钗	1
仄	1
婧	1
帛	1
毓	1
柒	1
鑽	1
賠	1
沅	1
悚	1
驅	1
裘	1
峪	1
喚	1
圃	1
繪	1
珩	1
販	1
萤	1
桀	1
曆	1
痪	1
廿	1
赃	1
櫃	1
捨	1
膈	1
鴻	1
芪	1
峥	1
枭	1
虧	1
炯	1
攘	1
槟	1
氰	1
砾	1
籠	1
軌	1
獵	1
贈	1
烽	1
溴	1
肅	1
桦	1
髋	1
矜	1
辄	1
賊	1
袅	1
厭	1
翊	1
欄	1
屹	1
撫	1
煽	1
熵	1
廟	1
笠	1
稷	1
孚	1
鈴	1
酋	1
醬	1
胥	1
憩	1
泗	1
嬴	1
炕	1
啰	1
硼	1
呛	1
罡	1
鸢	1
勸	1
煦	1
帯	1
钊	1
镯	1
涎	1
钵	1
覃	1
蓦	1
捻	1
喳	1
湧	1
啶	1
篡	1
鳄	1
鑑	1
祟	1
訳	1
絶	1
囤	1
憐	1
桨	1
銳	1
忱	1
镰	1
鸥	1
沽	1
荟	1
恆	1
蒿	1
謹	1
绛	1
蔣	1
貂	1
铂	1
潼	1
懶	1
瑛	1
皋	1
籃	1
诶	1
箫	1
瞿	1
恃	1
従	1
脯	1
惱	1
嬰	1
癖	1
绢	1
嗖	1
荼	1
匾	1
豈	1
邁	1
倭	1
鬱	1
寰	1
C	1
娓	1
帰	1
豊	1
萦	1
彌	1
糾	1
酣	1
褥	1
锄	1
晤	1
紐	1
盜	1
腎	1
铰	1
蚌	1
岱	1
馮	1
巻	1
禍	1
撬	1
皎	1
焱	1
贊	1
诬	1
撥	1
弼	1
祐	1
唬	1
硒	1
冢	1
剁	1
诣	1
睑	1
賈	1
貪	1
烬	1
譽	1
昵	1
怂	1
缎	1
濡	1
摂	1
遐	1
鴦	1
嗒	1
辯	1
纖	1
擠	1
匝	1
纏	1
迂	1
楔	1
攔	1
捶	1
凍	1
瓢	1
暢	1
讪	1
攸	1
倏	1
鹭	1
霎	1
噶	1
鳍	1
殉	1
俐	1
V	1
鬓	1
漉	1
螂	1
臥	1
籌	1
衢	1
惺	1
抠	1
唆	1
賭	1
奄	1
卽	1
髅	1
飼	1
绾	1
棣	1
殡	1
掖	1
戾	1
痞	1
壑	1
齢	1
誇	1
怼	1
昀	1
竺	1
軽	1
谚	1
粑	1
拋	1
宕	1
搀	1
綿	1
頸	1
簪	1
漁	1
磐	1
胫	1
鸠	1
閑	1
櫻	1
驹	1
笺	1
湊	1
嗔	1
粕	1
戍	1
浚	1
暈	1
掙	1
瘘	1
嘅	1
馋	1
暄	1
葆	1
濮	1
鷹	1
癣	1
俑	1
玮	1
髙	1
拚	1
毡	1
铎	1
渎	1
穀	1
敕	1
叢	1
噓	1
褲	1
吡	1
拴	1
妝	1
殇	1
珞	1
攤	1
繳	1
莘	1
E	1
簸	1
碩	1
咄	1
霏	1
哧	1
潺	1
璞	1
炜	1
辍	1
忡	1
跷	1
賜	1
臧	1
謙	1
拮	1
幡	1
疟	1
賬	1
餓	1
糠	1
琰	1
獅	1
雑	1
継	1
槿	1
苒	1
涓	1
椿	1
崗	1
歆	1
峦	1
鄰	1
锭	1
焯	1
臼	1
挙	1
蹊	1
眞	1
軀	1
啄	1
夙	1
嫔	1
迥	1
芮	1
呱	1
鍛	1
痣	1
黒	1
蘿	1
猥	1
鳌	1
戛	1
绫	1
蔼	1
潰	1
顔	1
飒	1
瀛	1
霁	1
肱	1
枳	1
箔	1
桁	1
焖	1
跺	1
蜷	1
鳖	1
赡	1
缨	1
弁	1
蝦	1
盂	1
窩	1
嗬	1
鶴	1
濤	1
麾	1
砷	1
偵	1
殼	1
泓	1
燎	1
旳	1
扈	1
斛	1
桿	1
仮	1
谤	1
踉	1
佃	1
螨	1
疝	1
浜	1
蔻	1
踵	1
跤	1
痿	1
猖	1
慵	1
殃	1
蟾	1
拗	1
潢	1
侗	1
抜	1
羔	1
敘	1
瘪	1
珏	1
駅	1
婕	1
詭	1
澹	1
诃	1
疊	1
撸	1
兇	1
T	1
N	1
呸	1
唰	1
蝗	1
泠	1
婵	1
嗪	1
沓	1
綁	1
僕	1
溥	1
薏	1
垛	1
捺	1
頼	1
羣	1
忿	1
馀	1
蚝	1
鲫	1
腓	1
噎	1
艱	1
妤	1
偃	1
浣	1
阖	1
囔	1
喋	1
骶	1
丕	1
迢	1
铛	1
壕	1
彙	1
漿	1
圩	1
偽	1
邏	1
茲	1
樵	1
钴	1
伎	1
疽	1
綱	1
貞	1
瑙	1
攜	1
遛	1
俠	1
偕	1
俸	1
撃	1
龜	1
嘭	1
塩	1
呤	1
捋	1
瞟	1
闊	1
媲	1
栾	1
饷	1
贻	1
恣	1
湍	1
羧	1
繩	1
穎	1
榔	1
啮	1
甥	1
霹	1
戻	1
拡	1
叼	1
瀾	1
膺	1
嗚	1
踞	1
棟	1
茱	1
胭	1
莆	1
臓	1
饒	1
臆	1
剤	1
蔺	1
鍊	1
蛰	1
黝	1
骋	1
蜥	1
刪	1
纣	1
隽	1
闰	1
耙	1
蓓	1
俟	1
瓮	1
脘	1
蚓	1
蟠	1
孺	1
拈	1
剌	1
铀	1
鵬	1
谟	1
灑	1
麝	1
萼	1
羚	1
禪	1
禺	1
脹	1
沢	1
跄	1
眈	1
頑	1
吆	1
荤	1
羿	1
淅	1
蕙	1
扱	1
诽	1
緻	1
勻	1
俾	1
偌	1
萸	1
驕	1
溟	1
闖	1
髻	1
罹	1
叱	1
旌	1
姣	1
粼	1
啓	1
矾	1
贰	1
蝕	1
捲	1
繰	1
涣	1
桢	1
谒	1
彥	1
芩	1
紮	1
噔	1
嶺	1
楹	1
亘	1
幌	1
昙	1
颔	1
揖	1
馍	1
磚	1
鄧	1
卞	1
汴	1
茁	1
讷	1
骥	1
忻	1
凈	1
傣	1
鴨	1
晔	1
劾	1
抨	1
枷	1
忒	1
矗	1
擀	1
痈	1
甬	1
杵	1
漕	1
踱	1
轶	1
洵	1
焼	1
亵	1
徳	1
閥	1
弋	1
紗	1
帚	1
膩	1
瀏	1
蘊	1
镂	1
嵘	1
跻	1
韋	1
鳗	1
錫	1
蜻	1
褂	1
馥	1
啬	1
犊	1
桡	1
吮	1
摁	1
嫖	1
聿	1
唏	1
睬	1
袄	1
缈	1
羨	1
M	1
蟆	1
偎	1
酐	1
熨	1
粳	1
諷	1
胯	1
湮	1
陂	1
翱	1
痂	1
掲	1
敝	1
筵	1
釣	1
艮	1
嵐	1
钨	1
讹	1
蜓	1
蛀	1
駁	1
箕	1
諧	1
詐	1
濾	1
雹	1
忖	1
瘠	1
鑄	1
坨	1
肮	1
渚	1
谙	1
嘌	1
鲲	1
掂	1
炔	1
巔	1
叟	1
囱	1
筏	1
[	1
雳	1
墜	1
吠	1
籁	1
弑	1
毂	1
挝	1
仏	1
荚	1
泯	1
惘	1
鉛	1
晁	1
噼	1
嘯	1
綫	1
蔵	1
牠	1
娲	1
啾	1
蓁	1
穫	1
赈	1
娆	1
窿	1
訣	1
曬	1
