的	701
一	458
不	372
人	279
是	277
了	253
大	248
有	237
在	189
会	178
生	172
发	172
上	171
中	170
业	161
个	153
出	153
为	149
这	149
来	146
国	140
家	136
多	133
年	128
要	127
地	126
我	126
下	125
子	124
行	123
能	123
时	122
理	121
新	120
到	118
用	116
成	114
可	113
公	113
学	113
工	113
好	113
面	111
力	111
实	109
心	109
分	108
以	108
开	108
化	107
主	107
自	107
产	105
动	104
事	101
体	101
合	101
方	100
作	99
市	99
小	97
全	97
得	97
本	96
高	96
意	95
经	95
定	94
重	93
就	93
于	92
长	92
部	91
前	85
看	85
法	84
对	83
电	83
情	83
点	80
过	80
展	80
现	79
度	78
机	78
性	78
 	78
也	78
场	78
说	77
同	77
水	77
文	76
入	76
关	75
进	75
之	75
最	74
务	74
道	74
建	73
所	73
们	73
车	72
手	72
三	72
资	72
民	72
都	72
着	72
区	71
天	71
期	70
品	70
很	70
加	68
信	68
相	68
物	68
外	67
名	66
明	66
商	66
管	66
他	66
十	66
日	65
内	65
通	65
安	65
起	65
么	65
网	64
保	64
后	64
身	64
者	63
量	63
代	62
位	61
想	61
制	60
美	60
提	58
第	58
报	58
知	58
程	57
服	57
利	57
间	56
交	56
常	56
里	56
如	55
金	55
你	55
当	54
无	54
特	54
科	54
基	54
感	54
应	53
海	53
打	53
员	52
任	52
总	52
还	52
目	51
次	51
其	51
创	51
比	51
头	51
种	51
流	51
质	51
回	50
更	50
传	50
路	50
平	50
然	50
游	50
教	50
设	49
没	49
政	49
气	49
表	48
线	48
解	48
活	48
去	48
数	47
色	47
等	47
西	47
样	47
记	46
造	46
做	46
战	46
委	46
口	45
收	45
城	45
两	45
技	45
强	45
各	45
万	44
二	44
原	44
社	44
老	44
深	44
式	43
标	43
此	43
和	43
正	43
南	43
门	43
导	43
院	43
几	43
果	42
接	42
专	42
价	41
放	41
省	41
局	41
书	41
受	41
营	41
党	41
件	40
查	40
源	40
处	40
项	40
因	40
持	40
规	40
立	40
单	39
容	39
组	39
级	39
州	39
问	39
东	39
职	39
风	39
示	38
注	38
影	38
少	38
真	38
见	38
运	38
只	38
那	38
领	38
精	38
户	37
值	37
题	37
格	37
权	37
转	37
节	37
视	37
山	37
步	37
房	37
师	37
已	36
结	36
计	36
集	36
共	36
直	36
变	36
术	36
什	36
股	36
爱	36
月	35
息	35
使	35
完	35
联	35
话	35
效	35
向	35
投	35
清	35
供	35
推	35
给	35
尔	35
太	35
花	35
越	35
被	35
增	34
近	34
首	34
治	34
光	34
极	34
办	34
研	34
育	34
白	34
型	33
系	33
条	33
女	33
整	33
而	33
案	33
形	33
企	33
友	33
装	33
快	33
观	33
眼	33
取	32
改	32
认	32
选	32
将	32
从	32
调	32
台	32
复	32
先	32
指	32
司	32
每	32
华	32
世	32
士	32
助	32
百	32
护	32
字	31
元	31
器	31
周	31
布	31
告	31
客	31
反	31
议	31
界	31
干	31
病	31
热	31
较	31
积	31
证	30
空	30
支	30
微	30
四	30
具	30
达	30
约	30
让	30
儿	30
势	30
医	30
斯	30
料	29
北	29
统	29
备	29
需	29
款	29
星	29
考	29
思	29
率	29
己	29
赛	29
带	29
农	29
落	29
图	28
态	28
别	28
非	28
站	28
及	28
村	28
境	28
马	28
克	28
据	27
存	27
限	27
听	27
命	27
配	27
江	27
责	27
引	27
但	27
球	27
队	27
易	27
些	27
济	27
低	27
防	27
戏	27
升	27
住	27
副	27
失	26
类	26
求	26
列	26
消	26
必	26
并	26
评	26
算	26
声	26
素	26
五	26
该	26
言	26
费	26
广	26
历	26
环	26
何	26
军	26
养	26
致	26
奇	26
千	26
切	26
除	25
修	25
称	25
模	25
至	25
排	25
论	25
构	25
阳	25
再	25
销	25
团	25
才	25
校	25
准	25
演	25
始	24
未	24
笑	24
监	24
角	24
包	24
店	24
控	24
优	24
预	24
走	24
神	24
望	24
油	24
边	24
往	24
际	24
留	24
层	24
巴	24
置	23
确	23
片	23
试	23
击	23
义	23
初	23
景	23
牌	23
施	23
照	23
满	23
识	23
足	23
细	23
协	23
适	23
习	23
乐	23
决	23
欢	23
半	23
请	22
功	22
号	22
参	22
今	22
送	22
段	22
象	22
京	22
显	22
额	22
断	22
购	22
难	22
觉	22
园	22
兴	22
充	22
举	22
批	22
玩	22
坚	22
喜	22
仅	22
季	22
久	22
众	22
随	22
益	22
县	21
或	21
音	21
属	21
火	21
速	21
停	21
检	21
把	21
究	21
便	21
响	21
融	21
离	21
味	21
念	21
紧	21
候	21
石	21
健	21
博	21
亲	21
严	21
根	21
例	20
验	20
连	20
黑	20
像	20
拉	20
语	20
执	20
况	20
怎	20
宝	20
血	20
域	20
早	20
负	20
争	20
察	20
富	20
卫	20
纪	20
红	20
害	20
亚	20
编	19
获	19
章	19
由	19
份	19
介	19
货	19
您	19
板	19
简	19
吃	19
孩	19
旅	19
材	19
官	19
底	19
彩	19
温	19
剧	19
抗	19
财	19
班	19
楼	19
居	19
招	19
独	19
密	18
与	18
男	18
核	18
土	18
余	18
远	18
钱	18
售	18
群	18
采	18
艺	18
假	18
谈	18
晚	18
航	18
压	18
范	18
德	18
林	18
龙	18
换	17
超	17
米	17
志	17
私	17
王	17
康	17
续	17
食	17
许	17
围	17
降	17
纳	17
哪	17
青	17
维	17
奖	17
又	17
画	16
写	16
端	16
测	16
英	16
税	16
张	16
找	16
府	16
河	16
古	16
药	16
均	16
智	16
乡	16
略	16
冷	16
福	16
室	16
承	16
届	16
诉	16
刻	16
會	16
史	16
來	16
律	16
免	16
救	16
疑	16
奥	16
输	15
族	15
审	15
播	15
哈	15
划	15
双	15
终	15
媒	15
宁	15
课	15
急	15
警	15
餐	15
愿	15
贫	15
够	15
兰	15
印	15
固	15
访	15
呼	15
录	14
载	14
登	14
错	14
述	14
状	14
则	14
止	14
即	14
她	14
镇	14
互	14
酒	14
讲	14
疗	14
春	14
湖	14
夜	14
短	14
故	14
减	14
普	14
亮	14
依	14
静	14
個	14
征	14
吸	14
缺	14
攻	14
净	14
典	14
织	14
宣	14
突	14
驾	14
序	13
退	13
移	13
键	13
异	13
票	13
汽	13
跟	13
策	13
死	13
买	13
六	13
险	13
八	13
某	13
占	13
差	13
朋	13
革	13
破	13
轻	13
座	13
稳	13
贵	13
背	13
良	13
疫	13
毒	13
乎	13
借	13
迷	13
答	13
激	13
趣	13
伴	13
伙	13
九	13
卖	13
贸	13
毛	13
厚	13
阿	13
码	12
否	12
時	12
版	12
索	12
读	12
签	12
链	12
启	12
隐	12
享	12
待	12
卡	12
闻	12
著	12
综	12
七	12
树	12
伤	12
沙	12
善	12
套	12
轮	12
穿	12
补	12
督	12
追	12
威	12
另	12
困	12
架	12
绝	12
散	12
探	12
洗	12
临	12
似	12
丰	12
竞	12
迎	12
聚	12
损	12
违	12
帮	12
拿	12
绿	12
盛	12
脸	12
脱	12
恶	12
句	12
冠	12
判	12
扫	12
页	11
午	11
付	11
默	11
木	11
動	11
它	11
希	11
银	11
香	11
盘	11
培	11
武	11
筑	11
這	11
厂	11
灵	11
歌	11
妈	11
馆	11
顺	11
尼	11
丽	11
遇	11
词	11
封	11
丝	11
担	11
劳	11
盟	11
折	11
怀	11
染	11
鲜	11
概	11
幅	11
赞	11
幕	11
業	11
遗	11
云	11
顶	11
抓	11
烟	11
皇	11
席	11
網	11
誉	11
毫	11
魔	11
误	10
符	10
库	10
亿	10
频	10
络	10
钟	10
含	10
飞	10
為	10
训	10
杀	10
港	10
阶	10
钢	10
令	10
尽	10
母	10
衣	10
粉	10
苦	10
幸	10
礼	10
過	10
避	10
仍	10
庆	10
怕	10
谢	10
盖	10
射	10
露	10
斗	10
學	10
毕	10
巨	10
矿	10
症	10
扬	10
延	10
侧	10
淡	10
洁	10
览	10
筹	10
秘	10
诊	10
現	10
倒	10
守	10
哥	10
托	10
爆	10
電	10
授	10
询	9
操	9
订	9
按	9
详	9
箱	9
搜	9
却	9
黄	9
般	9
曾	9
菜	9
跑	9
波	9
础	9
兵	9
草	9
申	9
田	9
患	9
胜	9
梦	9
朝	9
夫	9
挥	9
佛	9
零	9
於	9
篇	9
岛	9
床	9
欧	9
荣	9
汇	9
扩	9
偏	9
墙	9
讯	9
婚	9
惠	9
洋	9
宜	9
润	9
慢	9
透	9
宽	9
顾	9
累	9
污	9
租	9
惊	9
涨	9
饰	9
阵	9
饮	9
暖	9
废	9
旗	9
隔	9
經	9
務	9
實	9
途	9
烈	9
刑	9
關	9
闪	9
奋	9
储	9
缩	9
侵	9
派	9
坐	9
酸	9
块	9
既	9
脑	9
沉	9
仪	9
迫	9
冰	9
拜	9
档	9
浓	9
返	8
择	8
账	8
開	8
若	8
叫	8
障	8
皮	8
绍	8
肉	8
汉	8
刚	8
靠	8
永	8
冲	8
苏	8
央	8
父	8
堂	8
街	8
童	8
阅	8
娱	8
宫	8
绩	8
野	8
硬	8
厅	8
练	8
弱	8
掌	8
贴	8
挂	8
尚	8
饭	8
庄	8
發	8
國	8
予	8
币	8
距	8
竟	8
冬	8
抽	8
醒	8
弟	8
触	8
聘	8
豆	8
暴	8
豪	8
赢	8
跨	8
資	8
爸	8
抱	8
浪	8
麻	8
衡	8
奶	8
灾	8
赶	8
肥	8
姐	8
债	8
震	8
權	8
廉	8
俗	8
忘	8
妇	8
缓	8
孕	8
漫	8
裁	8
燃	8
牢	8
爷	8
抵	8
宾	8
迹	8
貌	8
归	8
甲	8
當	8
巧	8
附	8
摄	8
朗	8
員	8
伊	8
鲁	8
泽	8
腐	8
乌	8
址	7
藏	7
束	7
邮	7
右	7
雅	7
左	7
岁	7
陆	7
析	7
吧	7
继	7
茶	7
庭	7
叶	7
促	7
雨	7
船	7
峰	7
曲	7
脚	7
夏	7
笔	7
虑	7
圈	7
诗	7
齐	7
骨	7
纸	7
践	7
旧	7
券	7
贷	7
召	7
秋	7
液	7
献	7
肤	7
逐	7
舞	7
剂	7
涉	7
械	7
末	7
纯	7
唱	7
洲	7
抢	7
植	7
忙	7
估	7
弹	7
泉	7
趋	7
禁	7
扶	7
危	7
珠	7
熟	7
杂	7
遍	7
搭	7
振	7
敬	7
纷	7
弃	7
湿	7
娘	7
驶	7
殖	7
榜	7
繁	7
潜	7
贯	7
骗	7
巡	7
悠	7
剩	7
揭	7
谷	7
凡	7
迪	7
耳	7
混	7
缘	7
徒	7
诸	7
澳	7
摇	7
氧	7
狐	7
叹	7
滋	7
莫	7
败	6
添	6
間	6
软	6
後	6
且	6
括	6
甚	6
拥	6
對	6
铁	6
谁	6
雪	6
拍	6
措	6
针	6
松	6
唐	6
灯	6
吉	6
圣	6
們	6
佳	6
卷	6
伟	6
阴	6
尤	6
肯	6
握	6
圆	6
晓	6
疾	6
讨	6
俄	6
怪	6
並	6
虚	6
潮	6
烧	6
池	6
窗	6
犯	6
惯	6
休	6
滑	6
勇	6
敢	6
寻	6
覆	6
逃	6
坏	6
乘	6
刺	6
屏	6
顿	6
亡	6
邀	6
兼	6
勤	6
残	6
映	6
截	6
跌	6
壁	6
磨	6
诚	6
恋	6
懂	6
谓	6
敏	6
晨	6
胸	6
拼	6
妙	6
聊	6
悉	6
麼	6
凭	6
舒	6
涂	6
迁	6
沿	6
塑	6
替	6
忍	6
耗	6
霸	6
刊	6
脉	6
桌	6
纠	6
滚	6
悲	6
冒	6
妹	6
畅	6
纵	6
夺	6
忽	6
薪	6
恐	6
嫌	6
援	6
耀	6
阻	6
轨	6
幻	6
捕	6
坦	6
滨	6
費	6
迟	6
绘	6
結	6
扰	6
契	6
募	6
確	6
陈	6
宗	6
糖	6
鸟	6
津	6
摩	6
辈	6
悟	6
倡	6
辖	6
規	6
淀	6
菲	6
，	5
辑	5
描	5
闭	5
記	5
径	5
填	5
释	5
宋	5
計	5
話	5
雷	5
李	5
罗	5
刘	5
须	5
掉	5
說	5
桥	5
秀	5
泰	5
乱	5
喝	5
蓝	5
痛	5
辆	5
川	5
咨	5
鸡	5
跳	5
虎	5
暗	5
睡	5
罪	5
挑	5
帝	5
渐	5
長	5
屋	5
炎	5
湾	5
讓	5
還	5
励	5
牙	5
腿	5
岗	5
伍	5
孔	5
董	5
泡	5
內	5
嘴	5
贝	5
搞	5
泛	5
署	5
蛋	5
乏	5
戴	5
煤	5
猫	5
唯	5
尊	5
甜	5
垃	5
圾	5
拟	5
焦	5
體	5
宏	5
機	5
驻	5
旁	5
彻	5
仓	5
乳	5
岸	5
谋	5
灭	5
腾	5
柜	5
舍	5
尘	5
拒	5
裡	5
柔	5
幼	5
锁	5
扎	5
碎	5
袋	5
锋	5
壮	5
尖	5
漏	5
循	5
菌	5
胃	5
辅	5
递	5
胎	5
陪	5
寿	5
奔	5
猛	5
纹	5
忆	5
桃	5
棋	5
逆	5
炼	5
籍	5
牧	5
辛	5
堆	5
伏	5
宿	5
赏	5
裂	5
倾	5
梯	5
孤	5
祝	5
晶	5
赔	5
偿	5
脂	5
罚	5
碍	5
沃	5
崇	5
暂	5
跃	5
搬	5
婆	5
鉴	5
變	5
脏	5
穷	5
漂	5
癌	5
蜜	5
牵	5
陷	5
樣	5
偶	5
昆	5
袭	5
捐	5
艰	5
悬	5
產	5
葡	5
盗	5
婴	5
導	5
纽	5
扮	5
設	5
抑	5
硕	5
郁	5
辩	5
邻	5
役	5
阔	5
創	5
诱	5
惑	5
颈	5
侦	5
恰	5
醫	5
勃	5
茫	5
孙	5
恩	5
嘉	5
森	5
洛	5
請	5
伦	5
莱	5
龄	5
桂	5
凝	5
赖	5
俱	5
喻	5
々	5
删	4
無	4
册	4
姓	4
場	4
報	4
見	4
稍	4
虽	4
鱼	4
努	4
玉	4
牛	4
荐	4
胡	4
圳	4
瑞	4
梅	4
翻	4
仙	4
寒	4
丹	4
迅	4
宇	4
狗	4
洞	4
殊	4
杯	4
蒙	4
祖	4
點	4
雄	4
猪	4
昌	4
绕	4
隆	4
胶	4
郑	4
浙	4
楚	4
拓	4
兄	4
區	4
耐	4
應	4
胞	4
摆	4
麦	4
镜	4
凌	4
進	4
灰	4
铺	4
甘	4
瓶	4
昨	4
浮	4
呈	4
绪	4
帅	4
履	4
闲	4
扣	4
赴	4
遭	4
萨	4
泥	4
颜	4
晋	4
骑	4
滴	4
瓜	4
肠	4
珍	4
種	4
仿	4
妻	4
伸	4
汗	4
旺	4
摸	4
厦	4
踏	4
斑	4
師	4
杆	4
殿	4
毁	4
馈	4
欣	4
烦	4
肺	4
摘	4
挡	4
淘	4
炸	4
迈	4
厉	4
坊	4
辣	4
泪	4
疏	4
掘	4
雕	4
缝	4
荷	4
捷	4
堡	4
疼	4
栏	4
遵	4
碳	4
携	4
別	4
乙	4
旋	4
惜	4
抬	4
樂	4
诞	4
兒	4
篮	4
肃	4
姿	4
抚	4
瓷	4
涵	4
碑	4
淮	4
旨	4
踪	4
渔	4
愈	4
叔	4
義	4
貸	4
涌	4
論	4
萄	4
忧	4
辦	4
妆	4
扭	4
呵	4
遥	4
許	4
仇	4
割	4
認	4
舰	4
颇	4
饱	4
狠	4
統	4
慎	4
颁	4
浴	4
赋	4
押	4
妥	4
耕	4
辨	4
慰	4
朵	4
蓄	4
枢	4
廷	4
悄	4
涯	4
矩	4
犹	4
奠	4
據	4
欺	4
躺	4
阐	4
續	4
註	4
冊	4
識	4
腺	4
夕	4
绑	4
唤	4
蕴	4
畜	4
態	4
叙	4
參	4
峡	4
酿	4
適	4
奢	4
錄	4
勘	4
贿	4
險	4
隶	4
韩	4
秦	4
紫	4
刷	4
墨	4
杜	4
锦	4
姆	4
胆	4
拔	4
渡	4
翼	4
羽	4
匹	4
卵	4
芝	4
浸	4
颖	4
催	4
臺	4
隱	4
氨	4
埔	4
函	3
秒	3
串	3
稿	3
番	3
連	3
倍	3
呢	3
吗	3
杨	3
慧	3
塔	3
將	3
丁	3
尾	3
渠	3
坛	3
恢	3
贡	3
沒	3
挺	3
旦	3
诺	3
鼓	3
杭	3
羊	3
欲	3
瓦	3
塞	3
睛	3
横	3
狂	3
膜	3
苗	3
忠	3
锅	3
璃	3
吨	3
辉	3
插	3
恒	3
粮	3
薄	3
曼	3
哭	3
凤	3
劲	3
敌	3
寺	3
邦	3
魂	3
荒	3
兩	3
處	3
蔬	3
炒	3
尝	3
腹	3
晰	3
枝	3
拖	3
宅	3
偷	3
熊	3
赁	3
氛	3
兽	3
坡	3
撞	3
咖	3
肩	3
眉	3
拆	3
傳	3
湘	3
悦	3
拳	3
肝	3
該	3
風	3
姑	3
戒	3
吐	3
徽	3
玛	3
乔	3
陕	3
瞬	3
碰	3
題	3
炉	3
寄	3
辞	3
恨	3
肌	3
盈	3
锻	3
挖	3
逻	3
總	3
啥	3
弯	3
驱	3
粒	3
辰	3
艳	3
彼	3
擦	3
厨	3
允	3
缴	3
卓	3
帶	3
钻	3
惩	3
壳	3
乃	3
運	3
佩	3
谱	3
灣	3
荡	3
幾	3
磁	3
則	3
冻	3
欠	3
浦	3
魅	3
專	3
稀	3
堵	3
奏	3
亏	3
胖	3
韵	3
披	3
尺	3
寸	3
颗	3
耶	3
蒸	3
單	3
滿	3
猜	3
浆	3
埃	3
赌	3
聲	3
質	3
寨	3
桶	3
撤	3
毅	3
沪	3
御	3
寓	3
視	3
眠	3
炭	3
黎	3
虹	3
證	3
浏	3
丢	3
辽	3
慈	3
宠	3
邊	3
抹	3
纤	3
親	3
框	3
莞	3
凰	3
柴	3
鼠	3
娃	3
挤	3
罩	3
衰	3
煌	3
肿	3
滩	3
诈	3
躲	3
赠	3
覺	3
條	3
訊	3
燥	3
慕	3
齿	3
宴	3
饼	3
恼	3
陌	3
昂	3
價	3
標	3
丧	3
蜂	3
調	3
坪	3
笼	3
舌	3
聯	3
纺	3
離	3
隨	3
尸	3
護	3
谨	3
昏	3
衔	3
習	3
園	3
裕	3
伪	3
庞	3
惧	3
痕	3
溶	3
擎	3
彰	3
糕	3
弥	3
備	3
乾	3
愉	3
敦	3
馨	3
攀	3
逝	3
夸	3
團	3
抖	3
脆	3
驰	3
伐	3
妨	3
糊	3
歡	3
秉	3
舆	3
吵	3
椒	3
術	3
豫	3
菩	3
孵	3
饲	3
堪	3
擅	3
況	3
汰	3
領	3
叠	3
際	3
帐	3
匠	3
泌	3
谊	3
奴	3
脾	3
螺	3
歉	3
盯	3
廊	3
掩	3
慨	3
盼	3
芒	3
讀	3
挣	3
茅	3
斥	3
椅	3
狱	3
疲	3
泄	3
丛	3
暑	3
淋	3
朴	3
枣	3
艇	3
绵	3
漠	3
腻	3
筛	3
厌	3
恭	3
戶	3
滞	3
膀	3
劣	3
覽	3
寂	3
匆	3
顯	3
畏	3
遣	3
卜	3
責	3
溯	3
蓬	3
決	3
酬	3
遊	3
購	3
絕	3
兑	3
錯	3
冶	3
準	3
肢	3
溃	3
旬	3
削	3
屠	3
沧	3
蚀	3
終	3
銷	3
狀	3
侣	3
胀	3
議	3
噪	3
歷	3
協	3
刹	3
驗	3
萝	3
癫	3
痫	3
歧	3
弊	3
媽	3
珊	3
衷	3
霉	3
绸	3
烘	3
谅	3
雇	3
隙	3
喉	3
剥	3
痘	3
挽	3
瓣	3
湛	3
樱	3
澎	3
湃	3
棵	3
宰	3
垒	3
構	3
侈	3
茄	3
嘿	3
菇	3
療	3
劃	3
蔽	3
瞭	3
敞	3
乖	3
韧	3
辜	3
懈	3
佣	3
瞻	3
舅	3
姥	3
絡	3
嘻	3
畢	3
迄	3
肇	3
慑	3
艾	3
愛	3
浩	3
尿	3
碧	3
邓	3
蒋	3
癜	3
锈	3
葛	3
詹	3
瀏	3
杉	3
簡	3
積	3
郵	3
詢	3
乒	3
乓	3
柬	3
淇	3
钮	2
気	2
問	2
與	2
刀	2
君	2
徐	2
梁	2
沟	2
汤	2
撑	2
洪	2
杰	2
盐	2
仁	2
鬼	2
伯	2
竹	2
凉	2
苹	2
鞋	2
贺	2
車	2
腰	2
弄	2
喷	2
舶	2
給	2
亩	2
岩	2
铜	2
玻	2
沈	2
柳	2
書	2
虫	2
咱	2
粗	2
谐	2
祥	2
吹	2
闹	2
怒	2
桑	2
陵	2
赚	2
娜	2
鼻	2
矛	2
盾	2
門	2
疆	2
數	2
芳	2
曹	2
柱	2
姜	2
岭	2
琴	2
盒	2
爽	2
啡	2
姻	2
棒	2
鸣	2
逼	2
莲	2
陶	2
肖	2
東	2
丈	2
萬	2
砖	2
吊	2
侯	2
瘦	2
斤	2
爬	2
曝	2
酷	2
铝	2
轴	2
強	2
雾	2
臣	2
妖	2
岳	2
奉	2
吕	2
盆	2
線	2
棉	2
仔	2
砂	2
嘛	2
選	2
秩	2
翔	2
晒	2
觀	2
芯	2
邪	2
扑	2
腔	2
肾	2
汁	2
難	2
幽	2
庙	2
張	2
猎	2
灌	2
侠	2
漆	2
胁	2
茂	2
烤	2
阁	2
栋	2
拨	2
碗	2
垂	2
讼	2
達	2
卧	2
烂	2
嫁	2
醉	2
宙	2
類	2
肪	2
辐	2
泵	2
抛	2
凶	2
哲	2
译	2
祭	2
聪	2
姚	2
柏	2
垫	2
锐	2
怖	2
剪	2
苍	2
吓	2
疯	2
奈	2
傅	2
聽	2
帽	2
錢	2
斜	2
仲	2
铭	2
酱	2
劫	2
箭	2
屈	2
壤	2
鞍	2
仰	2
裤	2
骤	2
轩	2
號	2
圖	2
闷	2
粤	2
筋	2
巩	2
翠	2
芬	2
尴	2
尬	2
洒	2
蹈	2
潭	2
扇	2
傲	2
贪	2
舟	2
厘	2
隊	2
兔	2
溢	2
肚	2
臂	2
唇	2
虾	2
槽	2
囊	2
瘤	2
雖	2
罢	2
铸	2
咸	2
裙	2
遠	2
買	2
穴	2
墅	2
锡	2
組	2
語	2
崛	2
硅	2
慌	2
吞	2
帖	2
忌	2
狮	2
逢	2
怨	2
試	2
氢	2
弘	2
阀	2
斩	2
項	2
抄	2
株	2
畫	2
眾	2
梳	2
袖	2
啤	2
纱	2
捧	2
仗	2
葱	2
營	2
儒	2
侨	2
較	2
逾	2
匀	2
渗	2
牺	2
牲	2
玫	2
瑰	2
槛	2
極	2
桩	2
盲	2
缆	2
巢	2
叉	2
渴	2
屬	2
逛	2
坤	2
懒	2
廣	2
憾	2
厕	2
輕	2
枯	2
賽	2
銀	2
滤	2
睐	2
艘	2
枚	2
稻	2
拾	2
晕	2
轿	2
哀	2
泊	2
熙	2
凑	2
泳	2
響	2
焊	2
碌	2
悔	2
隧	2
卸	2
係	2
棚	2
醇	2
須	2
摔	2
祸	2
峻	2
違	2
夠	2
饿	2
撼	2
窄	2
興	2
濟	2
雀	2
熬	2
缠	2
郊	2
負	2
钥	2
匙	2
痴	2
趁	2
绣	2
爵	2
轰	2
骄	2
姨	2
拘	2
猴	2
讶	2
獨	2
範	2
羡	2
逊	2
潍	2
蟹	2
惕	2
訴	2
皱	2
辟	2
拦	2
腊	2
浑	2
脖	2
沫	2
吁	2
崩	2
坎	2
膏	2
绎	2
澄	2
捉	2
環	2
菊	2
怜	2
咽	2
叛	2
衫	2
禽	2
荆	2
贩	2
裹	2
垄	2
杠	2
凸	2
酵	2
衬	2
蓉	2
愤	2
渊	2
炫	2
擊	2
巾	2
舉	2
檢	2
戚	2
課	2
腦	2
旱	2
卉	2
橡	2
辱	2
沂	2
搏	2
崖	2
磷	2
願	2
浇	2
卑	2
诠	2
栽	2
顧	2
纲	2
僅	2
壓	2
優	2
翰	2
掀	2
媳	2
洽	2
蝶	2
颤	2
寞	2
畴	2
奸	2
磅	2
閱	2
細	2
蒐	2
巅	2
粹	2
枕	2
嚴	2
帘	2
冀	2
挫	2
蝴	2
拌	2
宪	2
斷	2
翅	2
咳	2
嗽	2
羞	2
沐	2
蒜	2
幫	2
搅	2
勋	2
剖	2
罕	2
钩	2
繼	2
載	2
灿	2
愚	2
淄	2
牡	2
翡	2
窃	2
製	2
膝	2
糟	2
澡	2
竣	2
獲	2
鹅	2
屁	2
锌	2
勉	2
泼	2
廠	2
蔓	2
耍	2
拯	2
焰	2
颠	2
蚂	2
蚁	2
飯	2
撰	2
厢	2
躁	2
醛	2
僵	2
採	2
瞄	2
睁	2
沸	2
掏	2
戲	2
衍	2
锂	2
藝	2
绽	2
瀑	2
夯	2
骚	2
誓	2
喘	2
阱	2
钓	2
減	2
爭	2
昔	2
硫	2
陀	2
蔚	2
帜	2
菱	2
潇	2
谣	2
赣	2
貼	2
顽	2
祛	2
媚	2
阜	2
葫	2
芦	2
泻	2
塌	2
狭	2
惫	2
妊	2
娠	2
膨	2
趟	2
挪	2
虐	2
頁	2
瞩	2
麟	2
稣	2
叮	2
瑜	2
谎	2
碼	2
顷	2
焕	2
烹	2
饪	2
驳	2
伽	2
襄	2
麗	2
聞	2
遏	2
烁	2
蜘	2
蛛	2
纬	2
矫	2
軟	2
愧	2
霆	2
卦	2
镀	2
傍	2
損	2
薯	2
堅	2
討	2
毯	2
梭	2
淹	2
倘	2
耽	2
莓	2
執	2
檔	2
镑	2
丫	2
菏	2
譬	2
啟	2
柠	2
檬	2
驭	2
汛	2
蕉	2
屑	2
胳	2
膊	2
咪	2
悍	2
萎	2
陸	2
橄	2
榄	2
逮	2
針	2
溉	2
迭	2
秸	2
秆	2
汕	2
聆	2
佬	2
缅	2
甸	2
闺	2
誤	2
褐	2
腕	2
呕	2
矶	2
饺	2
芜	2
澈	2
诵	2
紀	2
鐘	2
邢	2
糙	2
缀	2
坞	2
弈	2
廳	2
芙	2
篷	2
躯	2
栈	2
練	2
葩	2
缚	2
榆	2
祀	2
宛	2
骼	2
汲	2
侃	2
摧	2
拇	2
髓	2
麒	2
陛	2
枸	2
杞	2
贬	2
哮	2
匈	2
娩	2
沥	2
昧	2
焚	2
疡	2
蘑	2
橱	2
靓	2
髦	2
渤	2
疤	2
滥	2
饥	2
帳	2
漳	2
豐	2
仑	2
嫉	2
妒	2
瞒	2
衅	2
狸	2
邯	2
郸	2
祈	2
祷	2
趴	2
謝	2
璀	2
璨	2
诀	2
徘	2
徊	2
眨	2
喇	2
叭	2
嘲	2
畸	2
暧	2
沛	2
億	2
廓	2
胚	2
琢	2
筷	2
釋	2
侮	2
吩	2
咐	2
匿	2
泣	2
涤	2
麽	2
曙	2
哺	2
惬	2
埠	2
嗓	2
讽	2
棠	2
蠢	2
诡	2
敛	2
幂	2
莆	2
屿	2
嵌	2
逍	2
嘱	2
渲	2
烯	2
睹	2
馒	2
腥	2
睫	2
荔	2
階	2
謂	2
炬	2
踊	2
跻	2
淌	2
霾	2
寝	2
椎	2
訓	2
飙	2
驿	2
債	2
蛙	2
筝	2
缤	2
噬	2
朦	2
胧	2
擔	2
榴	2
濒	2
糯	2
泸	2
捆	2
绚	2
赎	2
琐	2
赂	2
慮	2
沌	2
焙	2
瑕	2
疵	2
遴	2
稚	2
穩	2
螃	2
棕	2
憧	2
憬	2
伺	2
毗	2
捍	2
抉	2
紊	2
弛	2
拭	2
坷	2
競	2
詳	2
谴	2
柿	2
颊	2
簧	2
侥	2
睦	2
酝	2
氓	2
琉	2
姊	2
沮	2
慷	2
蜕	2
瑚	2
堰	2
膳	2
辕	2
韭	2
咙	2
粽	2
剔	2
沦	2
肴	2
镶	2
昼	2
辗	2
婪	2
匮	2
斓	2
汶	2
郴	2
頻	2
窒	2
袱	2
囱	2
耘	2
蚌	2
狙	2
痹	2
祉	2
揮	2
淆	2
磋	2
阪	2
晴	2
擁	2
刪	2
諮	2
慣	2
敵	2
緒	2
綜	2
娛	2
様	2
円	1
県	1
（	1
価	1
歳	1
関	1
読	1
”	1
啊	1
吴	1
剑	1
赵	1
亦	1
朱	1
從	1
氏	1
啦	1
枪	1
溪	1
井	1
凯	1
郭	1
哦	1
頭	1
氣	1
皆	1
勒	1
呀	1
燕	1
袁	1
俊	1
浅	1
鹏	1
炮	1
魏	1
郎	1
狼	1
坑	1
骂	1
赤	1
墓	1
贤	1
鸿	1
孟	1
萧	1
喊	1
轉	1
卢	1
呆	1
暨	1
卻	1
蔡	1
塘	1
蒂	1
霍	1
涛	1
赫	1
飘	1
亭	1
玄	1
鼎	1
曰	1
贾	1
煮	1
夹	1
逸	1
鹿	1
蛇	1
冯	1
孝	1
彭	1
馬	1
撒	1
俩	1
傻	1
約	1
霞	1
鑫	1
汪	1
粘	1
華	1
弗	1
惨	1
潘	1
劝	1
埋	1
莉	1
級	1
斌	1
帕	1
熱	1
琳	1
咬	1
坝	1
愁	1
勾	1
韦	1
摊	1
娇	1
罐	1
寫	1
柯	1
裝	1
萌	1
鹰	1
玲	1
犬	1
軍	1
嫩	1
敲	1
鸭	1
爹	1
霜	1
渣	1
巷	1
戰	1
旭	1
丑	1
鹤	1
踩	1
節	1
爾	1
禅	1
扔	1
擇	1
窝	1
妮	1
戈	1
紅	1
穆	1
丘	1
喂	1
莎	1
惹	1
嗎	1
兆	1
昭	1
臭	1
兹	1
砸	1
遂	1
踢	1
梨	1
靖	1
佐	1
枫	1
預	1
磊	1
扯	1
僧	1
薇	1
崔	1
筒	1
砍	1
琼	1
藤	1
钙	1
吾	1
縣	1
瑶	1
蛮	1
闯	1
亞	1
闵	1
芽	1
萍	1
講	1
丸	1
溫	1
苑	1
稱	1
嗯	1
蕾	1
贼	1
郡	1
盡	1
刮	1
渝	1
舱	1
歇	1
帆	1
養	1
龍	1
怡	1
妃	1
壶	1
晃	1
绳	1
弦	1
遮	1
葬	1
鄉	1
雙	1
桐	1
哑	1
谭	1
捡	1
铃	1
歲	1
伞	1
琪	1
蜀	1
靈	1
饶	1
壹	1
婉	1
黃	1
殷	1
臉	1
藥	1
丨	1
揽	1
粥	1
陳	1
薛	1
碱	1
層	1
羅	1
醋	1
丙	1
豹	1
卿	1
甩	1
侍	1
灶	1
職	1
赐	1
飛	1
婷	1
鄂	1
巫	1
昊	1
雁	1
睿	1
捏	1
賣	1
吻	1
寶	1
惟	1
維	1
瞧	1
跪	1
姬	1
哼	1
窑	1
瑟	1
禮	1
缸	1
彬	1
愣	1
烫	1
獎	1
劇	1
冥	1
財	1
雲	1
逗	1
換	1
復	1
谦	1
撕	1
尹	1
蘭	1
闽	1
娶	1
異	1
沾	1
邱	1
屯	1
貨	1
農	1
傷	1
楠	1
柄	1
梗	1
黨	1
挨	1
堤	1
咒	1
茨	1
輸	1
測	1
矣	1
矮	1
娟	1
敷	1
仕	1
聖	1
陽	1
橙	1
勢	1
歪	1
裸	1
蹲	1
拐	1
揉	1
樓	1
钉	1
熔	1
彦	1
竖	1
坠	1
莹	1
談	1
弓	1
闸	1
淑	1
谜	1
翁	1
绒	1
溜	1
魄	1
殺	1
緊	1
靜	1
補	1
訂	1
拱	1
骏	1
兜	1
聋	1
杏	1
眸	1
寡	1
邵	1
額	1
禾	1
棍	1
扛	1
鐵	1
爪	1
龟	1
剛	1
汝	1
廖	1
贞	1
魚	1
吟	1
佑	1
懷	1
煎	1
夢	1
栗	1
腳	1
袍	1
惡	1
宮	1
颂	1
岂	1
驚	1
鲍	1
卒	1
琦	1
铅	1
奕	1
哇	1
淫	1
刃	1
哄	1
痒	1
妄	1
邹	1
圍	1
納	1
勿	1
弧	1
笨	1
酶	1
咋	1
禄	1
貴	1
臨	1
瘾	1
誰	1
蘇	1
葉	1
吼	1
雯	1
斋	1
邑	1
筆	1
裏	1
晖	1
勺	1
澜	1
黏	1
瞎	1
蚕	1
瞪	1
薦	1
順	1
倩	1
脊	1
監	1
驴	1
鎮	1
黔	1
奎	1
夷	1
絲	1
翘	1
锤	1
勝	1
煞	1
芭	1
郝	1
禹	1
岚	1
俏	1
審	1
霄	1
竭	1
甄	1
匪	1
編	1
島	1
冈	1
倪	1
蜡	1
歸	1
茎	1
拢	1
冤	1
仆	1
哨	1
輪	1
扁	1
俞	1
嫂	1
暮	1
彤	1
虞	1
捞	1
酥	1
訪	1
評	1
氯	1
苯	1
氮	1
媛	1
鮮	1
漢	1
樊	1
哎	1
碟	1
亨	1
隻	1
館	1
藉	1
樹	1
庸	1
栖	1
曦	1
蒲	1
籽	1
脫	1
舊	1
祁	1
钦	1
妍	1
頂	1
阮	1
梵	1
劈	1
唉	1
贱	1
沁	1
稅	1
笛	1
坟	1
屡	1
霖	1
週	1
亂	1
肆	1
聂	1
俯	1
俭	1
铲	1
耻	1
皓	1
椰	1
冉	1
狄	1
織	1
凄	1
隋	1
喀	1
耿	1
妳	1
痰	1
胺	1
咯	1
炖	1
藻	1
裔	1
穗	1
眷	1
蹄	1
盤	1
巍	1
钞	1
钠	1
俺	1
蹭	1
庚	1
榨	1
耸	1
砌	1
劉	1
陣	1
祠	1
眯	1
扒	1
轧	1
缕	1
塊	1
溺	1
熏	1
榮	1
甫	1
倚	1
鞭	1
鳞	1
灼	1
笋	1
盏	1
龚	1
涩	1
圓	1
呗	1
铂	1
蓋	1
戳	1
哟	1
皖	1
絮	1
旷	1
梓	1
钛	1
喔	1
蝉	1
氟	1
幢	1
炳	1
遺	1
墩	1
咏	1
歼	1
茵	1
尧	1
荫	1
尉	1
衛	1
钧	1
釉	1
捣	1
哗	1
杖	1
鲸	1
肋	1
紹	1
啸	1
徵	1
勞	1
瞳	1
彪	1
餘	1
浊	1
粪	1
庐	1
朔	1
麵	1
磕	1
紙	1
婦	1
掠	1
寅	1
諾	1
嘎	1
慶	1
娅	1
宵	1
頓	1
魁	1
靶	1
寧	1
搓	1
焉	1
芸	1
燒	1
緣	1
燈	1
酯	1
憋	1
崭	1
蹦	1
陇	1
钾	1
虛	1
斐	1
恤	1
藍	1
汀	1
垮	1
衝	1
歐	1
撩	1
肛	1
揣	1
昕	1
橋	1
吏	1
卤	1
牟	1
拂	1
諸	1
酮	1
鏡	1
捂	1
靴	1
裴	1
嗨	1
檀	1
楊	1
硝	1
滇	1
雞	1
誠	1
斧	1
臻	1
撇	1
孜	1
朕	1
鸽	1
趕	1
簇	1
窦	1
窟	1
矢	1
稠	1
韶	1
柚	1
棱	1
黛	1
陰	1
锯	1
綠	1
飾	1
厄	1
迦	1
窥	1
滔	1
彈	1
窜	1
淳	1
爺	1
詞	1
湯	1
礎	1
吳	1
坯	1
茜	1
涅	1
阎	1
掷	1
庫	1
侄	1
颐	1
攒	1
铮	1
瘫	1
馅	1
奧	1
簽	1
峨	1
詩	1
凿	1
麓	1
揚	1
晟	1
寇	1
囚	1
桔	1
緩	1
嫣	1
葵	1
擴	1
滕	1
扳	1
涝	1
乞	1
飲	1
搁	1
哒	1
茹	1
剿	1
倫	1
镁	1
簿	1
凹	1
拽	1
僚	1
绞	1
恳	1
硒	1
哉	1
雌	1
敖	1
槐	1
兮	1
幹	1
佈	1
秃	1
髮	1
楷	1
屎	1
爲	1
咕	1
疹	1
雍	1
脐	1
蚊	1
垦	1
哩	1
亢	1
秤	1
璐	1
窍	1
跋	1
梢	1
渺	1
齊	1
妞	1
韓	1
橘	1
壞	1
礁	1
懿	1
苔	1
晾	1
掐	1
诏	1
築	1
莽	1
褪	1
肘	1
屆	1
挠	1
淨	1
拙	1
崎	1
垢	1
鍵	1
闫	1
産	1
亥	1
羌	1
乍	1
潛	1
擺	1
玮	1
尋	1
桓	1
锥	1
孫	1
怯	1
掛	1
绊	1
揪	1
禀	1
煲	1
嗜	1
蕊	1
璧	1
皂	1
啃	1
绮	1
祂	1
診	1
渍	1
舜	1
掺	1
畔	1
妾	1
莊	1
閉	1
惶	1
竿	1
戀	1
洼	1
喧	1
搶	1
恕	1
怔	1
檐	1
鬥	1
觅	1
颅	1
齡	1
苟	1
拧	1
芋	1
缉	1
锚	1
孚	1
幣	1
儀	1
弩	1
煙	1
瑾	1
拎	1
搖	1
烛	1
潔	1
敗	1
猿	1
叨	1
晏	1
菁	1
砚	1
沖	1
嚷	1
羁	1
擒	1
搂	1
祺	1
钝	1
卯	1
魯	1
寬	1
貝	1
脓	1
藕	1
榕	1
炜	1
趾	1
佰	1
涡	1
樟	1
滅	1
澤	1
純	1
锣	1
擾	1
溅	1
貓	1
舔	1
钰	1
玺	1
厮	1
绥	1
贮	1
煜	1
烨	1
宸	1
凳	1
咚	1
劍	1
玖	1
笃	1
萱	1
疮	1
翟	1
岔	1
谛	1
韬	1
抒	1
瞥	1
側	1
栓	1
绰	1
岐	1
恺	1
喵	1
悼	1
茸	1
饵	1
镍	1
帧	1
渭	1
驼	1
沼	1
濃	1
窖	1
觸	1
嚼	1
骇	1
鄙	1
楞	1
刁	1
羯	1
壽	1
偉	1
烷	1
骆	1
趙	1
儘	1
縮	1
稽	1
暇	1
仄	1
璇	1
棘	1
嗅	1
酉	1
娥	1
鄭	1
娄	1
鋼	1
灸	1
蝎	1
輩	1
潤	1
閃	1
俘	1
泾	1
嵩	1
賴	1
豁	1
赦	1
冕	1
懵	1
鸥	1
禧	1
雜	1
昱	1
鬆	1
庶	1
赘	1
賞	1
暫	1
驯	1
凛	1
牆	1
償	1
嗣	1
钯	1
孽	1
騎	1
掃	1
戊	1
袜	1
啪	1
眺	1
廢	1
沽	1
鍋	1
纶	1
穌	1
茗	1
芷	1
濕	1
秧	1
脈	1
繪	1
嘶	1
胤	1
诛	1
豬	1
奮	1
貧	1
廚	1
琅	1
咧	1
賺	1
傾	1
泗	1
煽	1
绅	1
栅	1
扼	1
怠	1
災	1
匯	1
犁	1
靳	1
镖	1
臀	1
篆	1
襟	1
徹	1
伶	1
匡	1
毙	1
戎	1
嗡	1
鳥	1
峙	1
犀	1
酚	1
圭	1
陨	1
萊	1
熄	1
躬	1
曉	1
晦	1
顆	1
讳	1
芹	1
傢	1
粟	1
囤	1
鎖	1
衙	1
腋	1
赃	1
鬧	1
绷	1
槍	1
戟	1
砰	1
譽	1
迴	1
挟	1
呐	1
垣	1
儲	1
刨	1
钳	1
陡	1
夭	1
箫	1
蛟	1
鹭	1
涧	1
憩	1
唾	1
賓	1
麥	1
庵	1
烏	1
羹	1
跡	1
寰	1
獸	1
倦	1
瞅	1
峥	1
唔	1
怼	1
僻	1
啼	1
輛	1
鳳	1
吱	1
槟	1
涼	1
岱	1
腑	1
鸦	1
佔	1
殘	1
戌	1
恬	1
輔	1
茬	1
罰	1
凱	1
秽	1
颓	1
猶	1
憨	1
炽	1
佟	1
噢	1
捅	1
褚	1
欄	1
芥	1
叩	1
遁	1
靡	1
俐	1
擂	1
咔	1
谬	1
淤	1
岑	1
婶	1
憂	1
傑	1
煉	1
汾	1
琛	1
閒	1
憑	1
氪	1
瑪	1
毀	1
複	1
笙	1
橫	1
腮	1
剁	1
凋	1
揍	1
茧	1
鹊	1
骸	1
讚	1
壬	1
棺	1
烽	1
瀚	1
繞	1
巳	1
妝	1
丞	1
淚	1
珀	1
蔑	1
圃	1
剃	1
婧	1
肽	1
挚	1
缪	1
腸	1
匾	1
藩	1
厥	1
峪	1
桦	1
遲	1
劑	1
託	1
莺	1
喬	1
瓯	1
嘘	1
堕	1
敝	1
呦	1
苞	1
歹	1
擬	1
棄	1
舵	1
奪	1
皋	1
攸	1
圩	1
礙	1
碘	1
鏈	1
愕	1
繳	1
蘸	1
貂	1
漲	1
摹	1
攝	1
孢	1
蕭	1
騰	1
潼	1
酰	1
撥	1
蹬	1
騙	1
踹	1
遐	1
瘀	1
蛤	1
悖	1
璞	1
磐	1
掰	1
辊	1
徑	1
掖	1
遞	1
邸	1
雏	1
憎	1
朽	1
獻	1
箔	1
褶	1
暢	1
昵	1
珂	1
悸	1
偵	1
噜	1
壯	1
撮	1
恍	1
婕	1
篱	1
阙	1
牠	1
裘	1
賢	1
釜	1
铠	1
莘	1
殆	1
癸	1
贏	1
粱	1
嫡	1
冢	1
褒	1
懊	1
霓	1
塵	1
拣	1
廟	1
飽	1
颌	1
嚎	1
淺	1
膠	1
厭	1
嚇	1
呃	1
璋	1
筱	1
拷	1
荧	1
锰	1
孰	1
蓓	1
膽	1
枉	1
喽	1
盔	1
筐	1
羚	1
腌	1
辫	1
泓	1
甬	1
蟲	1
喪	1
妓	1
謀	1
炊	1
曜	1
汐	1
贈	1
荀	1
抠	1
碾	1
櫃	1
鞠	1
葆	1
祯	1
彝	1
馍	1
匣	1
札	1
坂	1
俑	1
蓮	1
瑛	1
扉	1
臟	1
貫	1
玥	1
淼	1
厲	1
鳌	1
峭	1
呛	1
駐	1
遷	1
俪	1
怂	1
辍	1
屍	1
勁	1
奚	1
隅	1
钴	1
輝	1
宦	1
萃	1
瘋	1
憶	1
悅	1
辙	1
呜	1
砺	1
逞	1
浚	1
閣	1
薩	1
陋	1
炙	1
誕	1
丟	1
鹽	1
籌	1
贰	1
鋪	1
眩	1
撐	1
膺	1
鞘	1
羲	1
窮	1
紐	1
殴	1
纾	1
躍	1
紋	1
焖	1
町	1
牽	1
炯	1
缔	1
毓	1
嬰	1
梧	1
亟	1
袅	1
獄	1
迥	1
漾	1
睑	1
績	1
馋	1
餅	1
湄	1
昇	1
枭	1
薰	1
柑	1
榻	1
噗	1
噴	1
棣	1
唧	1
熹	1
輯	1
墟	1
鲲	1
戛	1
艦	1
芮	1
嘟	1
帥	1
忻	1
猝	1
寵	1
賦	1
蛾	1
滾	1
炕	1
铬	1
蒿	1
钨	1
烙	1
粕	1
惦	1
溧	1
颍	1
酣	1
峦	1
籁	1
烃	1
冗	1
叁	1
盧	1
罵	1
钗	1
嬉	1
谏	1
糧	1
辭	1
淬	1
蟒	1
诩	1
覃	1
癖	1
齒	1
爐	1
箍	1
缎	1
磺	1
诫	1
褲	1
擠	1
萦	1
睬	1
谍	1
鄰	1
栾	1
顏	1
縱	1
桨	1
醬	1
襲	1
讪	1
婺	1
荟	1
匝	1
熠	1
蛊	1
渚	1
崽	1
鲤	1
啰	1
匕	1
丐	1
讥	1
叽	1
叼	1
皿	1
迂	1
吆	1
屹	1
臼	1
讹	1
驮	1
纫	1
汞	1
抡	1
苇	1
吠	1
吭	1
吮	1
岖	1
佃	1
狈	1
庇	1
吝	1
闰	1
汹	1
忱	1
拄	1
拗	1
茉	1
苛	1
茁	1
矾	1
虏	1
呻	1
咄	1
忿	1
肮	1
狞	1
疟	1
疙	1
疚	1
泞	1
帚	1
屉	1
迢	1
驹	1
玷	1
󠄁	1
挎	1
拴	1
垛	1
荤	1
殃	1
盹	1
哆	1
贻	1
毡	1
狰	1
狡	1
柒	1
恃	1
诬	1
袄	1
诲	1
蚤	1
耙	1
埂	1
捎	1
捌	1
梆	1
酌	1
砾	1
殉	1
唠	1
晌	1
蚣	1
蚪	1
蚓	1
鸯	1
唁	1
唆	1
倔	1
舀	1
豺	1
胰	1
鸵	1
鸳	1
馁	1
羔	1
涣	1
涕	1
悯	1
诽	1
谆	1
祟	1
绢	1
捺	1
捶	1
捻	1
掂	1
菠	1
萤	1
酗	1
眶	1
啄	1
蚯	1
蛀	1
唬	1
帷	1
铐	1
铛	1
偎	1
徙	1
脯	1
豚	1
猖	1
痊	1
涮	1
惭	1
悴	1
惋	1
谚	1
揩	1
搀	1
搔	1
榔	1
椭	1
雳	1
喳	1
跛	1
蜓	1
蜒	1
鹃	1
锄	1
甥	1
筏	1
猩	1
猬	1
猾	1
痢	1
痪	1
惰	1
窘	1
谤	1
隘	1
婿	1
鹉	1
瑙	1
斟	1
椿	1
酪	1
雹	1
嗦	1
跷	1
跺	1
跤	1
蜈	1
蜗	1
幌	1
馏	1
誊	1
漓	1
褂	1
蔗	1
蔼	1
兢	1
裳	1
蜻	1
蝇	1
嘀	1
锹	1
箕	1
箩	1
瘩	1
瘟	1
漱	1
寥	1
骡	1
撵	1
撬	1
豌	1
嘹	1
蝠	1
蝌	1
蝗	1
蝙	1
镐	1
稼	1
篓	1
膛	1
鲫	1
瘪	1
鲨	1
憔	1
翩	1
褥	1
缭	1
噩	1
瓢	1
霎	1
踱	1
蹂	1
蟆	1
鹦	1
篡	1
瘸	1
窿	1
缰	1
藐	1
蹋	1
蟋	1
蟀	1
赡	1
臊	1
鳄	1
糠	1
懦	1
嚣	1
镰	1
鳍	1
簸	1
癣	1
鳖	1
鬓	1
蠕	1
霹	1
躏	1
黯	1
瓤	1
矗	1
乂	1
乜	1
兀	1
弋	1
孑	1
孓	1
幺	1
亓	1
廿	1
丏	1
卅	1
仃	1
仉	1
仂	1
刈	1
爻	1
卞	1
闩	1
讣	1
夬	1
爿	1
毋	1
邗	1
邛	1
艽	1
艿	1
叵	1
丕	1
匜	1
劢	1
卟	1
叱	1
叻	1
仨	1
仟	1
仡	1
仫	1
仞	1
卮	1
氐	1
犰	1
刍	1
邝	1
邙	1
讦	1
讧	1
讫	1
尻	1
阡	1
尕	1
弁	1
耒	1
玎	1
玑	1
圬	1
扦	1
圪	1
圹	1
扪	1
圮	1
圯	1
芊	1
芍	1
芄	1
芨	1
芑	1
芎	1
芗	1
亘	1
厍	1
夼	1
戍	1
尥	1
乩	1
旯	1
曳	1
岌	1
屺	1
凼	1
囡	1
钇	1
缶	1
氘	1
氖	1
牝	1
伎	1
伛	1
伢	1
佤	1
仵	1
伥	1
伧	1
伉	1
伫	1
囟	1
汆	1
刖	1
夙	1
旮	1
刎	1
犷	1
犸	1
舛	1
凫	1
邬	1
饧	1
汔	1
汜	1
汊	1
忖	1
忏	1
讴	1
讵	1
讷	1
聿	1
艮	1
厾	1
妁	1
纡	1
纣	1
纥	1
纨	1
玕	1
玙	1
抟	1
抔	1
圻	1
坍	1
抃	1
芫	1
芾	1
苈	1
苣	1
苋	1
芼	1
苌	1
苁	1
芩	1
芪	1
芡	1
芟	1
苄	1
苎	1
苡	1
杌	1
杓	1
杈	1
忑	1
孛	1
邴	1
邳	1
奁	1
豕	1
忒	1
欤	1
轫	1
迓	1
邶	1
忐	1
卣	1
邺	1
旰	1
呋	1
呒	1
呓	1
呔	1
呖	1
旸	1
吡	1
虬	1
吽	1
吣	1
吲	1
帏	1
岈	1
岘	1
兕	1
囵	1
囫	1
钊	1
钋	1
钌	1
迕	1
氙	1
氚	1
牤	1
佞	1
佚	1
佝	1
佗	1
彷	1
佘	1
佥	1
豸	1
坌	1
肟	1
奂	1
劬	1
狁	1
鸠	1
饨	1
饩	1
饫	1
饬	1
庑	1
庋	1
疔	1
疖	1
肓	1
闱	1
闳	1
炀	1
沣	1
沅	1
沔	1
沤	1
沏	1
沚	1
汩	1
汨	1
沨	1
汴	1
沆	1
沩	1
泐	1
怃	1
怄	1
忡	1
忤	1
忾	1
怅	1
忪	1
怆	1
忭	1
忸	1
诂	1
诃	1
诅	1
诋	1
诌	1
诒	1
陂	1
陉	1
妩	1
妪	1
妣	1
妗	1
妫	1
姒	1
妤	1
劭	1
刭	1
邰	1
纭	1
纰	1
纴	1
玡	1
玭	1
玠	1
玢	1
玦	1
盂	1
忝	1
匦	1
坩	1
抨	1
拤	1
坫	1
拈	1
垆	1
抻	1
劼	1
拃	1
拊	1
坼	1
坻	1
坨	1
坭	1
抿	1
坳	1
苷	1
苤	1
茏	1
苫	1
苜	1
苴	1
苒	1
苘	1
茌	1
苻	1
苓	1
茚	1
茆	1
茑	1
茓	1
茔	1
茕	1
茀	1
苕	1
枥	1
枇	1
杪	1
杳	1
枧	1
杵	1
枨	1
枞	1
枋	1
杻	1
杷	1
杼	1
矸	1
砀	1
刳	1
奄	1
殁	1
郏	1
轭	1
郅	1
鸢	1
盱	1
昙	1
杲	1
昃	1
咂	1
呸	1
昀	1
旻	1
昉	1
炅	1
畀	1
虮	1
咀	1
呷	1
黾	1
呱	1
呤	1
咆	1
咛	1
呶	1
呣	1
咝	1
岢	1
岿	1
岬	1
岫	1
帙	1
岣	1
峁	1
刿	1
岷	1
剀	1
帔	1
峄	1
沓	1
囹	1
罔	1
钍	1
钎	1
钏	1
钒	1
钕	1
邾	1
迮	1
牦	1
竺	1
迤	1
佶	1
侑	1
侉	1
臾	1
侗	1
侏	1
侩	1
佻	1
佾	1
侪	1
佼	1
佯	1
侬	1
帛	1
侔	1
徂	1
刽	1
郄	1
籴	1
瓮	1
戗	1
肼	1
肱	1
肫	1
迩	1
郇	1
狎	1
狍	1
狒	1
咎	1
饯	1
饴	1
冽	1
冼	1
庖	1
疠	1
疝	1
兖	1
劾	1
炘	1
炝	1
炔	1
泔	1
沭	1
泷	1
泱	1
泅	1
泠	1
泺	1
泖	1
泫	1
泮	1
沱	1
泯	1
怙	1
怵	1
怦	1
怛	1
怏	1
怍	1
怩	1
怫	1
怿	1
宕	1
穹	1
宓	1
诓	1
诔	1
诖	1
诘	1
戾	1
诙	1
戽	1
郓	1
衩	1
祆	1
祎	1
祇	1
诜	1
诟	1
诣	1
诤	1
诧	1
诨	1
戕	1
陔	1
妲	1
妯	1
姗	1
帑	1
孥	1
驽	1
虱	1
迨	1
绀	1
绁	1
绂	1
驷	1
驸	1
绉	1
绌	1
骀	1
甾	1
珏	1
珐	1
珑	1
玳	1
顸	1
珉	1
珈	1
拮	1
垭	1
挝	1
挞	1
垤	1
赳	1
贲	1
垱	1
垌	1
垧	1
垓	1
挦	1
垠	1
荚	1
荑	1
贳	1
荜	1
莒	1
茼	1
茴	1
茱	1
莛	1
荞	1
茯	1
荏	1
荇	1
荃	1
荠	1
茭	1
垩	1
荥	1
荦	1
荨	1
荩	1
剋	1
荪	1
荬	1
荮	1
柰	1
栉	1
柘	1
栊	1
柩	1
枰	1
栌	1
柙	1
枵	1
枳	1
柞	1
柝	1
栀	1
柢	1
栎	1
柈	1
柁	1
枷	1
柽	1
剌	1
酊	1
郦	1
甭	1
砗	1
砘	1
砒	1
斫	1
砭	1
砜	1
耷	1
虺	1
殂	1
殇	1
殄	1
轱	1
轲	1
轳	1
轶	1
轸	1
虿	1
毖	1
觇	1
尜	1
哐	1
眄	1
眍	1
郢	1
眇	1
眊	1
眈	1
禺	1
哂	1
咴	1
曷	1
昴	1
咦	1
哓	1
哔	1
畎	1
呲	1
胄	1
畋	1
畈	1
虼	1
虻	1
盅	1
咣	1
哕	1
剐	1
郧	1
咻	1
囿	1
咿	1
哌	1
哙	1
哚	1
咩	1
咤	1
哝	1
哏	1
哞	1
峣	1
罘	1
峒	1
峤	1
峋	1
贶	1
钚	1
钡	1
钣	1
钤	1
钫	1
氡	1
牯	1
郜	1
秕	1
秭	1
竽	1
笈	1
俦	1
俨	1
俅	1
叟	1
垡	1
牮	1
俣	1
俚	1
皈	1
俟	1
逅	1
徇	1
徉	1
舢	1
郗	1
俎	1
郤	1
爰	1
郛	1
瓴	1
胨	1
胪	1
胛	1
胂	1
胙	1
胍	1
胗	1
胝	1
朐	1
胫	1
鸨	1
匍	1
狨	1
狯	1
飑	1
狩	1
狲	1
訇	1
逄	1
昝	1
饷	1
饸	1
饹	1
孪	1
娈	1
庥	1
疬	1
疣	1
疥	1
疭	1
庠	1
竑	1
飒	1
闼	1
闾	1
闿	1
阂	1
羑	1
迸	1
籼	1
酋	1
炻	1
烀	1
炷	1
洱	1
洹	1
洧	1
洌	1
浃	1
洇	1
洄	1
洙	1
涎	1
洎	1
洫	1
浍	1
洮	1
洵	1
浒	1
浔	1
浕	1
洳	1
恸	1
恓	1
恹	1
恫	1
恻	1
恂	1
恪	1
恽	1
宥	1
扃	1
衲	1
衽	1
衿	1
袂	1
祜	1
祓	1
祚	1
诮	1
祗	1
祢	1
诰	1
诳	1
鸩	1
昶	1
咫	1
弭	1
牁	1
胥	1
陟	1
姮	1
娆	1
姝	1
姣	1
姘	1
姹	1
羿	1
炱	1
矜	1
绔	1
骁	1
骅	1
绗	1
绛	1
骈	1
耖	1
挈	1
珥	1
珙	1
顼	1
珰	1
珩	1
珧	1
珣	1
珞	1
琤	1
珲	1
恚	1
埕	1
埘	1
埙	1
埚	1
挹	1
耆	1
耄	1
埒	1
捋	1
贽	1
垸	1
捃	1
盍	1
荸	1
莳	1
莴	1
莪	1
莠	1
莜	1
莅	1
荼	1
莩	1
荽	1
莸	1
荻	1
莨	1
鸪	1
莼	1
栲	1
栳	1
桡	1
桎	1
桢	1
桤	1
梃	1
栝	1
桕	1
桁	1
桧	1
桅	1
栟	1
桉	1
栩	1
逑	1
逋	1
彧	1
鬲	1
豇	1
酐	1
逦	1
厝	1
孬	1
砝	1
砹	1
砧	1
砷	1
砟	1
砼	1
砥	1
砣	1
剞	1
砻	1
轼	1
轾	1
辂	1
鸫	1
趸	1
龀	1
鸬	1
虔	1
眬	1
唛	1
眙	1
哧	1
哽	1
晁	1
鸮	1
趵	1
趿	1
畛	1
蚨	1
蚜	1
蚍	1
蚋	1
蚬	1
蚝	1
蚧	1
唢	1
圄	1
唣	1
唏	1
盎	1
唑	1
崂	1
崃	1
罡	1
罟	1
觊	1
赅	1
钲	1
钵	1
钹	1
钺	1
钽	1
钼	1
钿	1
铀	1
铄	1
铆	1
铈	1
铉	1
铊	1
铋	1
铌	1
铍	1
铎	1
氩	1
氤	1
氦	1
毪	1
舐	1
秣	1
秫	1
盉	1
笄	1
笕	1
笊	1
笏	1
笆	1
俸	1
俵	1
偌	1
俳	1
俶	1
倬	1
倏	1
恁	1
倭	1
俾	1
倜	1
隼	1
隽	1
倌	1
倥	1
臬	1
郫	1
倨	1
衄	1
颀	1
徕	1
舫	1
衾	1
胯	1
胱	1
胴	1
胭	1
脍	1
胼	1
脒	1
鸱	1
鸲	1
狷	1
猁	1
狳	1
猃	1
狺	1
逖	1
桀	1
饽	1
凇	1
挛	1
亳	1
疳	1
疴	1
疸	1
疽	1
痈	1
疱	1
痂	1
痉	1
衮	1
颃	1
恣	1
旆	1
旄	1
旃	1
阃	1
阄	1
訚	1
阆	1
恙	1
粑	1
烜	1
烩	1
烊	1
剡	1
郯	1
烬	1
涑	1
浯	1
涞	1
涟	1
娑	1
涠	1
浞	1
涓	1
浥	1
涔	1
浜	1
浠	1
浣	1
悚	1
悭	1
悝	1
悒	1
悌	1
悛	1
窈	1
剜	1
诹	1
诼	1
袒	1
袢	1
诿	1
谀	1
谂	1
谄	1
谇	1
屐	1
屙	1
陬	1
勐	1
奘	1
牂	1
蚩	1
陲	1
娌	1
娉	1
娲	1
娴	1
娣	1
娓	1
婀	1
畚	1
逡	1
绠	1
骊	1
绡	1
骋	1
绦	1
绨	1
骎	1
邕	1
鸶	1
彗	1
耜	1
焘	1
舂	1
琏	1
琇	1
麸	1
揶	1
埴	1
埯	1
捯	1
掳	1
掴	1
埸	1
埵	1
赧	1
埤	1
捭	1
逵	1
埝	1
堋	1
堍	1
掬	1
鸷	1
捽	1
掊	1
堉	1
掸	1
捩	1
掮	1
悫	1
埭	1
埽	1
掇	1
掼	1
聃	1
萁	1
菘	1
堇	1
萘	1
萋	1
菽	1
菖	1
萜	1
萸	1
萑	1
棻	1
菔	1
菟	1
萏	1
菹	1
菪	1
菅	1
菀	1
菰	1
菡	1
梿	1
梏	1
觋	1
桴	1
桷	1
棁	1
桫	1
棂	1
啬	1
郾	1
敕	1
豉	1
鄄	1
酞	1
硎	1
硭	1
硖	1
硗	1
硐	1
硇	1
硌	1
鸸	1
瓠	1
匏	1
厩	1
殒	1
殓	1
殍	1
赉	1
雩	1
辄	1
堑	1
眭	1
眦	1
啧	1
晡	1
晤	1
眵	1
圊	1
喏	1
啉	1
勖	1
晞	1
唵	1
晗	1
啭	1
畦	1
趺	1
啮	1
跄	1
蚶	1
蛄	1
蛎	1
蛆	1
蚰	1
圉	1
蚱	1
蛉	1
蛏	1
蚴	1
啁	1
啕	1
唿	1
啐	1
唼	1
唷	1
啖	1
啵	1
啶	1
啷	1
唳	1
唰	1
啜	1
帻	1
崚	1
崦	1
帼	1
崮	1
崤	1
崆	1
赇	1
赈	1
赊	1
铑	1
铒	1
铗	1
铙	1
铟	1
铡	1
铢	1
铣	1
铤	1
铧	1
铨	1
铩	1
铪	1
铫	1
铯	1
铰	1
铱	1
铳	1
铵	1
铷	1
牾	1
鸹	1
秾	1
逶	1
笺	1
筇	1
笸	1
笪	1
笮	1
笠	1
笥	1
笤	1
笳	1
笾	1
笞	1
偾	1
偃	1
偕	1
偈	1
傀	1
偬	1
偻	1
皑	1
皎	1
鸻	1
徜	1
舸	1
舻	1
舴	1
舷	1
龛	1
翎	1
脬	1
脘	1
脲	1
匐	1
猗	1
猡	1
猞	1
斛	1
猕	1
馗	1
馃	1
馄	1
鸾	1
庹	1
庾	1
痔	1
痍	1
翊	1
旌	1
旎	1
袤	1
阇	1
阈	1
阉	1
阊	1
阋	1
阍	1
阏	1
羟	1
粝	1
焐	1
焓	1
焗	1
淅	1
淞	1
渎	1
涿	1
淖	1
挲	1
淠	1
涸	1
渑	1
淦	1
淝	1
涪	1
淙	1
涫	1
渌	1
悻	1
悱	1
惝	1
惘	1
惆	1
惚	1
惇	1
惮	1
窕	1
谌	1
扈	1
皲	1
谑	1
裆	1
袷	1
裉	1
谒	1
谔	1
谕	1
谖	1
谗	1
谙	1
谝	1
逯	1
郿	1
隈	1
粜	1
隍	1
隗	1
婊	1
娼	1
婢	1
婵	1
胬	1
袈	1
翌	1
恿	1
欸	1
绫	1
骐	1
绯	1
绱	1
骒	1
绲	1
骓	1
绶	1
绺	1
绻	1
绾	1
骖	1
缁	1
耠	1
琫	1
琵	1
琶	1
琥	1
琨	1
琰	1
琮	1
琯	1
琬	1
琚	1
辇	1
鼋	1
揳	1
堞	1
搽	1
揸	1
揠	1
堙	1
趄	1
揖	1
颉	1
塄	1
揿	1
耋	1
揄	1
蛩	1
蛰	1
塆	1
摒	1
揆	1
掾	1
聒	1
葑	1
葚	1
靰	1
靸	1
葳	1
葺	1
葸	1
萼	1
葶	1
蒌	1
葭	1
楮	1
棼	1
椟	1
棹	1
椤	1
棰	1
赍	1
椋	1
椁	1
椪	1
椐	1
鹁	1
酤	1
酢	1
酡	1
鹂	1
殚	1
殛	1
雱	1
辋	1
椠	1
辎	1
睄	1
睇	1
睃	1
戢	1
喋	1
嗒	1
喃	1
喱	1
喹	1
晷	1
喈	1
跖	1
跗	1
跞	1
跚	1
跎	1
跏	1
跆	1
蛱	1
蛲	1
蛭	1
蛳	1
蛐	1
蛔	1
蛞	1
蛴	1
蛘	1
喁	1
喟	1
啾	1
嗖	1
喑	1
嗟	1
嗞	1
喙	1
嵘	1
嵖	1
崴	1
遄	1
詈	1
嵎	1
嵬	1
嵛	1
嵯	1
嵝	1
嵫	1
幄	1
嵋	1
赕	1
铻	1
铼	1
铿	1
锃	1
锆	1
锇	1
锉	1
锏	1
锑	1
锒	1
锔	1
锕	1
掣	1
矬	1
氰	1
毳	1
毽	1
犊	1
犄	1
犋	1
鹄	1
犍	1
嵇	1
黍	1
稃	1
稂	1
筚	1
筵	1
筌	1
傣	1
傈	1
舄	1
牍	1
傥	1
傧	1
遑	1
傩	1
徨	1
媭	1
畲	1
弑	1
翕	1
鹆	1
腈	1
腓	1
腆	1
腴	1
腚	1
腱	1
鱿	1
鲀	1
鲂	1
猢	1
猹	1
猥	1
飓	1
觞	1
觚	1
猱	1
颎	1
飧	1
馇	1
馊	1
亵	1
脔	1
裒	1
痣	1
痨	1
痦	1
痞	1
痤	1
痧	1
赓	1
竦	1
瓿	1
啻	1
颏	1
鹇	1
阑	1
阒	1
阕	1
粞	1
遒	1
孳	1
焯	1
焜	1
焱	1
鹈	1
渫	1
湮	1
湎	1
湜	1
湍	1
湫	1
溲	1
湟	1
溆	1
湲	1
湔	1
湉	1
渥	1
滁	1
愠	1
惺	1
愦	1
惴	1
愀	1
愎	1
愔	1
喾	1
寐	1
谟	1
裢	1
裎	1
裥	1
祾	1
谠	1
谡	1
谥	1
谧	1
孱	1
弼	1
巽	1
骘	1
媪	1
巯	1
翚	1
皴	1
骛	1
缂	1
缃	1
缄	1
彘	1
缇	1
缈	1
缌	1
缑	1
缒	1
缗	1
飨	1
耢	1
瑁	1
瑗	1
瑄	1
遨	1
骜	1
韫	1
髡	1
塬	1
鄢	1
趔	1
趑	1
摅	1
摁	1
蜇	1
搋	1
搪	1
搐	1
搛	1
搠	1
摈	1
彀	1
毂	1
搦	1
搡	1
蓁	1
戡	1
蓍	1
鄞	1
蓐	1
蓦	1
鹋	1
蒽	1
蓖	1
蓊	1
蒯	1
蓟	1
蓑	1
蒺	1
蓠	1
蒟	1
蒡	1
蒹	1
蒴	1
蒗	1
蓥	1
楔	1
楂	1
楝	1
楫	1
楸	1
椴	1
槌	1
楯	1
皙	1
榈	1
槎	1
榉	1
楦	1
楣	1
楹	1
椽	1
剽	1
酩	1
蜃	1
碛	1
碓	1
硼	1
碉	1
碚	1
碇	1
碜	1
鹌	1
辏	1
龃	1
龅	1
訾	1
粲	1
睚	1
嗪	1
韪	1
嗷	1
嗉	1
睨	1
睢	1
雎	1
睥	1
嗑	1
嗫	1
嗬	1
嗔	1
嗝	1
戥	1
嗄	1
煦	1
暄	1
遢	1
暌	1
跬	1
跶	1
跸	1
跐	1
跣	1
跹	1
蛸	1
蜊	1
蜍	1
蜉	1
蜣	1
畹	1
蛹	1
嗥	1
嗲	1
嗳	1
嗌	1
嗍	1
嗐	1
嗤	1
嗵	1
罨	1
嵊	1
嵴	1
骰	1
锗	1
锛	1
锜	1
锝	1
锞	1
锟	1
锢	1
锨	1
锩	1
锭	1
锱	1
雉	1
氲	1
犏	1
歃	1
稞	1
稗	1
稔	1
筠	1
筢	1
筮	1
筲	1
牒	1
敫	1
徭	1
愆	1
艄	1
觎	1
毹	1
貊	1
貅	1
貉	1
颔	1
腠	1
腩	1
腼	1
腭	1
腧	1
塍	1
媵	1
鲅	1
鲆	1
鲇	1
鲈	1
鲋	1
鲐	1
肄	1
鹐	1
飕	1
觥	1
遛	1
馐	1
鹑	1
亶	1
瘃	1
痱	1
痼	1
痿	1
瘐	1
瘁	1
瘆	1
麂	1
歆	1
旒	1
阖	1
阗	1
羧	1
豢	1
粳	1
猷	1
煳	1
煨	1
煅	1
煊	1
煸	1
煺	1
滟	1
溱	1
溘	1
漭	1
滢	1
溥	1
溽	1
裟	1
溻	1
溷	1
滗	1
滫	1
溴	1
滏	1
滃	1
滦	1
溏	1
滂	1
滓	1
溟	1
滪	1
愫	1
慊	1
鲎	1
骞	1
窠	1
窣	1
裱	1
裨	1
裾	1
裰	1
禊	1
谩	1
谪	1
媾	1
嫫	1
媲	1
嫒	1
嫔	1
媸	1
缙	1
缜	1
缛	1
辔	1
骝	1
缟	1
缡	1
缢	1
缣	1
骟	1
耥	1
璈	1
瑭	1
獒	1
觏	1
慝	1
嫠	1
叆	1
摽	1
墁	1
撂	1
摞	1
撄	1
翥	1
踅	1
摭	1
墉	1
墒	1
榖	1
綦	1
蔫	1
蔷	1
靺	1
靼	1
鞅	1
靿	1
甍	1
蔸	1
蔟	1
蔺	1
戬	1
蕖	1
蔻	1
蓿	1
斡	1
鹕	1
蓼	1
榛	1
榧	1
榫	1
榭	1
槔	1
榱	1
槁	1
槠	1
榷	1
僰	1
酽	1
酹	1
碡	1
碴	1
碣	1
碲	1
臧	1
豨	1
殡	1
霁	1
蜚	1
龇	1
龈	1
睽	1
嘞	1
嘈	1
嘌	1
嘁	1
暝	1
踌	1
踉	1
蜞	1
蜥	1
蜮	1
蝈	1
蜴	1
蜱	1
蜩	1
蜷	1
蜿	1
螂	1
蜢	1
嘡	1
鹗	1
嘣	1
嘤	1
嘚	1
嗾	1
嘧	1
罴	1
罱	1
幔	1
嶂	1
幛	1
赙	1
罂	1
骷	1
骶	1
鹘	1
锲	1
锴	1
锶	1
锷	1
锸	1
锵	1
镂	1
犒	1
箐	1
箦	1
箧	1
箸	1
箬	1
箅	1
箪	1
箜	1
箢	1
箓	1
僖	1
儆	1
僳	1
僭	1
劁	1
僮	1
魃	1
魆	1
睾	1
艋	1
鄱	1
膈	1
膑	1
鲑	1
鲔	1
鲚	1
鲛	1
鲟	1
獐	1
觫	1
雒	1
夤	1
馑	1
銮	1
塾	1
瘌	1
瘊	1
瘘	1
瘙	1
旖	1
膂	1
阚	1
鄯	1
鲞	1
粿	1
粼	1
糁	1
槊	1
鹚	1
熘	1
熥	1
潢	1
漕	1
滹	1
漯	1
漶	1
潋	1
潴	1
漪	1
漉	1
漩	1
澉	1
慵	1
搴	1
窨	1
寤	1
綮	1
谮	1
褡	1
褙	1
褓	1
褛	1
褊	1
谯	1
谰	1
谲	1
屣	1
鹛	1
嫱	1
嫖	1
嫦	1
嫚	1
嫘	1
鼐	1
瞀	1
鹜	1
骠	1
缥	1
缦	1
缧	1
缨	1
骢	1
缫	1
耦	1
耧	1
璜	1
璎	1
璁	1
奭	1
髯	1
髫	1
撷	1
撅	1
赭	1
撸	1
鋆	1
撙	1
撺	1
墀	1
聩	1
觐	1
鞑	1
蕙	1
鞒	1
蕈	1
蕨	1
蕤	1
蕞	1
蕺	1
瞢	1
蕃	1
蕲	1
赜	1
槿	1
樯	1
槭	1
樗	1
樘	1
槲	1
醌	1
醅	1
靥	1
魇	1
餍	1
磔	1
磙	1
霈	1
辘	1
龉	1
龊	1
觑	1
瞌	1
瞋	1
瞑	1
嘭	1
噎	1
噶	1
颙	1
暹	1
噘	1
踔	1
踝	1
踟	1
踒	1
踬	1
踮	1
踯	1
踺	1
踞	1
蝽	1
蝾	1
蝻	1
蝰	1
蝮	1
螋	1
蝓	1
蝣	1
蝼	1
嘬	1
颚	1
噍	1
噙	1
噌	1
噔	1
颛	1
幞	1
幡	1
嶙	1
嶝	1
骺	1
镊	1
镉	1
镌	1
镏	1
镒	1
镓	1
镔	1
稷	1
箴	1
篑	1
篁	1
篌	1
牖	1
儋	1
虢	1
鹞	1
膘	1
鲠	1
鲡	1
鲢	1
鲣	1
鲥	1
鲧	1
鲩	1
獗	1
獠	1
觯	1
馓	1
馔	1
麾	1
廛	1
瘛	1
瘼	1
瘢	1
瘠	1
齑	1
羰	1
糌	1
糍	1
糅	1
熜	1
熵	1
澍	1
澌	1
潸	1
潦	1
潲	1
鋈	1
潟	1
潺	1
寮	1
窳	1
谳	1
褴	1
褟	1
褫	1
谵	1
熨	1
屦	1
勰	1
戮	1
蝥	1
缬	1
缮	1
缯	1
骣	1
畿	1
耩	1
耨	1
耪	1
璟	1
靛	1
璠	1
璘	1
聱	1
螯	1
髻	1
髭	1
髹	1
擀	1
甏	1
擞	1
縠	1
磬	1
颞	1
蕻	1
颟	1
薤	1
薨	1
檠	1
薏	1
薮	1
薜	1
薅	1
樾	1
橛	1
橇	1
樵	1
檎	1
橹	1
樽	1
樨	1
橼	1
墼	1
橐	1
翮	1
醐	1
醍	1
醚	1
磲	1
赝	1
殪	1
霏	1
錾	1
辚	1
遽	1
氅	1
瞟	1
瞠	1
瞰	1
嚄	1
嚆	1
噤	1
暾	1
蹀	1
踵	1
踽	1
蹉	1
蹁	1
螨	1
螈	1
螅	1
螭	1
螠	1
螟	1
噱	1
噫	1
噻	1
噼	1
罹	1
圜	1
镗	1
镘	1
镚	1
镛	1
镝	1
镞	1
镠	1
氇	1
氆	1
穑	1
篝	1
篥	1
篦	1
篪	1
篙	1
盥	1
劓	1
翱	1
魉	1
魈	1
徼	1
歙	1
膦	1
膙	1
鲮	1
鲱	1
鲳	1
鲴	1
鲵	1
鲷	1
鲻	1
獴	1
獭	1
獬	1
邂	1
鹧	1
廨	1
赟	1
瘰	1
廪	1
瘿	1
瘵	1
瘴	1
癃	1
瘳	1
麇	1
麈	1
嬴	1
壅	1
糗	1
甑	1
燎	1
燠	1
燔	1
燧	1
濑	1
濉	1
潞	1
澧	1
澹	1
澥	1
澶	1
濂	1
褰	1
窸	1
嬖	1
犟	1
隰	1
嬗	1
颡	1
缱	1
缲	1
缳	1
璩	1
璪	1
螫	1
擤	1
壕	1
觳	1
罄	1
擢	1
薹	1
鞡	1
鞬	1
薷	1
藓	1
藁	1
檄	1
檩	1
懋	1
醢	1
翳	1
礅	1
磴	1
鹩	1
龋	1
龌	1
豳	1
壑	1
黻	1
嚏	1
嚅	1
蹑	1
蹒	1
蹊	1
蟥	1
螬	1
螵	1
疃	1
螳	1
蟑	1
嚓	1
罽	1
罾	1
嶷	1
黜	1
黝	1
髁	1
髀	1
镡	1
镢	1
镣	1
镦	1
镧	1
镩	1
镪	1
镫	1
罅	1
簌	1
篾	1
篼	1
簖	1
簋	1
鼢	1
儡	1
鹪	1
鼾	1
皤	1
魍	1
龠	1
繇	1
貘	1
邈	1
貔	1
臌	1
膻	1
臆	1
臃	1
鲼	1
鲽	1
鳀	1
鳃	1
鳅	1
鳇	1
鳊	1
螽	1
燮	1
鹫	1
糜	1
縻	1
癍	1
麋	1
懑	1
濡	1
濮	1
濞	1
濠	1
濯	1
蹇	1
謇	1
邃	1
襁	1
檗	1
擘	1
孺	1
隳	1
嬷	1
蟊	1
鹬	1
鍪	1
鏊	1
鬈	1
鬃	1
瞽	1
鞯	1
鞨	1
鞫	1
鞧	1
鞣	1
藜	1
藠	1
醪	1
蹙	1
礓	1
燹	1
餮	1
瞿	1
曛	1
颢	1
躇	1
蹚	1
蟛	1
蟪	1
蟠	1
蟮	1
鹮	1
黠	1
黟	1
髅	1
髂	1
镬	1
镭	1
镯	1
馥	1
簟	1
簪	1
鼬	1
雠	1
艟	1
鳎	1
鳏	1
鳐	1
癞	1
癔	1
糨	1
蹩	1
鎏	1
邋	1
鬏	1
攉	1
鞲	1
鞴	1
藿	1
蘧	1
蘅	1
醮	1
醯	1
酃	1
霪	1
霭	1
霨	1
黼	1
嚯	1
蹰	1
蹶	1
蹽	1
蹼	1
蹴	1
蹾	1
蹿	1
蠖	1
蠓	1
蟾	1
蠊	1
黢	1
髋	1
髌	1
镲	1
籀	1
齁	1
魑	1
艨	1
鳓	1
鳔	1
鳕	1
鳗	1
鳙	1
鏖	1
羸	1
瀣	1
瀛	1
襦	1
谶	1
襞	1
骥	1
缵	1
瓒	1
攘	1
蘩	1
蘖	1
醴	1
霰	1
酆	1
矍	1
躅	1
鼍	1
巉	1
黩	1
黥	1
黪	1
镳	1
镴	1
黧	1
纂	1
璺	1
鼯	1
臜	1
鳜	1
鳝	1
鳟	1
獾	1
孀	1
骧	1
瓘	1
鼙	1
醺	1
礴	1
颦	1
曩	1
鳢	1
麝	1
夔	1
爝	1
灏	1
禳	1
鐾	1
羼	1
蠡	1
耱	1
鹳	1
氍	1
饕	1
躐	1
髑	1
镵	1
穰	1
饔	1
鬻	1
鬟	1
趱	1
攫	1
攥	1
颧	1
躜	1
鼹	1
癯	1
蠲	1
蠹	1
躞	1
衢	1
灞	1
襻	1
纛	1
鬣	1
攮	1
囔	1
馕	1
戆	1
爨	1
齉	1
亍	1
尢	1
彳	1
卬	1
殳	1
毌	1
邘	1
戋	1
圢	1
氕	1
伋	1
仝	1
冮	1
氿	1
汈	1
氾	1
忉	1
宄	1
讱	1
扞	1
圲	1
圫	1
芏	1
芃	1
朳	1
朸	1
邨	1
吒	1
吖	1
屼	1
屾	1
辿	1
钆	1
仳	1
伣	1
伈	1
癿	1
甪	1
邠	1
犴	1
冱	1
邡	1
汋	1
讻	1
孖	1
纩	1
玒	1
玓	1
玘	1
玚	1
刬	1
坜	1
坉	1
扽	1
坋	1
扺	1
毐	1
芰	1
芣	1
苊	1
苉	1
芘	1
芴	1
芠	1
芤	1
杕	1
杙	1
杄	1
杧	1
杩	1
尪	1
尨	1
轪	1
坒	1
芈	1
旴	1
旵	1
呙	1
岍	1
岠	1
岜	1
呇	1
冏	1
觃	1
岙	1
伾	1
伭	1
佖	1
伲	1
佁	1
飏	1
狃	1
闶	1
汧	1
汫	1
沄	1
沘	1
汭	1
沇	1
忮	1
忳	1
忺	1
祃	1
诇	1
邲	1
诎	1
诐	1
屃	1
岊	1
阽	1
阼	1
妧	1
妘	1
纮	1
驲	1
纻	1
纼	1
玤	1
玞	1
玱	1
玟	1
邽	1
邿	1
坥	1
坰	1
坬	1
坽	1
弆	1
耵	1
茋	1
苧	1
苾	1
苠	1
枅	1
枘	1
枍	1
矼	1
矻	1
匼	1
旿	1
昄	1
昒	1
昈	1
咉	1
咇	1
咍	1
岵	1
岽	1
岨	1
岞	1
峂	1
囷	1
钐	1
钔	1
钖	1
牥	1
佴	1
垈	1
侁	1
侹	1
佸	1
佺	1
隹	1
侂	1
佽	1
侘	1
郈	1
舠	1
郐	1
郃	1
攽	1
肭	1
肸	1
肷	1
狉	1
狝	1
饳	1
忞	1
炌	1
炆	1
泙	1
沺	1
泂	1
泜	1
泃	1
泇	1
怊	1
峃	1
穸	1
祋	1
祊	1
鸤	1
弢	1
弨	1
陑	1
陎	1
卺	1
乸	1
妭	1
姈	1
迳	1
叕	1
驵	1
驺	1
绋	1
绐	1
砉	1
耔	1
玶	1
珇	1
珅	1
珋	1
玹	1
珌	1
玿	1
韨	1
垚	1
垯	1
垙	1
垲	1
埏	1
垍	1
耇	1
鿍	1
垎	1
垴	1
垟	1
垞	1
挓	1
垵	1
垏	1
拶	1
荖	1
荁	1
荙	1
荛	1
茈	1
茽	1
荄	1
茺	1
荓	1
茳	1
茛	1
荭	1
柷	1
柃	1
柊	1
枹	1
栐	1
柖	1
郚	1
剅	1
迺	1
厖	1
砆	1
砑	1
砄	1
耏	1
奓	1
轵	1
轷	1
轹	1
轺	1
昺	1
昽	1
盷	1
咡	1
咺	1
昳	1
昣	1
昤	1
昫	1
昡	1
咥	1
昪	1
虷	1
虸	1
哃	1
峘	1
耑	1
峛	1
峗	1
峧	1
帡	1
钘	1
钜	1
钪	1
钬	1
钭	1
矧	1
秬	1
俫	1
舁	1
俜	1
俙	1
俍	1
垕	1
衎	1
舣	1
弇	1
侴	1
鸧	1
胠	1
胈	1
胩	1
胣	1
朏	1
飐	1
訄	1
饻	1
庤	1
疢	1
炣	1
炟	1
洭	1
洘	1
洓	1
洿	1
泚	1
浈	1
浉	1
洸	1
洑	1
洢	1
洈	1
洚	1
洺	1
洨	1
浐	1
洴	1
洣	1
恔	1
宬	1
窀	1
扂	1
袆	1
祏	1
祐	1
祕	1
叚	1
陧	1
陞	1
娀	1
姞	1
姱	1
姤	1
姶	1
姽	1
枲	1
绖	1
骃	1
彖	1
骉	1
恝	1
珪	1
珛	1
珹	1
琊	1
玼	1
珖	1
珽	1
珦	1
珫	1
珒	1
珢	1
珕	1
珝	1
埗	1
垾	1
垺	1
埆	1
垿	1
埌	1
埇	1
莰	1
茝	1
鄀	1
莶	1
莝	1
莙	1
栻	1
桠	1
桄	1
梠	1
栴	1
梴	1
栒	1
酎	1
酏	1
砵	1
砠	1
砫	1
砬	1
硁	1
恧	1
翃	1
郪	1
辀	1
辁	1
剕	1
赀	1
哢	1
晅	1
晊	1
唝	1
哳	1
哱	1
冔	1
晔	1
晐	1
畖	1
蚄	1
蚆	1
帱	1
崁	1
峿	1
崄	1
帨	1
崀	1
赆	1
钷	1
眚	1
甡	1
笫	1
倻	1
倴	1
脩	1
倮	1
倕	1
倞	1
倓	1
倧	1
衃	1
虒	1
舭	1
舯	1
舥	1
瓞	1
鬯	1
鸰	1
脎	1
朓	1
胲	1
虓	1
鱽	1
狴	1
峱	1
狻	1
眢	1
勍	1
痄	1
疰	1
痃	1
竘	1
羖	1
羓	1
桊	1
敉	1
烠	1
烔	1
烶	1
烻	1
涍	1
浡	1
浭	1
浬	1
涄	1
涢	1
涐	1
浰	1
浟	1
浛	1
浼	1
浲	1
涘	1
悈	1
悃	1
悢	1
宧	1
窅	1
窊	1
窎	1
扅	1
扆	1
袪	1
袗	1
袯	1
祧	1
隺	1
堲	1
疍	1
陴	1
烝	1
砮	1
哿	1
翀	1
翂	1
剟	1
绤	1
骍	1
琎	1
珸	1
珵	1
琄	1
琈	1
琀	1
珺	1
掭	1
堎	1
堐	1
埼	1
掎	1
埫	1
堌	1
晢	1
掞	1
埪	1
壸	1
聍	1
菝	1
萚	1
菥	1
莿	1
勚	1
萆	1
菂	1
菍	1
菼	1
萣	1
菉	1
梼	1
梽	1
桲	1
梾	1
桯	1
梣	1
梌	1
桹	1
敔	1
厣	1
硔	1
鿎	1
硙	1
硚	1
硊	1
硍	1
勔	1
龁	1
逴	1
唪	1
啫	1
翈	1
晙	1
畤	1
趼	1
跂	1
蛃	1
蚲	1
蚺	1
啴	1
崧	1
崟	1
崞	1
崒	1
崌	1
崡	1
铏	1
铕	1
铖	1
铘	1
铚	1
铞	1
铥	1
铴	1
牻	1
牿	1
稆	1
笱	1
笯	1
偰	1
偡	1
鸺	1
偭	1
偲	1
偁	1
鄅	1
偓	1
徛	1
衒	1
舳	1
舲	1
鸼	1
悆	1
鄃	1
瓻	1
脶	1
脞	1
脟	1
鱾	1
猇	1
猊	1
猄	1
觖	1
庱	1
庼	1
庳	1
痓	1
竫	1
堃	1
阌	1
羝	1
羕	1
焆	1
烺	1
焌	1
淏	1
淟	1
淜	1
淴	1
淯	1
湴	1
涴	1
惛	1
惔	1
悰	1
惙	1
寁	1
逭	1
袼	1
裈	1
祲	1
谞	1
艴	1
弸	1
弶	1
隃	1
婞	1
娵	1
婼	1
媖	1
婳	1
婍	1
婌	1
婫	1
婤	1
婘	1
婠	1
绹	1
骕	1
絜	1
珷	1
琲	1
琡	1
琟	1
琔	1
琭	1
堾	1
堼	1
揕	1
堧	1
喆	1
堨	1
塅	1
堠	1
絷	1
葜	1
惎	1
萳	1
葙	1
靬	1
葴	1
蒇	1
蒈	1
鄚	1
蒉	1
蓇	1
萩	1
葰	1
葎	1
鄑	1
蒎	1
葖	1
蒄	1
萹	1
棤	1
棽	1
棫	1
椓	1
椑	1
鹀	1
椆	1
棓	1
棬	1
棪	1
椀	1
楗	1
甦	1
酦	1
觌	1
奡	1
皕	1
硪	1
欹	1
詟	1
辌	1
棐	1
龂	1
黹	1
牚	1
睎	1
晫	1
晪	1
晱	1
蛑	1
畯	1
斝	1
喤	1
崶	1
嵁	1
崾	1
嵅	1
崿	1
嵚	1
翙	1
圌	1
圐	1
赑	1
赒	1
鿏	1
铹	1
铽	1
锊	1
锍	1
锎	1
锓	1
犇	1
颋	1
稌	1
筀	1
筘	1
筜	1
筥	1
筅	1
傃	1
傉	1
翛	1
傒	1
傕	1
舾	1
畬	1
脿	1
腘	1
腙	1
腒	1
鲃	1
猰	1
猯	1
馉	1
凓	1
鄗	1
廋	1
廆	1
鄌	1
粢	1
遆	1
旐	1
焞	1
欻	1
溚	1
溁	1
湝	1
渰	1
湓	1
渟	1
溠	1
渼	1
溇	1
湣	1
湑	1
溞	1
愐	1
愃	1
敩	1
甯	1
棨	1
扊	1
裣	1
祼	1
婻	1
媆	1
媞	1
媓	1
媂	1
媄	1
毵	1
矞	1
缊	1
缐	1
骙	1
瑃	1
瑓	1
瑅	1
瑆	1
瑖	1
瑝	1
瑔	1
瑀	1
瑳	1
瑂	1
嶅	1
瑑	1
遘	1
髢	1
塥	1
堽	1
赪	1
摛	1
塝	1
搒	1
搌	1
蒱	1
蒨	1
蓏	1
蔀	1
蓢	1
蓂	1
蒻	1
蓣	1
椹	1
楪	1
榃	1
榅	1
楒	1
楩	1
榇	1
椸	1
楙	1
歅	1
碃	1
碏	1
碈	1
硿	1
鄠	1
辒	1
龆	1
觜	1
暕	1
鹍	1
暅	1
跱	1
蜐	1
蜎	1
嵲	1
赗	1
骱	1
锖	1
锘	1
锳	1
锧	1
锪	1
锫	1
锬	1
稑	1
稙	1
筻	1
筼	1
筶	1
筦	1
筤	1
傺	1
鹎	1
僇	1
艅	1
艉	1
谼	1
貆	1
腽	1
腨	1
腯	1
鲉	1
鲊	1
鲌	1
鲏	1
雊	1
猺	1
飔	1
觟	1
馌	1
裛	1
廒	1
瘅	1
鄘	1
鹒	1
鄜	1
麀	1
鄣	1
阘	1
煁	1
煃	1
煴	1
煋	1
煟	1
煓	1
滠	1
溍	1
溹	1
滆	1
滉	1
溦	1
溵	1
漷	1
滧	1
滘	1
滍	1
愭	1
慥	1
慆	1
塱	1
裼	1
禋	1
禔	1
禘	1
禒	1
谫	1
鹔	1
愍	1
嫄	1
媱	1
戤	1
勠	1
戣	1
缞	1
耤	1
瑧	1
瑨	1
瑱	1
瑷	1
瑢	1
斠	1
摏	1
墕	1
墈	1
墐	1
墘	1
摴	1
銎	1
墚	1
撖	1
靽	1
鞁	1
蔌	1
蔈	1
蓰	1
蔹	1
蔊	1
嘏	1
榰	1
榑	1
槚	1
槜	1
榍	1
疐	1
酺	1
酾	1
酲	1
酴	1
碶	1
碨	1
碹	1
碥	1
劂	1
夥	1
瞍	1
鹖	1
跽	1
蜾	1
幖	1
嶍	1
圙	1
锺	1
锼	1
锽	1
锾	1
锿	1
镃	1
镄	1
镅	1
馝	1
鹙	1
箨	1
箖	1
劄	1
僬	1
僦	1
僔	1
僎	1
槃	1
鲒	1
鲕	1
鲖	1
鲗	1
鲘	1
鲙	1
夐	1
獍	1
飗	1
凘	1
廑	1
廙	1
瘗	1
瘥	1
瘕	1
鲝	1
鄫	1
熇	1
漹	1
漖	1
潆	1
漤	1
潩	1
漼	1
漴	1
漈	1
漋	1
漻	1
慬	1
窬	1
窭	1
褕	1
禛	1
禚	1
隩	1
嫕	1
嫭	1
嫜	1
嫪	1
麹	1
璆	1
漦	1
叇	1
墣	1
墦	1
墡	1
劐	1
薁	1
蕰	1
蔃	1
鼒	1
槱	1
鹝	1
磏	1
磉	1
殣	1
慭	1
霅	1
暵	1
暲	1
暶	1
踦	1
踣	1
蝘	1
蝲	1
蝤	1
噇	1
噂	1
噀	1
罶	1
嶲	1
嶓	1
嶟	1
嶒	1
镆	1
镈	1
镋	1
镎	1
镕	1
稹	1
儇	1
皞	1
皛	1
艎	1
艏	1
鹟	1
鲦	1
鲪	1
鲬	1
橥	1
觭	1
鹠	1
鹡	1
糇	1
糈	1
翦	1
鹢	1
鹣	1
熛	1
潖	1
潵	1
澂	1
澛	1
瑬	1
潽	1
潾	1
潏	1
憭	1
憕	1
戭	1
褯	1
禤	1
嫽	1
遹	1
璥	1
璲	1
璒	1
憙	1
擐	1
鄹	1
薳	1
鞔	1
黇	1
蕗	1
薢	1
蕹	1
橞	1
橑	1
橦	1
醑	1
觱	1
磡	1
磜	1
豮	1
鹾	1
虤	1
暿	1
曌	1
曈	1
蹅	1
踶	1
螗	1
疁	1
幪	1
嶦	1
馞	1
穄	1
篚	1
篯	1
簉	1
鼽	1
衠	1
盦	1
螣	1
縢	1
鲭	1
鲯	1
鲰	1
鲺	1
鲹	1
亸	1
癀	1
瘭	1
羱	1
糒	1
燋	1
熻	1
燊	1
燚	1
燏	1
濩	1
濋	1
澪	1
澽	1
澴	1
澭	1
澼	1
憷	1
憺	1
懔	1
黉	1
嬛	1
鹨	1
翯	1
璱	1
璬	1
璮	1
髽	1
擿	1
薿	1
薸	1
檑	1
櫆	1
檞	1
醨	1
繄	1
磹	1
磻	1
瞫	1
瞵	1
蹐	1
蟏	1
镤	1
镥	1
镨	1
矰	1
穙	1
穜	1
穟	1
簕	1
簃	1
簏	1
儦	1
魋	1
斶	1
艚	1
谿	1
鲾	1
鲿	1
鳁	1
鳂	1
鳈	1
鳉	1
獯	1
馘	1
襕	1
襚	1
螱	1
甓	1
嬬	1
嬥	1
瓀	1
釐	1
鬶	1
爇	1
鞳	1
鞮	1
藟	1
藦	1
藨	1
鹲	1
檫	1
黡	1
礞	1
礌	1
蹢	1
蹜	1
蟫	1
嚚	1
髃	1
镮	1
镱	1
酂	1
馧	1
簠	1
簝	1
簰	1
鼫	1
鼩	1
皦	1
臑	1
鳑	1
鳒	1
鹱	1
鹯	1
癗	1
旞	1
翷	1
冁	1
瀔	1
瀍	1
瀌	1
襜	1
嚭	1
鬷	1
醭	1
蹯	1
蠋	1
翾	1
鳘	1
儳	1
儴	1
鼗	1
鳚	1
鳛	1
麑	1
麖	1
蠃	1
彟	1
嬿	1
鬒	1
蘘	1
欂	1
醵	1
颥	1
甗	1
巇	1
酅	1
髎	1
犨	1
爔	1
瀱	1
瀹	1
瀼	1
瀵	1
襫	1
孅	1
骦	1
耰	1
瓖	1
鬘	1
趯	1
罍	1
鼱	1
鳠	1
鳡	1
鳣	1
爟	1
爚	1
灈	1
韂	1
糵	1
蘼	1
礵	1
鹴	1
躔	1
皭	1
龢	1
鳤	1
亹	1
籥	1
鼷	1
玃	1
醾	1
齇	1
觿	1
蠼	1
続	1
込	1
変	1
楽	1
売	1
実	1
増	1
乗	1
働	1
伝	1
悪	1
悩	1
単	1
抜	1
覚	1
捨	1
焼	1
帰	1
軽	1
払	1
汚	1
厳	1
歩	1
