▁	2631
的	681
一	300
不	228
是	207
了	195
人	181
有	150
大	138
在	119
e	115
t	109
上	108
子	108
我	105
生	99
中	96
出	95
下	92
用	91
这	88
来	87
好	82
到	79
手	78
会	78
要	77
i	76
面	76
个	74
年	74
事	74
自	73
o	72
日	72
分	71
定	71
本	70
行	70
地	70
就	69
道	69
可	67
小	66
意	66
天	66
你	65
能	64
n	63
他	63
文	63
成	63
以	62
多	62
a	61
时	60
u	60
着	60
得	60
物	60
学	59
合	59
心	59
s	58
家	58
看	58
p	57
r	57
作	56
为	56
国	55
理	55
也	54
主	54
新	53
力	53
说	53
点	53
色	52
方	51
回	51
入	51
d	50
最	50
前	50
动	50
想	50
么	49
部	49
过	49
发	49
高	48
体	48
明	48
m	47
都	47
情	47
法	46
数	46
外	45
感	45
身	45
l	44
公	44
之	44
特	44
度	44
起	43
对	43
去	43
品	42
工	42
美	42
后	42
加	42
同	41
女	40
目	40
所	39
很	39
头	39
代	39
件	38
水	38
表	38
名	38
当	38
口	38
开	37
和	37
重	37
全	37
山	37
于	37
实	37
量	37
知	36
c	36
月	36
化	36
相	36
解	36
没	35
通	35
然	35
次	35
期	35
内	34
原	34
性	34
正	34
们	33
時	33
现	33
接	33
三	33
者	33
保	33
装	33
真	32
果	32
信	32
还	32
海	32
那	32
制	32
十	32
動	32
程	32
空	32
業	32
间	31
如	31
样	31
注	31
里	31
位	31
料	31
神	31
机	31
平	31
什	30
店	30
安	30
常	29
場	29
种	29
此	29
格	29
指	29
民	29
來	29
气	29
图	28
間	28
取	28
其	28
存	28
式	28
金	28
场	28
食	28
长	28
士	28
第	27
提	27
更	27
二	27
西	27
电	27
老	27
笑	27
容	26
只	26
型	26
关	26
业	26
個	26
開	26
比	26
集	26
影	26
少	26
无	26
放	26
太	26
y	26
g	25
经	25
进	25
利	25
市	25
白	25
建	25
配	25
眼	25
景	24
花	24
記	24
h	24
完	24
字	24
她	24
音	24
器	24
清	24
形	24
立	24
路	24
画	23
像	23
片	23
世	23
商	23
活	23
服	23
何	23
教	23
应	23
味	23
電	23
客	23
打	23
别	23
南	23
快	23
演	23
怎	22
b	22
男	22
产	22
現	22
社	22
话	22
台	22
单	22
思	22
長	22
交	22
命	22
受	22
例	22
见	22
始	21
考	21
做	21
示	21
置	21
先	21
包	21
展	21
结	21
消	21
北	21
機	21
向	21
星	21
整	21
流	21
等	21
G	21
田	21
E	21
O	20
己	20
素	20
问	20
而	20
任	20
修	20
模	20
車	20
精	20
元	20
报	20
王	20
几	20
标	20
院	20
光	20
案	20
传	20
造	20
反	20
斯	20
被	20
使	19
已	19
直	19
系	19
友	19
基	19
後	19
步	19
两	19
除	19
象	19
源	19
科	19
防	19
古	19
区	19
発	19
节	19
告	19
再	19
室	19
越	19
转	19
房	19
會	19
线	19
需	18
因	18
计	18
参	18
些	18
支	18
网	18
视	18
算	18
具	18
気	18
初	18
言	18
I	18
周	18
L	18
界	17
题	17
管	17
选	17
校	17
户	17
A	17
今	17
望	17
持	17
付	17
限	17
推	17
由	17
布	17
声	17
资	17
记	17
這	17
号	17
四	17
未	17
才	17
助	17
员	17
送	17
车	17
住	17
便	17
引	17
野	17
百	17
边	17
门	17
书	17
司	16
息	16
务	16
设	16
東	16
無	16
类	16
結	16
效	16
近	16
列	16
設	16
易	16
认	16
計	16
运	16
屋	16
福	16
実	16
证	16
变	16
走	16
战	16
共	16
给	16
員	16
将	16
收	16
又	16
克	16
强	16
S	15
候	15
材	15
游	15
照	15
喜	15
技	15
创	15
状	15
简	15
改	15
至	15
v	15
選	15
五	15
各	15
典	15
联	15
書	15
密	15
儿	15
质	15
球	15
板	15
火	15
爱	15
调	15
國	15
复	15
段	15
病	15
级	15
据	14
但	14
関	14
介	14
必	14
京	14
处	14
育	14
查	14
章	14
东	14
读	14
k	14
為	14
风	14
码	14
页	14
英	14
失	14
角	14
登	14
师	14
切	14
過	14
念	14
每	14
总	14
让	14
份	14
款	14
足	14
調	14
止	14
充	14
观	14
産	14
把	14
著	14
x	13
f	13
非	13
版	13
孩	13
連	13
觉	13
态	13
投	13
备	13
试	13
城	13
木	13
見	13
種	13
专	13
治	13
酒	13
石	13
医	13
術	13
温	13
予	13
语	13
导	13
值	13
乐	13
施	13
移	13
排	13
队	13
宝	13
土	13
餐	13
万	13
半	13
戦	13
季	13
冷	13
马	13
局	13
久	13
B	12
写	12
背	12
話	12
研	12
统	12
報	12
术	12
求	12
風	12
编	12
資	12
决	12
様	12
序	12
語	12
错	12
速	12
族	12
番	12
底	12
製	12
并	12
M	12
验	12
哪	12
带	12
夫	12
首	12
經	12
确	12
衣	12
致	12
園	12
菜	12
魔	12
略	12
居	12
即	12
亮	12
館	12
歌	12
富	12
满	12
刻	12
难	12
跟	12
早	12
害	12
座	12
z	12
學	12
深	12
往	12
率	12
从	12
维	12
差	12
约	12
H	11
供	11
究	11
功	11
問	11
欢	11
及	11
普	11
续	11
击	11
测	11
対	11
价	11
断	11
义	11
属	11
旅	11
找	11
牛	11
档	11
黑	11
玩	11
离	11
運	11
微	11
站	11
超	11
印	11
论	11
婚	11
青	11
哈	11
肉	11
還	11
官	11
广	11
武	11
八	11
索	11
随	11
适	11
洗	11
實	11
优	11
千	11
句	11
吃	11
死	11
换	11
拉	11
門	11
強	11
达	11
规	11
朝	11
激	11
優	11
務	11
村	11
干	11
議	11
热	11
血	11
巴	11
华	11
戏	10
P	10
否	10
題	10
們	10
沒	10
卡	10
根	10
项	10
麼	10
控	10
確	10
認	10
条	10
説	10
境	10
载	10
愛	10
请	10
概	10
录	10
增	10
備	10
评	10
组	10
別	10
听	10
収	10
费	10
它	10
办	10
豆	10
赛	10
彩	10
楽	10
轻	10
套	10
博	10
遇	10
線	10
休	10
志	10
依	10
統	10
低	10
奶	10
曲	10
點	10
於	10
封	10
州	10
說	10
军	10
論	10
規	10
良	10
静	10
落	10
宿	10
承	10
亚	10
射	10
急	10
况	9
漫	9
显	9
阅	9
故	9
政	9
称	9
史	9
判	9
類	9
连	9
待	9
构	9
似	9
樣	9
免	9
红	9
键	9
许	9
観	9
秋	9
春	9
识	9
米	9
評	9
签	9
晚	9
七	9
播	9
互	9
油	9
委	9
九	9
慢	9
経	9
毛	9
细	9
進	9
發	9
護	9
众	9
川	9
試	9
脸	9
延	9
破	9
拍	9
午	9
皇	9
關	9
奇	9
露	9
极	9
江	9
當	9
適	9
端	9
欧	9
對	9
島	9
留	9
網	9
視	9
预	9
群	9
拿	9
钱	9
體	9
批	9
假	9
获	8
择	8
操	8
朋	8
该	8
壁	8
健	8
映	8
態	8
环	8
输	8
香	8
簡	8
历	8
売	8
艺	8
库	8
歴	8
蛋	8
令	8
約	8
童	8
终	8
护	8
編	8
父	8
母	8
幸	8
默	8
療	8
策	8
張	8
域	8
録	8
六	8
夜	8
N	8
警	8
察	8
独	8
担	8
験	8
领	8
質	8
短	8
郎	8
尚	8
停	8
权	8
吧	8
附	8
節	8
趣	8
益	8
広	8
却	8
远	8
伤	8
週	8
双	8
怪	8
剧	8
転	8
々	8
洲	8
退	8
藤	8
养	8
親	8
洋	8
疑	8
師	8
岡	8
钢	8
园	8
級	8
灵	8
爷	8
復	8
举	8
散	8
班	8
難	8
貨	8
尔	8
R	8
余	8
証	8
軍	8
荷	8
跑	8
細	7
希	7
或	7
企	7
插	7
频	7
习	7
突	7
准	7
仕	7
応	7
港	7
软	7
単	7
享	7
価	7
左	7
右	7
束	7
划	7
描	7
述	7
追	7
检	7
參	7
葉	7
议	7
您	7
D	7
際	7
另	7
智	7
変	7
符	7
张	7
茶	7
截	7
弟	7
納	7
構	7
透	7
责	7
検	7
習	7
決	7
斗	7
搭	7
围	7
舞	7
攻	7
按	7
粉	7
松	7
势	7
谢	7
采	7
染	7
团	7
T	7
迎	7
吉	7
律	7
航	7
销	7
职	7
曜	7
吸	7
秘	7
核	7
玉	7
內	7
脑	7
坐	7
醒	7
绘	7
達	7
冬	7
禁	7
刺	7
幕	7
哥	7
缓	7
折	7
压	7
摇	7
帝	7
块	7
紙	7
義	7
争	7
導	7
阳	7
危	7
巨	7
頭	7
耳	7
紧	7
营	7
伴	7
冰	7
监	7
妹	7
穿	7
礼	7
幼	7
堂	7
跳	7
苦	7
惑	7
馆	7
勝	7
股	7
奈	7
盟	7
歩	7
旁	7
請	7
招	7
伝	7
役	7
割	7
職	7
牙	7
末	7
派	7
兰	7
省	7
尼	7
庫	7
财	7
啊	7
守	7
讲	7
隊	7
C	6
般	6
購	6
添	6
够	6
康	6
返	6
较	6
继	6
辑	6
w	6
址	6
牌	6
植	6
係	6
脚	6
竟	6
链	6
夏	6
与	6
际	6
専	6
唯	6
圖	6
仅	6
県	6
囲	6
颜	6
雄	6
営	6
善	6
阪	6
讀	6
彼	6
范	6
购	6
买	6
异	6
启	6
摄	6
皮	6
終	6
街	6
應	6
毎	6
宅	6
亲	6
離	6
含	6
宣	6
刚	6
详	6
售	6
援	6
负	6
则	6
遊	6
査	6
愿	6
紅	6
階	6
沙	6
阿	6
満	6
培	6
桌	6
吗	6
娘	6
永	6
伙	6
興	6
費	6
降	6
麻	6
伊	6
載	6
裡	6
德	6
丽	6
征	6
馬	6
翻	6
尽	6
纪	6
抽	6
窗	6
席	6
佐	6
床	6
篇	6
軽	6
怕	6
甜	6
淡	6
許	6
協	6
河	6
浪	6
叶	6
雑	6
暗	6
缺	6
講	6
厅	6
橋	6
副	6
爆	6
厂	6
迷	6
仔	6
養	6
忙	6
惊	6
药	6
創	6
谷	6
鮮	6
戸	6
威	6
兒	6
层	6
唱	6
讓	6
衛	6
抱	6
词	6
順	6
叫	6
q	6
鲜	6
補	6
兵	6
盘	6
並	6
變	6
澳	6
隆	6
剩	6
杀	6
U	6
複	6
數	6
則	6
摩	6
弹	6
畫	6
邊	6
翼	6
询	5
析	5
响	5
撮	5
献	5
府	5
误	5
環	5
庭	5
販	5
項	5
答	5
纸	5
帮	5
効	5
乎	5
肯	5
準	5
汽	5
覧	5
诉	5
覺	5
升	5
泉	5
丈	5
订	5
株	5
韓	5
閱	5
誕	5
況	5
释	5
麗	5
監	5
督	5
袋	5
授	5
避	5
黄	5
训	5
森	5
笔	5
草	5
謝	5
図	5
均	5
纹	5
識	5
症	5
课	5
組	5
談	5
鉄	5
姐	5
圣	5
恐	5
林	5
純	5
融	5
処	5
藏	5
疫	5
挑	5
曾	5
革	5
續	5
糕	5
財	5
兴	5
险	5
伸	5
严	5
標	5
途	5
銀	5
倒	5
寸	5
协	5
览	5
隐	5
続	5
熟	5
丝	5
総	5
饰	5
探	5
寿	5
丁	5
糖	5
积	5
秀	5
恋	5
宮	5
椅	5
罗	5
劇	5
架	5
湖	5
卫	5
昨	5
產	5
華	5
障	5
掌	5
舒	5
單	5
乳	5
區	5
誌	5
刷	5
乾	5
飛	5
私	5
渐	5
祝	5
紀	5
兩	5
额	5
混	5
仙	5
励	5
困	5
厚	5
池	5
買	5
阵	5
輸	5
樂	5
液	5
雨	5
框	5
違	5
梦	5
毫	5
浴	5
忘	5
両	5
烈	5
柔	5
震	5
暂	5
顺	5
促	5
嘴	5
仮	5
娃	5
姿	5
甲	5
农	5
抗	5
遍	5
顾	5
靠	5
負	5
货	5
币	5
镜	5
隔	5
攝	5
零	5
临	5
抬	5
拼	5
測	5
領	5
減	5
刊	5
筆	5
晶	5
楼	5
脱	5
夕	5
贝	5
井	5
団	5
妇	5
妙	5
镇	5
児	5
醫	5
券	5
麦	5
賞	5
側	5
蜜	5
泽	5
铁	5
托	5
崎	5
營	5
遗	5
聚	5
勇	5
卓	5
苏	5
給	5
聯	5
墨	5
戰	5
救	5
瓜	5
党	5
總	5
詢	5
闪	5
呢	5
偏	5
祖	5
賀	5
紹	4
枚	4
且	4
绍	4
稿	4
甚	4
較	4
荐	4
矢	4
函	4
睛	4
換	4
駅	4
咖	4
央	4
択	4
徴	4
猫	4
础	4
册	4
灣	4
湾	4
申	4
催	4
雰	4
兄	4
搜	4
歡	4
毕	4
練	4
宇	4
瞬	4
箱	4
虑	4
距	4
闭	4
绝	4
璃	4
径	4
該	4
练	4
尤	4
漂	4
鸡	4
円	4
雪	4
敢	4
绿	4
诞	4
呼	4
絶	4
繼	4
巧	4
拡	4
横	4
屏	4
杂	4
絡	4
坚	4
駐	4
减	4
塗	4
肤	4
尺	4
帽	4
匿	4
忽	4
築	4
扩	4
弁	4
残	4
龙	4
値	4
掲	4
税	4
蓝	4
讨	4
御	4
触	4
厨	4
针	4
歯	4
忍	4
谓	4
狗	4
顔	4
循	4
仿	4
佛	4
陽	4
宜	4
寻	4
握	4
谁	4
毒	4
飞	4
若	4
紫	4
梅	4
波	4
玄	4
掃	4
邮	4
睡	4
票	4
熊	4
拟	4
飯	4
妻	4
杯	4
审	4
夢	4
辺	4
痛	4
补	4
浜	4
桃	4
焼	4
沢	4
徒	4
惠	4
噌	4
携	4
帯	4
某	4
婦	4
婆	4
欣	4
挥	4
袖	4
覚	4
薬	4
岁	4
械	4
陆	4
蝶	4
眉	4
募	4
維	4
價	4
荣	4
骨	4
険	4
圈	4
谱	4
塑	4
怀	4
辣	4
慮	4
労	4
掉	4
尾	4
裝	4
灰	4
饮	4
旋	4
飲	4
肌	4
锈	4
讯	4
冠	4
卧	4
尊	4
冒	4
损	4
診	4
兔	4
寶	4
競	4
坏	4
递	4
詞	4
遭	4
專	4
遠	4
鹿	4
肖	4
豪	4
驗	4
庆	4
暴	4
雅	4
汁	4
辈	4
極	4
硬	4
滑	4
積	4
冲	4
凌	4
替	4
珠	4
偶	4
幾	4
乃	4
異	4
宽	4
陸	4
辦	4
粒	4
陷	4
蔵	4
耐	4
坂	4
燃	4
瑞	4
腕	4
鼠	4
貴	4
倉	4
顧	4
锅	4
丹	4
肥	4
鏡	4
轮	4
召	4
輪	4
踪	4
恶	4
尸	4
輕	4
條	4
叔	4
殺	4
锁	4
帶	4
贵	4
錄	4
災	4
峰	4
繁	4
焦	4
菩	4
赞	4
槽	4
潜	4
氣	4
纯	4
觀	4
顶	4
碎	4
遺	4
跡	4
炎	4
累	4
帳	4
軟	4
晨	4
椒	4
剛	4
卖	4
占	4
侵	4
摆	4
團	4
汇	4
締	4
咳	4
叹	4
悠	4
針	4
險	4
侧	4
朗	4
詳	3
骤	3
虽	3
删	3
络	3
执	3
须	3
败	3
啡	3
昭	3
閲	3
緒	3
楚	3
聞	3
妈	3
魅	3
拥	3
疗	3
钟	3
殊	3
患	3
宙	3
闻	3
媒	3
固	3
薦	3
筑	3
访	3
綺	3
银	3
玻	3
恢	3
町	3
勉	3
储	3
菓	3
阶	3
爸	3
盒	3
串	3
鱼	3
既	3
戲	3
丰	3
舗	3
苹	3
佳	3
撃	3
寺	3
顿	3
李	3
採	3
訪	3
允	3
娱	3
葡	3
萄	3
卒	3
須	3
玫	3
瑰	3
鞋	3
灯	3
综	3
憶	3
浏	3
韩	3
済	3
旦	3
垃	3
圾	3
鍋	3
絵	3
悉	3
仍	3
沖	3
縄	3
込	3
飾	3
稳	3
晴	3
疾	3
歷	3
惜	3
責	3
奏	3
旧	3
竞	3
绩	3
墙	3
译	3
忆	3
账	3
聊	3
鬼	3
呵	3
仲	3
燥	3
呂	3
腐	3
剪	3
訊	3
鈴	3
泡	3
奥	3
烦	3
逐	3
胞	3
虚	3
姓	3
宗	3
沉	3
輯	3
绪	3
弃	3
蔬	3
估	3
裏	3
滤	3
奖	3
云	3
竹	3
纷	3
饭	3
驶	3
討	3
饼	3
聖	3
摘	3
脂	3
媽	3
衡	3
罪	3
赏	3
範	3
豊	3
岩	3
裁	3
净	3
齢	3
札	3
幌	3
狂	3
瓶	3
君	3
覆	3
盖	3
敌	3
蝴	3
醤	3
懂	3
搞	3
羊	3
缩	3
炼	3
稚	3
績	3
耀	3
課	3
坡	3
墅	3
践	3
麵	3
頼	3
沿	3
敏	3
侣	3
郵	3
幻	3
暖	3
削	3
辆	3
錯	3
裙	3
魂	3
與	3
餃	3
犹	3
渋	3
埼	3
辛	3
贴	3
羽	3
鳥	3
夹	3
棒	3
農	3
臺	3
胡	3
熱	3
抵	3
潮	3
夠	3
籍	3
董	3
緊	3
抹	3
泰	3
岸	3
奋	3
獻	3
苗	3
辅	3
胸	3
胜	3
顯	3
炸	3
芸	3
幅	3
迪	3
阻	3
濯	3
洁	3
綜	3
呈	3
執	3
孕	3
幫	3
虎	3
妖	3
廳	3
疼	3
筋	3
X	3
勢	3
髪	3
é	3
亿	3
砂	3
衝	3
抓	3
裕	3
旗	3
禮	3
淘	3
芝	3
黃	3
凍	3
朵	3
孤	3
V	3
抜	3
狀	3
豚	3
填	3
渡	3
珍	3
陶	3
孔	3
酸	3
萬	3
扣	3
归	3
帅	3
傳	3
狠	3
肩	3
津	3
戒	3
轰	3
粧	3
雷	3
據	3
邪	3
樹	3
膀	3
敬	3
汉	3
廣	3
烧	3
乱	3
黎	3
扮	3
鼻	3
胶	3
抑	3
悟	3
泳	3
寝	3
坦	3
髮	3
喝	3
倍	3
繍	3
漢	3
嘿	3
恩	3
殿	3
闲	3
幹	3
寓	3
牡	3
絲	3
矩	3
仪	3
俱	3
钥	3
腿	3
偷	3
兼	3
悪	3
莓	3
恭	3
朱	3
借	3
赋	3
尿	3
氛	3
悔	3
娜	3
歉	3
罩	3
擔	3
乗	3
檬	3
斷	3
螺	3
慕	3
稱	3
悄	3
菇	3
盗	3
壊	3
莫	3
淇	3
淋	3
乡	3
嘉	3
羅	3
権	3
阴	3
霸	3
秒	3
梯	3
姉	3
殖	3
酷	3
辨	3
捕	3
吐	3
読	3
岛	3
將	3
貸	3
頂	3
畢	3
芒	3
蘭	3
茄	3
誉	3
滿	3
鑑	3
遵	3
磨	3
劃	3
眾	3
捷	3
洞	3
碰	3
増	3
壓	3
欺	3
従	3
欲	3
帖	3
豐	3
擊	3
浮	3
堪	3
拳	3
洛	3
釈	3
帰	3
泥	3
亞	3
拌	3
箭	3
乖	3
颗	3
辞	3
喫	3
抖	3
勤	3
逊	3
崩	3
臨	3
漠	3
租	3
虫	3
匆	3
琴	3
戴	3
昆	3
滋	3
慎	3
歐	3
佩	3
狱	3
隨	3
菌	3
猛	3
姆	3
剣	3
繊	3
履	3
乘	3
脆	3
湿	3
凝	3
迹	3
弱	3
證	3
稲	3
磁	3
姜	3
堆	3
宫	3
扰	3
溫	3
菲	3
摸	3
戶	3
彰	3
诸	3
毁	3
灭	3
拠	3
腹	3
浦	3
奔	3
嘻	3
榜	3
廊	3
琉	3
寒	3
伟	3
啟	3
嫌	3
偿	3
迫	3
碑	3
敷	3
呜	3
尋	3
郁	3
伯	3
逃	3
蟹	3
<	2
>	2
F	2
括	2
济	2
努	2
響	2
织	2
炒	2
黒	2
頑	2
巻	2
钮	2
柄	2
敵	2
赤	2
亡	2
雖	2
擇	2
怖	2
翡	2
翠	2
丸	2
树	2
皆	2
卷	2
姑	2
敗	2
獲	2
迅	2
躍	2
犬	2
惯	2
K	2
號	2
慧	2
織	2
尝	2
拒	2
湯	2
彻	2
逻	2
咱	2
赶	2
煮	2
姻	2
厉	2
契	2
桜	2
汤	2
匹	2
措	2
龄	2
眠	2
萌	2
咨	2
龍	2
邀	2
礎	2
俄	2
涯	2
魚	2
驾	2
慣	2
訓	2
烤	2
塔	2
猪	2
肪	2
祭	2
藝	2
犯	2
盯	2
払	2
圳	2
绑	2
刃	2
披	2
晰	2
吊	2
處	2
濟	2
疯	2
赖	2
靴	2
圆	2
耗	2
驱	2
栄	2
寧	2
伍	2
刀	2
讶	2
歳	2
沟	2
趋	2
額	2
蒸	2
貼	2
俳	2
矛	2
盾	2
働	2
唐	2
署	2
豫	2
聴	2
涉	2
船	2
滅	2
樓	2
宠	2
渲	2
雙	2
肚	2
胁	2
徹	2
擎	2
臣	2
扫	2
仰	2
膚	2
婴	2
渠	2
挨	2
拶	2
泊	2
鐘	2
栽	2
骑	2
尴	2
尬	2
盤	2
稍	2
薄	2
塩	2
泛	2
劳	2
萝	2
卜	2
乏	2
闘	2
曝	2
氏	2
寫	2
棉	2
杭	2
浙	2
蜘	2
蛛	2
雞	2
仓	2
顏	2
燈	2
緑	2
贡	2
啤	2
妊	2
娠	2
哲	2
藍	2
騎	2
餅	2
贸	2
盆	2
雲	2
輩	2
污	2
丼	2
陛	2
贷	2
芯	2
馈	2
酱	2
氧	2
憩	2
聲	2
Q	2
陳	2
缶	2
岗	2
刘	2
刑	2
纽	2
棚	2
舍	2
甘	2
	2
継	2
濃	2
拾	2
坛	2
柜	2
訴	2
陈	2
亭	2
腰	2
鼓	2
蒙	2
罢	2
鸟	2
赚	2
焰	2
謂	2
愤	2
怒	2
铺	2
傾	2
篮	2
燒	2
盛	2
姫	2
岐	2
阜	2
腾	2
莉	2
腦	2
糊	2
雕	2
蕎	2
酥	2
潔	2
傅	2
馴	2
碍	2
聪	2
陌	2
凤	2
凰	2
馨	2
虾	2
矯	2
惧	2
潟	2
润	2
挙	2
愉	2
裤	2
慰	2
絕	2
蜂	2
誤	2
诺	2
檢	2
狮	2
撑	2
穫	2
锻	2
咲	2
鶏	2
訳	2
鎌	2
钻	2
圧	2
蹈	2
妆	2
嘛	2
卵	2
聘	2
诊	2
擁	2
箇	2
檔	2
垂	2
狐	2
狸	2
楷	2
闆	2
闹	2
屬	2
仁	2
匙	2
陪	2
釋	2
缘	2
娛	2
邸	2
唤	2
挂	2
獄	2
夾	2
凭	2
冊	2
脖	2
愣	2
蘋	2
浑	2
麺	2
罐	2
蓋	2
皿	2
審	2
脏	2
憾	2
闺	2
怜	2
屈	2
柠	2
窓	2
纤	2
拓	2
賽	2
丫	2
層	2
贅	2
奮	2
駄	2
滚	2
妄	2
碗	2
珈	2
琲	2
皱	2
菊	2
洒	2
臂	2
蘑	2
鍵	2
貓	2
佬	2
螢	2
斜	2
煎	2
杨	2
翌	2
曼	2
廚	2
驟	2
裹	2
穴	2
褲	2
姨	2
兑	2
猜	2
巅	2
拦	2
杏	2
廃	2
撼	2
羡	2
柳	2
圓	2
鬆	2
宴	2
肃	2
揮	2
薩	2
泌	2
膜	2
逮	2
厌	2
賃	2
浅	2
祥	2
炖	2
厘	2
璧	2
鐵	2
媳	2
獅	2
抠	2
獨	2
酬	2
啦	2
伦	2
敦	2
诱	2
胖	2
浔	2
滝	2
茨	2
貿	2
瀑	2
柱	2
躺	2
秩	2
僅	2
振	2
坊	2
凡	2
鸭	2
樱	2
菱	2
泪	2
弾	2
梨	2
艾	2
漏	2
曖	2
昧	2
逆	2
僵	2
掛	2
忧	2
疆	2
肺	2
慨	2
筛	2
胆	2
渴	2
绕	2
烟	2
昇	2
紋	2
脾	2
撞	2
乙	2
挖	2
掘	2
翅	2
尻	2
瓦	2
圍	2
耶	2
稣	2
艰	2
拯	2
沌	2
昵	2
迟	2
缝	2
聽	2
牧	2
綠	2
祉	2
屁	2
隧	2
翰	2
狼	2
剑	2
腔	2
虹	2
挣	2
扎	2
麒	2
麟	2
栃	2
桶	2
枕	2
粥	2
恵	2
願	2
併	2
迭	2
匀	2
澡	2
衬	2
衫	2
梱	2
诡	2
宋	2
涼	2
猴	2
镯	2
棄	2
怨	2
歓	2
曹	2
壤	2
鉛	2
谐	2
乌	2
溃	2
瀬	2
斤	2
跃	2
齿	2
厕	2
轉	2
挽	2
遣	2
縣	2
滞	2
炭	2
鋼	2
辰	2
埃	2
烁	2
咬	2
吹	2
肢	2
糟	2
瘦	2
癌	2
谨	2
唇	2
吩	2
咐	2
瑜	2
伽	2
抄	2
邦	2
杉	2
胳	2
膊	2
爪	2
丘	2
颤	2
牺	2
牲	2
溪	2
膠	2
咪	2
芋	2
幡	2
涨	2
轨	2
苑	2
粮	2
珊	2
瑚	2
擦	2
貢	2
惕	2
傷	2
墊	2
堡	2
卦	2
舎	2
饺	2
徐	2
嚴	2
妨	2
馳	2
從	2
廠	2
蕉	2
徳	2
妃	2
涂	2
葫	2
芦	2
肿	2
瘤	2
蛇	2
淨	2
扁	2
廷	2
薔	2
薇	2
渉	2
糯	2
櫃	2
吓	2
霜	2
爭	2
頁	2
宾	2
奨	2
鉴	2
痕	2
喇	2
叭	2
汰	2
赵	2
寵	2
貝	2
骄	2
傲	2
嗽	2
莲	2
剤	2
巾	2
飼	2
喊	2
緯	2
厳	2
墓	2
巷	2
杜	2
綿	2
彫	2
恤	2
筒	2
扇	2
搅	2
碌	2
寂	2
寞	2
詩	2
裂	2
幽	2
堅	2
僕	2
柚	2
咔	2
嚓	2
恼	2
蠣	2
喚	2
帆	2
卉	2
鶴	2
徽	2
梁	2
吋	2
翔	2
忌	2
铝	2
柴	2
隙	2
雜	2
燕	2
爽	2
叉	2
挿	2
葛	2
浄	2
昼	2
哭	2
誰	2
荒	2
喷	2
陕	2
劉	2
臭	2
弊	2
捉	2
蕾	2
酵	2
檸	2
預	2
觸	2
悲	2
届	2
桥	2
栏	2
俺	2
棟	2
豬	2
偵	2
勿	2
浸	2
煩	2
愈	2
铜	2
奢	2
侈	2
烘	2
焙	2
閒	2
暑	2
柏	2
邻	2
纠	2
钓	2
栗	2
譯	2
睁	2
唔	2
嘗	2
焊	2
恒	2
趟	2
蓮	2
郡	2
憲	2
沐	2
蝙	2
蝠	2
穩	2
馒	2
贺	2
鬥	2
袭	2
薯	2
拖	2
硕	2
枝	2
愧	2
桂	2
畳	2
丢	2
晒	2
盈	2
哦	2
漆	2
赁	2
痤	2
疮	2
阱	2
瓷	2
捜	2
醬	2
戯	2
遮	2
粘	2
慈	2
倾	2
废	2
谈	2
孫	2
腊	2
夸	2
溝	2
贈	2
拷	2
辐	2
摂	2
纳	2
惩	2
罚	2
崛	2
懸	2
亜	2
腻	2
煙	2
庵	2
筷	2
吞	2
噬	2
烹	2
饪	2
粹	2
厲	2
驰	2
诧	2
祈	2
祷	2
吴	2
刹	2
萨	2
劣	2
畅	2
蚂	2
蚁	2
拇	2
赔	2
芽	2
熙	2
棕	2
苔	2
呪	2
傘	2
頻	2
秤	2
撤	2
沫	2
竜	2
丧	2
廉	2
岳	2
旨	2
忠	2
詐	2
塞	2
霆	2
粋	2
凉	2
韭	2
哺	2
厦	2
赢	2
寄	2
迁	2
慶	2
眨	2
臉	2
椰	2
斎	2
軌	2
玲	2
啥	2
艳	2
億	2
湘	2
扭	2
鳳	2
儀	2
橡	2
侠	2
帐	2
伏	2
挺	2
擅	2
倶	2
琵	2
琶	2
辉	2
煌	2
軒	2
蔓	2
爵	2
舉	2
屑	2
橙	2
崇	2
拜	2
殼	2
旬	2
烏	2
蔽	2
紗	2
沈	2
刪	2
县	2
砖	2
楊	2
嵌	2
谅	2
挫	2
裸	2
诚	2
堀	2
兽	2
閉	2
寬	2
彈	2
叠	2
錠	2
腳	2
螃	2
齡	2
衆	2
嬰	2
撰	2
卸	2
拆	2
郭	2
仏	2
諏	2
吵	2
嫉	2
妒	2
猎	2
胎	2
尖	2
漁	2
哎	2
呀	2
墳	2
吳	2
櫻	2
權	2
瓣	2
眺	2
玛	2
嗎	2
艦	2
荘	2
膨	2
胀	2
逍	2
遥	2
绒	2
浓	2
噪	2
隻	2
睫	2
渊	2
壽	2
誘	2
伐	2
垣	2
郑	2
臓	2
疲	2
/	1
0	1
8	1
ỗ	1
ß	1
Z	1
j	1
	1
Y	1
ẩ	1
W	1
̍	1
É	1
â	1
ư	1
秦	1
宁	1
亦	1
頃	1
嗯	1
戻	1
爾	1
孙	1
押	1
诗	1
齐	1
錢	1
浩	1
驚	1
枪	1
踏	1
嬉	1
釣	1
晓	1
杰	1
俊	1
庄	1
萧	1
諸	1
汗	1
昔	1
暮	1
揚	1
勒	1
扬	1
弄	1
歲	1
尘	1
卻	1
滴	1
俗	1
鲁	1
埋	1
欠	1
嫁	1
奉	1
乔	1
昌	1
巡	1
逸	1
莱	1
澤	1
靈	1
芳	1
宏	1
賣	1
縮	1
洪	1
悩	1
恨	1
喔	1
粗	1
吾	1
魏	1
呆	1
剂	1
孟	1
孝	1
逼	1
蘇	1
陰	1
跨	1
凯	1
貌	1
奴	1
陣	1
泣	1
桑	1
胃	1
侯	1
扱	1
肝	1
傻	1
溶	1
塚	1
誠	1
詰	1
抢	1
遅	1
藥	1
棋	1
弘	1
輝	1
拔	1
損	1
扶	1
霍	1
锦	1
锋	1
脉	1
爬	1
凄	1
砰	1
赫	1
彦	1
隠	1
蒂	1
勾	1
汚	1
弥	1
訂	1
炮	1
鳴	1
搬	1
註	1
鎮	1
塁	1
舟	1
陵	1
悦	1
坑	1
獎	1
隣	1
撒	1
盡	1
凶	1
壮	1
曰	1
蔡	1
吼	1
茂	1
轩	1
雾	1
舊	1
劲	1
卿	1
炉	1
賢	1
轴	1
妮	1
斑	1
琳	1
哼	1
舌	1
骗	1
碼	1
歸	1
仇	1
挡	1
餘	1
莎	1
鸣	1
郷	1
惨	1
雀	1
鄉	1
捨	1
稀	1
碧	1
晋	1
枫	1
霊	1
夺	1
縁	1
倫	1
穆	1
肠	1
躲	1
弗	1
糸	1
靜	1
葬	1
矿	1
侍	1
塊	1
醉	1
跌	1
懷	1
狙	1
閣	1
骂	1
慌	1
旭	1
盐	1
飘	1
晃	1
眸	1
娇	1
沼	1
氷	1
哀	1
丑	1
阁	1
冥	1
姬	1
惹	1
杆	1
舰	1
狭	1
苍	1
衰	1
毅	1
啪	1
旺	1
溜	1
涵	1
緩	1
譜	1
喂	1
弯	1
桐	1
揃	1
薪	1
繋	1
柯	1
昏	1
帕	1
弓	1
膏	1
匠	1
遂	1
惡	1
劫	1
牢	1
繰	1
脳	1
亂	1
溢	1
谋	1
违	1
黨	1
扑	1
弦	1
俩	1
僧	1
膝	1
荡	1
畑	1
潤	1
榮	1
爹	1
袁	1
嘅	1
嫩	1
疏	1
逢	1
碳	1
縦	1
敲	1
芬	1
冻	1
漬	1
霞	1
朴	1
悬	1
癒	1
齊	1
纵	1
霧	1
鎖	1
卢	1
駆	1
恰	1
幣	1
噗	1
沃	1
汪	1
巫	1
拝	1
飽	1
瑶	1
烂	1
橘	1
銷	1
灾	1
兆	1
庁	1
壳	1
昂	1
襲	1
軸	1
腸	1
枠	1
瑟	1
婉	1
抛	1
涌	1
奪	1
牵	1
鼎	1
懒	1
囊	1
斩	1
揭	1
铃	1
勧	1
穷	1
吕	1
謎	1
琪	1
掩	1
懐	1
丨	1
笼	1
吟	1
獣	1
貫	1
潘	1
錦	1
滩	1
逛	1
妥	1
偉	1
吻	1
銅	1
麥	1
佢	1
捏	1
剥	1
昊	1
囉	1
瞪	1
輔	1
债	1
蓄	1
莊	1
扯	1
迈	1
怡	1
覽	1
逝	1
隱	1
彭	1
勞	1
贤	1
枯	1
叮	1
爲	1
頓	1
稼	1
靖	1
灌	1
坤	1
噴	1
鸿	1
踊	1
魯	1
奧	1
瞳	1
嵐	1
炊	1
耕	1
壞	1
坪	1
壇	1
涛	1
喉	1
羞	1
贫	1
贾	1
锐	1
鹅	1
涙	1
婷	1
蛮	1
蒜	1
葱	1
蒋	1
澄	1
銘	1
薛	1
伺	1
葵	1
顆	1
脈	1
哇	1
鴨	1
妳	1
跪	1
瞧	1
鄭	1
咒	1
亏	1
贼	1
咁	1
铭	1
戚	1
紐	1
徵	1
陀	1
雇	1
宰	1
袍	1
痴	1
驻	1
漸	1
戀	1
踢	1
冯	1
砲	1
咸	1
歪	1
赴	1
緣	1
鹏	1
捧	1
諾	1
邓	1
姚	1
鹰	1
亀	1
赌	1
槍	1
盲	1
傑	1
晩	1
踩	1
衍	1
垫	1
颖	1
賊	1
腺	1
狩	1
趙	1
哉	1
蓉	1
闷	1
儒	1
矣	1
穂	1
惟	1
酢	1
夷	1
佑	1
爺	1
暫	1
韵	1
戈	1
翁	1
泄	1
饱	1
纱	1
貧	1
趁	1
虐	1
咚	1
劍	1
挤	1
蝦	1
誓	1
捐	1
揉	1
睇	1
艇	1
炫	1
凸	1
紛	1
叛	1
崔	1
椎	1
渣	1
妝	1
勃	1
愚	1
窝	1
辱	1
愁	1
卑	1
庞	1
斥	1
嗡	1
媛	1
楠	1
禅	1
撕	1
茅	1
縫	1
喵	1
扔	1
蒲	1
脫	1
宛	1
託	1
绵	1
砸	1
堵	1
閃	1
晕	1
摔	1
欄	1
脇	1
栈	1
虛	1
伪	1
藩	1
芙	1
擺	1
茫	1
筹	1
颈	1
擬	1
沸	1
凑	1
豹	1
嘘	1
扉	1
濕	1
柿	1
贯	1
繪	1
賓	1
誇	1
塾	1
眯	1
廟	1
梗	1
祐	1
牆	1
尹	1
叙	1
缸	1
妍	1
拨	1
鉢	1
逗	1
膳	1
肆	1
喻	1
兹	1
塘	1
暇	1
颇	1
勘	1
淳	1
畏	1
缠	1
猿	1
遷	1
唉	1
塵	1
劝	1
貞	1
淮	1
饿	1
坠	1
庙	1
蓬	1
銃	1
讚	1
峡	1
绳	1
鹤	1
韦	1
鹽	1
浆	1
刮	1
拘	1
拭	1
宵	1
冇	1
稻	1
笠	1
凹	1
崖	1
戳	1
淑	1
廢	1
猶	1
醋	1
蟲	1
咕	1
赠	1
咽	1
凱	1
貯	1
抚	1
垢	1
籠	1
儲	1
阔	1
杖	1
嘭	1
裴	1
沾	1
偽	1
茹	1
龟	1
瑪	1
簿	1
郊	1
謀	1
兮	1
趕	1
蠻	1
闇	1
阀	1
綾	1
辩	1
阮	1
嘲	1
屠	1
償	1
媚	1
芭	1
哩	1
殷	1
煤	1
甩	1
巢	1
庸	1
駒	1
熬	1
祸	1
摊	1
窟	1
帥	1
憂	1
賛	1
綱	1
銭	1
砍	1
歧	1
谦	1
潭	1
堤	1
丙	1
寨	1
滨	1
寅	1
煞	1
鷹	1
畜	1
蚊	1
贪	1
笛	1
絞	1
澜	1
搖	1
壶	1
邱	1
泵	1
恥	1
壹	1
騰	1
凛	1
騒	1
脊	1
嶋	1
碟	1
锡	1
債	1
萊	1
烫	1
釜	1
圭	1
耍	1
斐	1
亨	1
吨	1
叩	1
栓	1
腫	1
喘	1
攀	1
蒼	1
痘	1
醇	1
钉	1
毯	1
蠢	1
讽	1
佈	1
缀	1
稅	1
梳	1
迦	1
曦	1
虞	1
霄	1
哒	1
棠	1
竖	1
斬	1
貰	1
仗	1
剖	1
匪	1
藉	1
娶	1
岭	1
盼	1
韻	1
蛙	1
莹	1
咩	1
潇	1
焚	1
劑	1
睿	1
譲	1
棍	1
绣	1
獸	1
梓	1
丛	1
罰	1
趴	1
窮	1
俯	1
帘	1
濱	1
躁	1
藻	1
賴	1
酔	1
栋	1
歇	1
厄	1
憧	1
稽	1
罕	1
尉	1
捲	1
嘶	1
黛	1
矮	1
咯	1
屯	1
锤	1
傍	1
丞	1
闯	1
寛	1
斌	1
奕	1
瑾	1
袜	1
嗤	1
徑	1
咋	1
弧	1
詹	1
黏	1
禍	1
爛	1
蹲	1
兜	1
騙	1
蜡	1
衷	1
鸦	1
揺	1
哗	1
菅	1
簽	1
褒	1
伞	1
茜	1
鑫	1
肾	1
焉	1
鞭	1
雯	1
嘟	1
倩	1
橫	1
磊	1
嫂	1
赐	1
汝	1
萱	1
辭	1
甫	1
諦	1
帧	1
舅	1
唰	1
嗖	1
祀	1
庚	1
覇	1
岚	1
魄	1
钩	1
坎	1
駕	1
殘	1
祁	1
癖	1
曉	1
瞎	1
禾	1
喃	1
霖	1
梵	1
撫	1
谭	1
硅	1
鍛	1
汐	1
掏	1
匯	1
姊	1
竿	1
怔	1
擴	1
埔	1
拐	1
賜	1
蜀	1
廻	1
謙	1
辽	1
裔	1
寮	1
磯	1
峠	1
晉	1
渔	1
淺	1
辖	1
僚	1
襟	1
鍾	1
霉	1
撇	1
榴	1
喪	1
唷	1
酪	1
嶺	1
彤	1
廿	1
疹	1
潰	1
涩	1
侦	1
撲	1
痒	1
喬	1
啓	1
淀	1
岂	1
朔	1
仆	1
佣	1
屆	1
纲	1
巣	1
轟	1
拱	1
笨	1
呃	1
喧	1
邵	1
灿	1
勁	1
隅	1
啲	1
湧	1
挟	1
撥	1
皓	1
囚	1
彬	1
懵	1
畔	1
缴	1
潛	1
饶	1
蕭	1
勵	1
挪	1
滾	1
栖	1
捡	1
圏	1
乞	1
哄	1
甸	1
雁	1
躯	1
掀	1
酿	1
哑	1
鍊	1
壺	1
廖	1
淵	1
塌	1
搶	1
寡	1
窄	1
萍	1
硫	1
琛	1
辟	1
鑽	1
爐	1
賦	1
蹄	1
笙	1
迄	1
诀	1
湛	1
搏	1
彌	1
濡	1
骚	1
禄	1
瞭	1
緻	1
甄	1
铸	1
棵	1
嫣	1
煉	1
淚	1
艘	1
齋	1
捂	1
吏	1
宸	1
鯛	1
庶	1
鬱	1
诈	1
枣	1
魁	1
荆	1
斧	1
篠	1
芹	1
鴻	1
篷	1
敞	1
茸	1
咧	1
醸	1
灸	1
蕴	1
驳	1
嗣	1
黙	1
琼	1
俞	1
灼	1
憑	1
齒	1
晏	1
蔥	1
迴	1
奸	1
邑	1
琦	1
禹	1
倡	1
浇	1
鏈	1
娅	1
拽	1
楓	1
龜	1
茎	1
啸	1
渗	1
噛	1
糧	1
泼	1
铅	1
賺	1
冤	1
蚀	1
匂	1
嘆	1
掠	1
盧	1
舱	1
牽	1
勋	1
暦	1
谜	1
淫	1
箸	1
磅	1
雌	1
餌	1
菠	1
悍	1
縛	1
颠	1
斉	1
錶	1
賭	1
耻	1
嬢	1
椿	1
恍	1
棺	1
疊	1
辜	1
茉	1
穀	1
逾	1
駿	1
烛	1
鮭	1
狄	1
喰	1
佔	1
竭	1
朽	1
籃	1
缆	1
涅	1
祠	1
咻	1
臀	1
哟	1
颁	1
脅	1
檀	1
濾	1
渓	1
劈	1
曆	1
噂	1
蝎	1
啧	1
腥	1
鲍	1
叢	1
寇	1
卯	1
谎	1
悼	1
謹	1
刈	1
冉	1
捞	1
峻	1
澈	1
厢	1
窯	1
倪	1
棘	1
擾	1
嗓	1
瘋	1
廓	1
扒	1
勺	1
嘎	1
鬧	1
撩	1
嚇	1
曇	1
懶	1
辻	1
樽	1
煲	1
繞	1
俏	1
殆	1
窃	1
絨	1
耸	1
溺	1
茵	1
禪	1
杠	1
惚	1
耽	1
炙	1
秉	1
梭	1
澎	1
谊	1
皂	1
蔚	1
哨	1
娟	1
肘	1
遲	1
嘱	1
鄰	1
痩	1
熔	1
珀	1
朕	1
厭	1
吱	1
壯	1
灘	1
繩	1
屎	1
宪	1
鉱	1
穏	1
裳	1
犀	1
侶	1
罷	1
瞒	1
咦	1
溯	1
贞	1
沁	1
亥	1
膽	1
馅	1
鋪	1
曬	1
倦	1
儘	1
嗷	1
堕	1
祂	1
聂	1
蹭	1
谣	1
蘿	1
嗨	1
奎	1
輛	1
礙	1
贏	1
悅	1
摧	1
拎	1
錫	1
咗	1
頗	1
鸽	1
襄	1
饲	1
翘	1
粤	1
暢	1
愕	1
抿	1
贊	1
雍	1
詠	1
隶	1
驅	1
絮	1
恆	1
髓	1
纺	1
丟	1
嚼	1
呐	1
磐	1
殻	1
尧	1
盜	1
褐	1
贱	1
遙	1
釉	1
覗	1
憋	1
戊	1
腎	1
鄙	1
茲	1
蹦	1
玖	1
怠	1
柑	1
盔	1
钦	1
芥	1
眞	1
淹	1
屍	1
纖	1
鲨	1
繫	1
芷	1
沧	1
氨	1
赦	1
礦	1
墟	1
麽	1
凳	1
縱	1
涡	1
聰	1
吁	1
挠	1
笹	1
桩	1
巳	1
呑	1
憐	1
玥	1
卤	1
羨	1
枢	1
橄	1
瞄	1
絆	1
裾	1
蝉	1
鋒	1
慘	1
礁	1
蹤	1
鞍	1
煜	1
駛	1
隋	1
嚣	1
毀	1
瞥	1
烯	1
罵	1
籤	1
鹹	1
蛤	1
轿	1
鲸	1
萩	1
曽	1
亩	1
紺	1
頸	1
莞	1
殴	1
薰	1
猩	1
阎	1
耿	1
雛	1
冈	1
妞	1
镖	1
颂	1
燙	1
顕	1
妾	1
躬	1
鯉	1
釘	1
扛	1
郝	1
祇	1
姥	1
骆	1
瘾	1
鳩	1
衔	1
侃	1
琢	1
禽	1
汀	1
瑕	1
揽	1
桿	1
鞠	1
薑	1
恕	1
沛	1
拂	1
譚	1
壬	1
臥	1
崽	1
筱	1
荔	1
镀	1
穹	1
喺	1
璐	1
婿	1
疤	1
俠	1
嗅	1
绽	1
嗜	1
獵	1
喀	1
灶	1
撚	1
譽	1
穗	1
憎	1
籽	1
餓	1
唄	1
羹	1
舔	1
钧	1
蹟	1
粟	1
烨	1
匈	1
賑	1
賠	1
襯	1
倚	1
轄	1
臟	1
瑠	1
敛	1
粽	1
钙	1
萃	1
桓	1
窩	1
纏	1
缅	1
餡	1
伎	1
笋	1
捣	1
哮	1
湊	1
贩	1
膩	1
搓	1
摺	1
彪	1
拙	1
纬	1
铮	1
撐	1
娥	1
柒	1
苟	1
艶	1
喋	1
紳	1
洽	1
庇	1
攜	1
擠	1
歹	1
镶	1
陡	1
樊	1
诶	1
孽	1
幂	1
鳞	1
飄	1
呗	1
夥	1
悶	1
哆	1
桔	1
屿	1
嬷	1
韧	1
襪	1
酌	1
蔣	1
磕	1
鄧	1
仑	1
萎	1
閑	1
骸	1
绎	1
瞰	1
磷	1
漱	1
屌	1
陥	1
彙	1
眷	1
懼	1
氢	1
趨	1
匡	1
艸	1
彎	1
漿	1
璇	1
綴	1
訣	1
剃	1
颊	1
遁	1
瀚	1
冶	1
橱	1
牠	1
筝	1
貪	1
彷	1
肋	1
梧	1
漲	1
攤	1
眩	1
噢	1
叨	1
鵝	1
堺	1
絹	1
遞	1
漾	1
酎	1
拢	1
邁	1
嬌	1
琅	1
擋	1
旱	1
豈	1
懿	1
晦	1
昕	1
焕	1
菁	1
韋	1
熏	1
戮	1
碩	1
莽	1
硝	1
剔	1
胚	1
怯	1
栅	1
簾	1
戌	1
钰	1
蛍	1
垒	1
廁	1
犠	1
鋭	1
棲	1
綁	1
绯	1
麓	1
骏	1
驼	1
斋	1
焖	1
岬	1
鲤	1
饥	1
勸	1
陨	1
荧	1
嘩	1
醜	1
憤	1
欽	1
呉	1
箔	1
睹	1
戎	1
趾	1
惱	1
壱	1
桁	1
簧	1
酶	1
榨	1
掐	1
沦	1
胺	1
冗	1
磚	1
蠟	1
巩	1
缕	1
掴	1
蹴	1
铲	1
咏	1
瑙	1
蚕	1
舖	1
糙	1
珂	1
峯	1
缚	1
碱	1
嗚	1
呦	1
癸	1
跋	1
氯	1
瑛	1
禧	1
噩	1
彥	1
顽	1
睦	1
舶	1
芊	1
骷	1
竣	1
遼	1
胤	1
篤	1
紡	1
褚	1
鯖	1
渺	1
臼	1
盃	1
鋁	1
錆	1
羯	1
嘀	1
瞻	1
窑	1
墜	1
濁	1
勻	1
蕊	1
鍼	1
豁	1
穎	1
榻	1
侮	1
矫	1
敘	1
廈	1
靡	1
敖	1
舜	1
舆	1
賈	1
懲	1
赎	1
漓	1
蕃	1
牟	1
琐	1
薫	1
捆	1
靳	1
瀏	1
暁	1
邢	1
懈	1
訟	1
兎	1
窒	1
陋	1
奠	1
岑	1
蹙	1
飙	1
巍	1
苺	1
鑰	1
酉	1
柬	1
汲	1
肇	1
盏	1
臻	1
謡	1
炳	1
滔	1
溅	1
锯	1
乒	1
籌	1
揍	1
胴	1
榄	1
拧	1
汎	1
骇	1
馮	1
搵	1
俾	1
禱	1
乍	1
羲	1
妓	1
弈	1
搁	1
鷲	1
衙	1
鈕	1
藕	1
惣	1
诵	1
砕	1
臘	1
狡	1
褪	1
傢	1
熄	1
辕	1
韶	1
侨	1
遜	1
呕	1
晟	1
暨	1
苛	1
蘆	1
顎	1
畿	1
霓	1
煽	1
憨	1
窪	1
俘	1
讼	1
辯	1
绷	1
驴	1
傀	1
鳄	1
聆	1
冀	1
隼	1
晗	1
玺	1
杞	1
勲	1
琥	1
绅	1
繡	1
泻	1
喱	1
骁	1
祿	1
屡	1
璋	1
諭	1
铛	1
懇	1
侄	1
哔	1
婢	1
翩	1
坟	1
龚	1
髅	1
揪	1
锌	1
姦	1
鯨	1
窍	1
痣	1
孵	1
頒	1
蔑	1
彡	1
咀	1
潢	1
燻	1
戟	1
倘	1
眶	1
扳	1
髦	1
壘	1
嗦	1
惶	1
闸	1
邹	1
隸	1
隷	1
酯	1
穌	1
槛	1
荻	1
厥	1
咆	1
汹	1
夭	1
噜	1
祺	1
腌	1
鏽	1
靓	1
諮	1
滥	1
闊	1
渝	1
绸	1
聡	1
拋	1
攪	1
搂	1
槟	1
坞	1
阐	1
詔	1
唾	1
曳	1
槻	1
頌	1
渦	1
掰	1
瞅	1
绮	1
枉	1
碾	1
諒	1
槐	1
沪	1
珑	1
灑	1
锂	1
惫	1
峨	1
祛	1
蛊	1
欸	1
淼	1
肴	1
粵	1
宕	1
錬	1
飴	1
嚎	1
孜	1
隈	1
恬	1
燭	1
骼	1
疚	1
靶	1
纂	1
茗	1
诛	1
觅	1
嚐	1
樋	1
秃	1
嫡	1
擂	1
鞘	1
擒	1
麹	1
氮	1
詣	1
嶼	1
荀	1
鄂	1
瀧	1
梢	1
窦	1
鰻	1
渚	1
鱗	1
粪	1
厮	1
蔔	1
肅	1
晖	1
婶	1
窜	1
蟻	1
鎧	1
糞	1
樺	1
僻	1
寥	1
蛾	1
滷	1
袴	1
瘫	1
昱	1
坝	1
璨	1
稜	1
曙	1
涕	1
绞	1
酮	1
肛	1
鹸	1
螂	1
饅	1
儡	1
叱	1
粛	1
乓	1
瘟	1
啃	1
铠	1
渾	1
柵	1
嚷	1
窥	1
糾	1
箕	1
餵	1
埠	1
抒	1
恳	1
冨	1
嵩	1
氟	1
禦	1
匕	1
駁	1
旷	1
挚	1
婧	1
冕	1
沥	1
濤	1
峙	1
伶	1
垮	1
慾	1
稠	1
俐	1
勳	1
翎	1
嗒	1
輿	1
靚	1
踹	1
畝	1
烙	1
奄	1
湃	1
矶	1
皺	1
瞑	1
暈	1
悚	1
苯	1
腮	1
邏	1
蜥	1
燦	1
氓	1
嶽	1
兀	1
贬	1
蛟	1
彿	1
棱	1
褶	1
诅	1
繳	1
膛	1
讃	1
颅	1
汕	1
虧	1
鴉	1
剰	1
顷	1
弩	1
辫	1
揣	1
篆	1
檯	1
焗	1
梶	1
晾	1
绊	1
楞	1
竺	1
锥	1
怼	1
貂	1
榕	1
簇	1
胰	1
蕩	1
譬	1
丶	1
雏	1
痰	1
筍	1
钳	1
墩	1
龐	1
叽	1
誼	1
璀	1
唸	1
砚	1
啼	1
葩	1
醛	1
髙	1
頬	1
鵬	1
黯	1
檜	1
乜	1
鮑	1
疎	1
閥	1
綫	1
攒	1
榆	1
卍	1
酋	1
翊	1
涮	1
疵	1
枸	1
筐	1
漩	1
艷	1
堰	1
姝	1
蟒	1
衅	1
朦	1
洱	1
禀	1
踐	1
峽	1
钞	1
佟	1
兇	1
辿	1
晌	1
沮	1
諧	1
毋	1
倭	1
筠	1
嚟	1
惰	1
畸	1
驯	1
鈍	1
绫	1
蜗	1
僑	1
漪	1
舵	1
凪	1
砌	1
吒	1
癫	1
栩	1
菸	1
猟	1
捻	1
鹦	1
怂	1
滕	1
祕	1
杵	1
姗	1
燉	1
洩	1
竊	1
掷	1
镑	1
狞	1
蔭	1
鮎	1
飢	1
鱿	1
徊	1
谍	1
諗	1
樟	1
帛	1
虔	1
枭	1
弛	1
熠	1
罠	1
鬟	1
矽	1
觑	1
亢	1
倆	1
誦	1
呸	1
釀	1
碁	1
咙	1
娴	1
蝇	1
髒	1
妬	1
炽	1
匣	1
啾	1
蠍	1
鈔	1
唧	1
蕨	1
鹉	1
氪	1
剿	1
胧	1
讳	1
昀	1
銳	1
锚	1
霹	1
笃	1
狛	1
賤	1
驭	1
顛	1
岔	1
蔷	1
嚏	1
檐	1
锵	1
珩	1
剝	1
潑	1
廂	1
璟	1
徘	1
荼	1
腱	1
毓	1
囧	1
苓	1
咎	1
饵	1
鸢	1
瘍	1
脹	1
帜	1
丐	1
兢	1
奚	1
騷	1
惮	1
淌	1
哧	1
虜	1
蝕	1
艱	1
饒	1
喽	1
醍	1
浊	1
绚	1
芜	1
刁	1
翟	1
俣	1
瓢	1
詮	1
屉	1
桀	1
殉	1
崗	1
闫	1
醐	1
瓊	1
嬴	1
毙	1
逞	1
侑	1
砥	1
箋	1
诠	1
歼	1
汶	1
癮	1
皙	1
吠	1
攷	1
狈	1
淆	1
悸	1
颐	1
鮨	1
涤	1
婪	1
槃	1
萤	1
羁	1
钛	1
霏	1
闵	1
讐	1
邃	1
瘩	1
呲	1
莺	1
髭	1
渍	1
胱	1
垄	1
滲	1
弐	1
疙	1
殇	1
佇	1
饋	1
烷	1
猥	1
嘔	1
樸	1
焱	1
髄	1
盎	1
衿	1
痺	1
钠	1
闽	1
绰	1
邨	1
緋	1
豔	1
榛	1
嘤	1
庐	1
漕	1
堯	1
訝	1
痞	1
鞄	1
瑤	1
荫	1
蔻	1
谴	1
嚕	1
騨	1
荟	1
烬	1
腋	1
鉤	1
槌	1
嗰	1
痢	1
驕	1
壢	1
渕	1
貳	1
箍	1
墾	1
罡	1
唆	1
搾	1
鸥	1
冽	1
踝	1
徙	1
暧	1
祟	1
銜	1
鑄	1
腑	1
鍮	1
娩	1
睐	1
慑	1
讪	1
鶯	1
峥	1
霾	1
炬	1
暉	1
捗	1
沂	1
囯	1
凋	1
蹬	1
狰	1
罹	1
吭	1
痔	1
紮	1
粕	1
舐	1
蠕	1
鋸	1
粑	1
楔	1
缪	1
甥	1
鸾	1
飒	1
帷	1
銹	1
畴	1
攥	1
捅	1
緬	1
裘	1
剁	1
矜	1
妤	1
琰	1
欅	1
茬	1
叡	1
逅	1
彗	1
撸	1
芮	1
岱	1
諫	1
诏	1
邂	1
婕	1
傭	1
瑩	1
叁	1
夯	1
猖	1
簪	1
釧	1
鷺	1
瀨	1
篩	1
繕	1
珏	1
蜻	1
兌	1
苞	1
赘	1
羣	1
鈞	1
慵	1
蔗	1
窖	1
蚝	1
欖	1
綻	1
紊	1
亘	1
抉	1
篱	1
羌	1
呛	1
腩	1
桦	1
屹	1
缤	1
猝	1
撈	1
渭	1
佃	1
絢	1
嘢	1
篝	1
蓦	1
躇	1
慷	1
毗	1
阈	1
讷	1
闖	1
冴	1
恪	1
憬	1
遏	1
恺	1
娄	1
遽	1
蓁	1
韬	1
窺	1
旻	1
烊	1
幢	1
溉	1
睨	1
壌	1
骰	1
煸	1
噸	1
舘	1
椭	1
缔	1
蘸	1
绾	1
姪	1
啄	1
捌	1
蟑	1
癢	1
鰹	1
濫	1
摹	1
宦	1
粿	1
熹	1
烽	1
刨	1
蘊	1
磋	1
祓	1
涟	1
葺	1
鈣	1
槿	1
耦	1
雫	1
懊	1
澀	1
倔	1
蜕	1
稷	1
厝	1
寰	1
炯	1
惋	1
虏	1
棧	1
豌	1
浣	1
狹	1
宥	1
崙	1
棣	1
釐	1
屢	1
椀	1
閩	1
馋	1
驿	1
錐	1
佰	1
畠	1
俸	1
詫	1
呱	1
斟	1
稔	1
鵜	1
漳	1
竈	1
鼬	1
羔	1
崭	1
嫦	1
誅	1
佼	1
拗	1
煦	1
冢	1
圃	1
哐	1
噔	1
聋	1
煥	1
孰	1
祢	1
俵	1
颓	1
祯	1
窘	1
塀	1
棗	1
颱	1
俭	1
凿	1
撿	1
攘	1
諷	1
謊	1
珞	1
諱	1
鮪	1
淤	1
钾	1
疱	1
谬	1
镂	1
吝	1
彝	1
溥	1
瞩	1
悯	1
驛	1
囤	1
蒔	1
钝	1
樞	1
啰	1
敎	1
脓	1
唬	1
妩	1
尷	1
馥	1
捍	1
貅	1
楂	1
犁	1
玮	1
禰	1
秆	1
嘞	1
攸	1
峭	1
缭	1
詭	1
滇	1
沅	1
渤	1
羿	1
貔	1
俑	1
噶	1
拣	1
禎	1
蜓	1
戾	1
掺	1
忐	1
贰	1
脐	1
弼	1
栀	1
辙	1
颔	1
喳	1
扼	1
淬	1
檻	1
檎	1
鋳	1
濠	1
恫	1
謠	1
扦	1
蕙	1
壕	1
璞	1
羚	1
鹃	1
荃	1
搐	1
唠	1
忑	1
懦	1
嬤	1
讥	1
蜴	1
镁	1
勅	1
濑	1
脯	1
铎	1
偕	1
臆	1
熨	1
孚	1
榎	1
滯	1
饕	1
麩	1
漉	1
猾	1
纶	1
茧	1
櫓	1
艹	1
妲	1
歆	1
嗑	1
鑒	1
谕	1
凜	1
賬	1
轼	1
坷	1
嫖	1
毘	1
菖	1
夙	1
娆	1
泠	1
砺	1
阙	1
豉	1
犧	1
瀛	1
樑	1
薏	1
哋	1
瑋	1
肽	1
蹊	1
鍍	1
嘈	1
迸	1
霎	1
箫	1
咄	1
泓	1
轧	1
剎	1
榊	1
隘	1
惺	1
酚	1
皎	1
赣	1
苒	1
娲	1
惦	1
缉	1
蜷	1
掙	1
颯	1
啵	1
醃	1
锣	1
樫	1
诫	1
縞	1
惬	1
镰	1
盪	1
溼	1
噎	1
摯	1
哽	1
掻	1
晤	1
恙	1
纜	1
铬	1
渇	1
铂	1
瘡	1
柊	1
胥	1
寐	1
蚌	1
踵	1
墮	1
艙	1
饗	1
涎	1
嬛	1
葦	1
鸳	1
倏	1
佚	1
馍	1
潼	1
痫	1
篡	1
哂	1
寢	1
桟	1
蟾	1
榔	1
麾	1
筈	1
惭	1
蒿	1
贿	1
瑄	1
陝	1
鹊	1
暄	1
硒	1
轶	1
侥	1
忱	1
迂	1
幺	1
挎	1
蒐	1
噁	1
紬	1
痊	1
薙	1
雳	1
聿	1
噹	1
糰	1
紘	1
馄	1
黔	1
廬	1
苇	1
閻	1
祎	1
袱	1
魇	1
挞	1
饨	1
缎	1
鯊	1
掂	1
贮	1
霁	1
螳	1
姣	1
倖	1
巖	1
揀	1
瀉	1
釦	1
歎	1
酰	1
輻	1
榈	1
皖	1
巽	1
痹	1
閨	1
瞿	1
阑	1
戛	1
蚤	1
贖	1
鬍	1
芍	1
喎	1
啱	1
喆	1
瀾	1
缇	1
媲	1
嫔	1
雉	1
膿	1
濒	1
钵	1
颌	1
麋	1
沓	1
仄	1
扈	1
拚	1
涸	1
疇	1
飓	1
櫛	1
渥	1
糠	1
澹	1
瘪	1
駝	1
珪	1
悖	1
咫	1
鸯	1
匾	1
澱	1
碘	1
賄	1
汾	1
珺	1
樵	1
甦	1
叼	1
躊	1
疡	1
糜	1
秧	1
翹	1
鲲	1
捶	1
撬	1
櫥	1
楕	1
蚵	1
嗝	1
耘	1
嘯	1
滄	1
遡	1
箴	1
檳	1
鰭	1
桧	1
珉	1
衞	1
炜	1
攔	1
孢	1
卅	1
侏	1
覓	1
唏	1
邉	1
鑼	1
噼	1
繽	1
蓓	1
睜	1
辊	1
鹭	1
坯	1
籲	1
粱	1
爻	1
覃	1
恃	1
铰	1
泗	1
鬚	1
汙	1
袅	1
鈦	1
俪	1
阂	1
喲	1
癡	1
卞	1
苫	1
鉅	1
洙	1
揖	1
飆	1
謬	1
擷	1
砦	1
绥	1
謳	1
囔	1
萦	1
藪	1
貶	1
睾	1
嗔	1
厩	1
跺	1
莖	1
諜	1
俨	1
鷗	1
秽	1
殃	1
斛	1
婵	1
曠	1
軀	1
鑲	1
隕	1
眈	1
偈	1
偃	1
瘀	1
磺	1
镍	1
崑	1
荊	1
鴿	1
遛	1
胭	1
洼	1
猕	1
藁	1
噓	1
癜	1
蠶	1
澆	1
谧	1
驹	1
茱	1
繭	1
擲	1
晔	1
禿	1
搀	1
枷	1
铿	1
蛹	1
跤	1
窈	1
邯	1
钗	1
捺	1
昴	1
囡	1
筏	1
腓	1
徨	1
耆	1
鱈	1
顫	1
頫	1
酣	1
娼	1
嗆	1
鳗	1
莆	1
浒	1
丿	1
淪	1
裟	1
桨	1
疣	1
孺	1
忿	1
悴	1
駱	1
藜	1
韌	1
杷	1
蛰	1
砧	1
瀕	1
糬	1
褥	1
栞	1
浚	1
蜈	1
娯	1
蛀	1
隽	1
偌	1
猬	1
蝗	1
牝	1
菀	1
璽	1
焯	1
艮	1
鮫	1
濛	1
頷	1
斂	1
烩	1
巌	1
甯	1
硯	1
钊	1
郸	1
踉	1
閘	1
弑	1
蕪	1
謗	1
嵯	1
擢	1
沽	1
洵	1
燎	1
莘	1
呟	1
稗	1
蔦	1
吶	1
遐	1
堇	1
摁	1
玟	1
繹	1
侩	1
挝	1
鱷	1
呎	1
踞	1
鉾	1
瀟	1
掖	1
茴	1
枇	1
擀	1
瑯	1
熵	1
礴	1
螨	1
堑	1
虱	1
蟬	1
铣	1
陇	1
泷	1
忒	1
娓	1
尙	1
豎	1
溟	1
銚	1
閏	1
癣	1
箏	1
蜊	1
蚣	1
嚮	1
幟	1
怦	1
蔼	1
鹼	1
頰	1
怅	1
辗	1
剌	1
睽	1
鉗	1
錘	1
亟	1
丕	1
嘖	1
鐸	1
僱	1
澪	1
屜	1
憔	1
懺	1
瞞	1
砾	1
隍	1
跄	1
弔	1
朧	1
熾	1
嗟	1
坨	1
缨	1
跷	1
剋	1
魷	1
斓	1
胯	1
啞	1
槓	1
锢	1
吖	1
湮	1
玑	1
蟆	1
駭	1
髻	1
鸠	1
壑	1
鸚	1
篭	1
弋	1
佘	1
蟠	1
劾	1
簸	1
倣	1
忖	1
涓	1
瞟	1
泸	1
炕	1
聳	1
蜒	1
喏	1
谛	1
闰	1
閔	1
娑	1
鄒	1
淄	1
裱	1
忡	1
旌	1
鈺	1
坍	1
咣	1
蔺	1
瘙	1
缈	1
闢	1
忻	1
蝼	1
暹	1
轎	1
酝	1
輌	1
靭	1
啜	1
湄	1
荞	1
螞	1
诩	1
嚢	1
袂	1
袈	1
锰	1
柾	1
栾	1
汞	1
鬓	1
埕	1
儉	1
鵡	1
龈	1
筵	1
蝋	1
侗	1
蜿	1
戍	1
繃	1
轍	1
毂	1
氫	1
呻	1
泫	1
竄	1
鸞	1
涧	1
蛭	1
硼	1
脩	1
叻	1
塢	1
殲	1
迢	1
痪	1
盞	1
苷	1
陞	1
餮	1
氰	1
膺	1
舷	1
宍	1
泯	1
禺	1
烃	1
瞼	1
囑	1
臧	1
醺	1
竅	1
潺	1
祚	1
肮	1
濮	1
跆	1
娣	1
捋	1
崁	1
皋	1
谑	1
懋	1
绢	1
鲛	1
鳶	1
喩	1
靂	1
戬	1
揆	1
瀝	1
侬	1
壩	1
斡	1
亵	1
儂	1
彧	1
穢	1
荤	1
闡	1
攬	1
晁	1
樁	1
衢	1
憫	1
忏	1
蓼	1
燮	1
聶	1
訶	1
昙	1
钎	1
敕	1
恣	1
撅	1
珮	1
籁	1
晞	1
皈	1
绛	1
諡	1
臍	1
葆	1
斃	1
茯	1
惆	1
殡	1
粼	1
黝	1
凧	1
煊	1
矗	1
盅	1
蛸	1
誹	1
迥	1
闕	1
鳌	1
灏	1
甕	1
馏	1
蜃	1
谩	1
匮	1
帚	1
奘	1
惇	1
垦	1
瘸	1
睑	1
毡	1
鲫	1
蠅	1
襖	1
瑣	1
畦	1
嚨	1
簌	1
芾	1
惘	1
琊	1
辄	1
榭	1
緝	1
纨	1
琮	1
蚓	1
箪	1
麝	1
礫	1
谏	1
搗	1
笈	1
峇	1
泱	1
潍	1
菡	1
骋	1
黍	1
唑	1
頤	1
掬	1
癲	1
菈	1
啫	1
峪	1
纔	1
葯	1
詛	1
俟	1
凈	1
褂	1
蝸	1
吆	1
瀞	1
铆	1
鑿	1
锭	1
拈	1
婊	1
邕	1
緞	1
綸	1
慄	1
竇	1
糍	1
鹫	1
轲	1
荏	1
袄	1
诽	1
挛	1
翱	1
诣	1
鳍	1
撓	1
滬	1
巔	1
攏	1
碇	1
窿	1
鞏	1
桉	1
獠	1
蚩	1
麿	1
婳	1
锄	1
爍	1
馗	1
囂	1
抨	1
泾	1
緹	1
訃	1
赃	1
嘣	1
晝	1
缥	1
诲	1
仞	1
岌	1
杓	1
牒	1
仟	1
嚥	1
絃	1
叟	1
淦	1
嚯	1
漣	1
逵	1
畀	1
峦	1
橇	1
锟	1
纫	1
铐	1
綬	1
綽	1
瓮	1
蛎	1
岫	1
掣	1
揹	1
杳	1
藓	1
餉	1
愫	1
搔	1
猷	1
鋅	1
壷	1
痧	1
諺	1
鲈	1
鴛	1
偲	1
悻	1
汛	1
腆	1
舀	1
黴	1
嗲	1
宓	1
汴	1
箓	1
蚯	1
垠	1
渎	1
萼	1
谚	1
愷	1
昶	1
犊	1
皑	1
囍	1
羈	1
诬	1
魈	1
儚	1
楹	1
佯	1
咿	1
瞌	1
冑	1
掟	1
燗	1
驢	1
琺	1
踱	1
篓	1
罔	1
玦	1
吮	1
鎏	1
埴	1
梟	1
鴦	1
囃	1
椋	1
骞	1
仝	1
莴	1
靑	1
啬	1
夔	1
邬	1
鯵	1
龔	1
笺	1
銓	1
鯰	1
拮	1
揄	1
薮	1
镐	1
阡	1
鳕	1
殭	1
馭	1
偎	1
姒	1
瞠	1
疸	1
箐	1
茁	1
鳝	1
琬	1
蓑	1
紓	1
鎚	1
雹	1
墻	1
燐	1
蹿	1
髏	1
摒	1
柘	1
荨	1
颚	1
蹂	1
軋	1
劵	1
鏢	1
杢	1
潦	1
疋	1
啷	1
氈	1
揶	1
攣	1
竪	1
阖	1
鏟	1
橿	1
麴	1
鋰	1
鹑	1
舫	1
噤	1
憊	1
淅	1
籬	1
鵲	1
齣	1
蔘	1
婁	1
罫	1
佗	1
卽	1
蠔	1
拴	1
饌	1
敝	1
鎂	1
蛳	1
咤	1
嗬	1
鈉	1
袒	1
燊	1
甬	1
咂	1
葭	1
陂	1
噱	1
擱	1
莒	1
庾	1
鹌	1
痉	1
檄	1
缮	1
骥	1
洸	1
炀	1
绔	1
薈	1
閤	1
沱	1
讹	1
勐	1
濂	1
笥	1
淩	1
瓏	1
蓟	1
謁	1
桢	1
跻	1
鳖	1
垛	1
滌	1
谙	1
饑	1
鱒	1
崴	1
酗	1
睬	1
裆	1
襦	1
鱸	1
胄	1
谤	1
鉉	1
喙	1
嘍	1
抡	1
荠	1
蛆	1
贄	1
齁	1
匝	1
芈	1
飪	1
傣	1
吽	1
瘠	1
碉	1
嫻	1
郃	1
囱	1
撂	1
罄	1
幀	1
毆	1
笏	1
桝	1
瘴	1
囁	1
葳	1
鍬	1
搪	1
淞	1
龛	1
楣	1
罂	1
靣	1
呷	1
羟	1
耙	1
肱	1
臊	1
嵘	1
鵑	1
琏	1
霰	1
膵	1
軾	1
鎬	1
藐	1
嬪	1
滸	1
炅	1
苣	1
樾	1
痠	1
颧	1
楯	1
縷	1
毬	1
籐	1
蒡	1
誣	1
鳅	1
盂	1
笆	1
脛	1
舛	1
薨	1
芪	1
辍	1
铢	1
禛	1
衩	1
鬣	1
鎊	1
湍	1
唳	1
窕	1
糀	1
翳	1
蹋	1
銮	1
嗶	1
祗	1
捎	1
苋	1
訛	1
槙	1
獒	1
耷	1
镭	1
鞅	1
孪	1
薅	1
挾	1
缽	1
匍	1
攫	1
皐	1
遨	1
掳	1
淸	1
疽	1
僖	1
痙	1
繆	1
猗	1
盥	1
錨	1
涣	1
醣	1
铉	1
麂	1
呤	1
嘚	1
氾	1
赂	1
岷	1
芃	1
蚪	1
婭	1
疝	1
燧	1
蜍	1
枡	1
癬	1
穣	1
蒟	1
誡	1
碓	1
邈	1
兲	1
埤	1
璎	1
蒻	1
勛	1
愜	1
嚀	1
摳	1
燁	1
觊	1
匐	1
蔫	1
轅	1
飩	1
繚	1
臾	1
邋	1
钨	1
驸	1
佶	1
噺	1
珐	1
蝌	1
楢	1
膣	1
鬃	1
膈	1
呯	1
诟	1
槇	1
滢	1
璜	1
軼	1
濬	1
焔	1
隴	1
痂	1
诃	1
嬸	1
鱧	1
仨	1
冪	1
噠	1
氤	1
遴	1
踮	1
暱	1
钴	1
挲	1
旖	1
餚	1
旎	1
邺	1
鸵	1
鼾	1
觎	1
侷	1
衮	1
贻	1
鉀	1
惴	1
琨	1
蜚	1
謨	1
頚	1
煒	1
胛	1
黠	1
泞	1
臃	1
攞	1
炷	1
纣	1
蟀	1
嵇	1
橢	1
涪	1
辘	1
髋	1
憚	1
譴	1
捱	1
枳	1
鎭	1
婺	1
摟	1
榷	1
踌	1
稟	1
鋏	1
鍔	1
閪	1
鲑	1
砷	1
幔	1
翦	1
荚	1
蟋	1
鐲	1
狒	1
睢	1
蠱	1
锏	1
骜	1
擧	1
粲	1
腼	1
韮	1
癱	1
嬲	1
鞑	1
纾	1
麸	1
旣	1
氲	1
綏	1
劭	1
榫	1
莅	1
裄	1
栎	1
诋	1
濺	1
蠡	1
涝	1
鏤	1
嬅	1
拄	1
溴	1
豺	1
阉	1
儷	1
獺	1
葚	1
蛻	1
赡	1
筧	1
缜	1
菰	1
遢	1
鏘	1
饽	1
冼	1
恿	1
洶	1
巒	1
撵	1
跛	1
伫	1
柩	1
纭	1
缰	1
骡	1
滓	1
綢	1
嶄	1
醚	1
囘	1
悌	1
氦	1
逕	1
钜	1
澍	1
袢	1
鈎	1
珅	1
桎	1
灬	1
韫	1
啖	1
剽	1
谌	1
哞	1
壟	1
钣	1
儼	1
腴	1
鹵	1
僭	1
圩	1
梏	1
鰯	1
撻	1
潞	1
蘅	1
俚	1
噙	1
曏	1
甭	1
瘁	1
糗	1
聾	1
頜	1
苅	1
訥	1
遑	1
顱	1
姍	1
啕	1
侖	1
桅	1
瀋	1
蹑	1
鴎	1
汩	1
奂	1
恻	1
滦	1
吡	1
屓	1
梆	1
棹	1
秸	1
馁	1
殯	1
玧	1
癥	1
謄	1
鰤	1
贔	1
疟	1
枱	1
牀	1
窣	1
骊	1
琍	1
痿	1
袤	1
錚	1
帼	1
菏	1
鋤	1
鏑	1
鲳	1
婀	1
釁	1
眦	1
鞣	1
滙	1
燼	1
玷	1
貽	1
輾	1
瘢	1
莢	1
谄	1
餛	1
囗	1
犷	1
瑁	1
谗	1
芫	1
唖	1
孑	1
聒	1
瓒	1
蛉	1
歿	1
荳	1
髯	1
殒	1
瞋	1
胗	1
鄞	1
铳	1
雎	1
嘌	1
苡	1
驍	1
炁	1
珣	1
虬	1
輒	1
犒	1
矚	1
窸	1
蕁	1
蚱	1
韜	1
垚	1
彆	1
忤	1
獭	1
绦	1
萸	1
醴	1
缙	1
蚜	1
硏	1
蜆	1
跚	1
饷	1
箩	1
鐺	1
坳	1
徕	1
芡	1
鲷	1
摞	1
籾	1
謐	1
頹	1
鲶	1
齦	1
揸	1
櫚	1
飕	1
誥	1
欒	1
胫	1
擘	1
枋	1
癞	1
诙	1
贛	1
侘	1
獾	1
蟎	1
釵	1
啐	1
篁	1
谆	1
魍	1
噫	1
暝	1
鈥	1
溏	1
颶	1
龋	1
擄	1
絣	1
裨	1
郴	1
岖	1
郢	1
贲	1
氵	1
炆	1
簷	1
鈑	1
埗	1
嫚	1
慚	1
擞	1
涇	1
觞	1
铀	1
剐	1
鉻	1
庖	1
藿	1
頡	1
飚	1
薗	1
龇	1
獗	1
玳	1
钺	1
栢	1
箒	1
靛	1
堃	1
餞	1
癇	1
繇	1
庠	1
甑	1
銖	1
沏	1
闔	1
弭	1
螯	1
赳	1
邝	1
剱	1
嘁	1
缄	1
躾	1
碴	1
蜇	1
咥	1
鰐	1
卐	1
悵	1
涿	1
蹉	1
旸	1
狽	1
螭	1
迩	1
鋲	1
牦	1
馀	1
墉	1
盹	1
匁	1
瀰	1
熒	1
燴	1
蕗	1
倌	1
兖	1
潋	1
睞	1
辮	1
鄱	1
菟	1
衹	1
驮	1
芩	1
莪	1
誊	1
郗	1
靼	1
亓	1
啶	1
崧	1
祜	1
誒	1
谥	1
賂	1
淒	1
慟	1
氹	1
瞓	1
铵	1
俎	1
睺	1
豇	1
鹈	1
亳	1
霈	1
磡	1
茼	1
谪	1
閾	1
颍	1
颦	1
鹂	1
娉	1
峒	1
睥	1
颉	1
湳	1
鄢	1
苜	1
钼	1
魘	1
楨	1
瓯	1
镳	1
魑	1
佞	1
巿	1
徉	1
犸	1
磬	1
镌	1
哝	1
擰	1
椁	1
苻	1
黜	1
躏	1
慳	1
谟	1
阚	1
饉	1
塙	1
妪	1
崂	1
敍	1
澁	1
蹶	1
轢	1
咛	1
掸	1
滁	1
莜	1
誨	1
赈	1
鉑	1
龕	1
弒	1
犽	1
鄺	1
锹	1
啮	1
寳	1
幄	1
殤	1
洮	1
芎	1
酆	1
儺	1
褻	1
鞆	1
徜	1
闍	1
鞦	1
忪	1
楮	1
菫	1
譏	1
赓	1
鏗	1
陲	1
鰆	1
鵠	1
掇	1
搽	1
琇	1
鑾	1
齧	1
髑	1
僉	1
涔	1
煨	1
楫	1
锆	1
鰓	1
鵰	1
乂	1
僥	1
瑀	1
罒	1
菴	1
訕	1
貉	1
鷄	1
鹕	1
薊	1
蹒	1
椛	1
铨	1
霭	1
埜	1
珥	1
釗	1
鈿	1
鑛	1
溧	1
澧	1
炝	1
粄	1
紆	1
赭	1
澗	1
笄	1
箬	1
雋	1
糅	1
蒹	1
嘹	1
瞇	1
籟	1
萋	1
赅	1
湫	1
玹	1
藹	1
銑	1
魃	1
伉	1
佝	1
揾	1
蹇	1
鐮	1
饯	1
鹜	1
龌	1
簫	1
恹	1
槳	1
薹	1
鏖	1
圻	1
谿	1
韆	1
滟	1
焘	1
燜	1
獰	1
葷	1
洺	1
琯	1
褓	1
骐	1
鰍	1
蝮	1
鉋	1
唢	1
嬿	1
峋	1
槎	1
爰	1
酞	1
铖	1
偻	1
搡	1
洄	1
轆	1
埂	1
茭	1
鳃	1
廝	1
诰	1
鈷	1
鹄	1
佻	1
撹	1
歙	1
滉	1
邇	1
鯱	1
枞	1
蜢	1
镕	1
孃	1
跖	1
瑗	1
蝟	1
儆	1
螈	1
靄	1
餾	1
骅	1
孱	1
櫂	1
赊	1
鉈	1
儕	1
婠	1
畷	1
矾	1
飭	1
恁	1
衲	1
谒	1
逓	1
郦	1
璿	1
莳	1
觐	1
谔	1
闾	1
呓	1
痍	1
貘	1
讴	1
踴	1
懾	1
泮	1
睚	1
腈	1
颢	1
鼹	1
沣	1
犇	1
磔	1
绶	1
闌	1
壅	1
睏	1
脣	1
鮒	1
帙	1
淖	1
疥	1
嘰	1
蟄	1
龊	1
搆	1
跶	1
邳	1
妘	1
峴	1
炔	1
皰	1
膻	1
蝈	1
輟	1
刎	1
唁	1
噘	1
赝	1
镊	1
饞	1
贋	1
鸷	1
囝	1
圜	1
眎	1
鎗	1
恂	1
燵	1
锺	1
鱉	1
椹	1
耒	1
衾	1
郜	1
陟	1
鸨	1
鸪	1
燚	1
玠	1
绡	1
荪	1
靱	1
鰲	1
刽	1
怵	1
淙	1
徇	1
滂	1
翕	1
蕤	1
蛐	1
跎	1
醞	1
屐	1
邛	1
霑	1
嗪	1
孀	1
嵜	1
曌	1
楸	1
槤	1
蛏	1
谶	1
鬨	1
浠	1
赧	1
醪	1
醯	1
乩	1
旛	1
肄	1
苧	1
谲	1
靥	1
鹧	1
鹳	1
栉	1
蜱	1
孖	1
攵	1
鄲	1
酐	1
锲	1
徠	1
愠	1
拵	1
撷	1
蒯	1
蘚	1
覷	1
俬	1
倜	1
嵋	1
愍	1
摻	1
灝	1
瘘	1
璣	1
仃	1
痈	1
紂	1
纰	1
蓿	1
轭	1
匱	1
暐	1
痨	1
矇	1
躰	1
杈	1
猊	1
碣	1
虻	1
酩	1
傩	1
缱	1
艋	1
蜉	1
酊	1
隹	1
梔	1
璉	1
迺	1
鶉	1
楝	1
汨	1
漑	1
膑	1
辇	1
怏	1
慫	1
礽	1
縈	1
蒨	1
蝰	1
餒	1
嵬	1
嶙	1
痱	1
禊	1
蚬	1
襁	1
赟	1
钿	1
冏	1
剜	1
檗	1
砝	1
膘	1
骛	1
嗇	1
圪	1
璘	1
稹	1
綵	1
蹺	1
邰	1
郞	1
镣	1
曄	1
诘	1
醮	1
妣	1
怆	1
闿	1
骠	1
鲅	1
捩	1
攢	1
犄	1
簀	1
藺	1
隗	1
鳟	1
麪	1
啉	1
嶌	1
扪	1
蕈	1
蛔	1
錮	1
鎳	1
彅	1
秣	1
腭	1
訖	1
驪	1
鲟	1
倨	1
喑	1
瀆	1
铄	1
塹	1
嶂	1
徭	1
恸	1
燿	1
羧	1
蛺	1
骶	1
鱔	1
圀	1
掾	1
灞	1
绉	1
芻	1
虢	1
瓔	1
鬢	1
鲮	1
垩	1
榉	1
砼	1
驥	1
亙	1
崆	1
汆	1
砒	1
絳	1
苕	1
葶	1
蹩	1
喹	1
孛	1
竝	1
羸	1
蓆	1
駈	1
魉	1
厠	1
嘮	1
孬	1
悽	1
毽	1
牍	1
珲	1
紜	1
绻	1
迤	1
遒	1
伢	1
碕	1
儋	1
吔	1
殓	1
瘓	1
稞	1
舺	1
颞	1
鹘	1
剉	1
卟	1
喟	1
囮	1
鄴	1
亻	1
囿	1
妗	1
峤	1
簋	1
荇	1
镉	1
驊	1
嗳	1
噻	1
杲	1
犟	1
畧	1
蘼	1
蛯	1
铤	1
儅	1
晷	1
槁	1
粳	1
鑣	1
饴	1
咝	1
嗞	1
曩	1
豢	1
鑊	1
鼐	1
佤	1
叄	1
挹	1
昉	1
畊	1
畲	1
篦	1
緘	1
谯	1
贓	1
趸	1
髖	1
揩	1
暻	1
爨	1
鏞	1
叒	1
岘	1
汜	1
馕	1
嗵	1
櫨	1
炤	1
缦	1
褛	1
讧	1
阆	1
仵	1
傥	1
惻	1
槭	1
煅	1
犍	1
袷	1
躓	1
鵺	1
咭	1
趄	1
鲢	1
鸮	1
劔	1
烺	1
篙	1
脍	1
钯	1
嗫	1
趔	1
鉚	1
鐳	1
尕	1
榖	1
櫟	1
瀅	1
獏	1
礪	1
綦	1
鎢	1
刍	1
埵	1
奭	1
躙	1
伱	1
倹	1
僮	1
叵	1
恚	1
漯	1
潸	1
綰	1
褸	1
龅	1
妯	1
嵊	1
懑	1
溱	1
谡	1
钏	1
媧	1
岀	1
楦	1
芨	1
逡	1
鏃	1
顴	1
坩	1
嶇	1
殁	1
獼	1
菘	1
萘	1
褴	1
襷	1
髂	1
鯤	1
怙	1
氐	1
濵	1
砣	1
絽	1
蝨	1
讣	1
郅	1
饬	1
嬋	1
栂	1
脲	1
諍	1
霽	1
颀	1
驀	1
柞	1
棂	1
氙	1
筮	1
醂	1
钒	1
齑	1
剷	1
勖	1
殄	1
硐	1
軫	1
鸩	1
旮	1
煬	1
瓴	1
笞	1
臚	1
蝣	1
賁	1
骧	1
凇	1
呔	1
洹	1
瘆	1
篋	1
紉	1
肓	1
莠	1
譁	1
錡	1
魎	1
哏	1
嚅	1
尅	1
旼	1
锉	1
雒	1
唛	1
嬬	1
甾	1
镓	1
刋	1
懟	1
瓠	1
鲭	1
黢	1
垭	1
暘	1
椽	1
犢	1
瓤	1
砭	1
硃	1
蛄	1
鉸	1
鬘	1
孳	1
煕	1
爌	1
篑	1
籀	1
耨	1
韃	1
氩	1
腚	1
茛	1
荸	1
馊	1
傚	1
穰	1
屮	1
弉	1
慜	1
蠹	1
觴	1
鮟	1
旳	1
槊	1
歟	1
燬	1
謚	1
鉞	1
鎔	1
鐡	1
啻	1
氖	1
湟	1
鄕	1
鴞	1
鹬	1
鼯	1
妧	1
抻	1
濘	1
箜	1
綉	1
镛	1
閹	1
戇	1
朮	1
瓚	1
睪	1
豕	1
俅	1
旯	1
烜	1
翀	1
艤	1
觥	1
钡	1
塬	1
崢	1
帑	1
廩	1
椪	1
櫸	1
詡	1
倬	1
姶	1
澶	1
燔	1
筊	1
绀	1
诨	1
姮	1
擡	1
擤	1
楡	1
縉	1
蓖	1
軻	1
隂	1
魟	1
乇	1
儈	1
呋	1
嚙	1
甌	1
皴	1
舩	1
蝓	1
蹣	1
驷	1
卹	1
沭	1
潴	1
焜	1
纓	1
蝿	1
彊	1
痾	1
笳	1
诓	1
鯽	1
鴕	1
囪	1
椴	1
筌	1
荥	1
譙	1
嚶	1
奬	1
姹	1
徬	1
斫	1
桠	1
矧	1
縹	1
螟	1
覲	1
駙	1
骯	1
嗌	1
娌	1
嫵	1
癪	1
簍	1
诿	1
顼	1
騫	1
鼈	1
埒	1
琚	1
罌	1
辎	1
鱇	1
兪	1
勰	1
晧	1
牯	1
瑭	1
碜	1
筲	1
耄	1
舸	1
躅	1
锃	1
驒	1
囫	1
杼	1
狎	1
璁	1
襴	1
詈	1
邙	1
鳜	1
嫲	1
愼	1
搦	1
澂	1
礬	1
笘	1
耑	1
蚺	1
裊	1
诌	1
銆	1
噉	1
墀	1
樅	1
氅	1
苳	1
襬	1
豸	1
轱	1
遶	1
铡	1
佥	1
槲	1
膾	1
飨	1
鰈	1
鱂	1
亍	1
徧	1
礒	1
诮	1
趺	1
踰	1
儁	1
叕	1
愀	1
愔	1
爀	1
禕	1
筥	1
糎	1
罅	1
胝	1
菽	1
郯	1
钕	1
颛	1
馱	1
杌	1
榧	1
渙	1
獪	1
盱	1
蛞	1
跏	1
奐	1
楳	1
樨	1
浃	1
篾	1
耋	1
咘	1
圄	1
嬈	1
廼	1
熘	1
琀	1
苴	1
蕲	1
逹	1
徂	1
愴	1
旃	1
楪	1
潯	1
燄	1
猙	1
糺	1
脷	1
諄	1
鐙	1
镗	1
頴	1
囀	1
攙	1
煇	1
牘	1
詼	1
諳	1
讒	1
鎵	1
闩	1
劼	1
媞	1
岿	1
怛	1
曷	1
梼	1
樗	1
犼	1
獐	1
缢	1
輦	1
閆	1
劏	1
嘬	1
埚	1
彳	1
攰	1
曈	1
槪	1
湉	1
琤	1
蒞	1
龢	1
彘	1
桡	1
毉	1
蝾	1
蟳	1
謔	1
谀	1
鉦	1
銬	1
餸	1
騏	1
煖	1
驤	1
俶	1
兕	1
垓	1
幷	1
焓	1
狍	1
窠	1
蹼	1
鐨	1
靦	1
鲱	1
鹞	1
劄	1
涞	1
郧	1
鋯	1
钤	1
锛	1
锴	1
闐	1
闱	1
鰺	1
鼕	1
曺	1
磲	1
籔	1
膦	1
襠	1
諌	1
躋	1
辋	1
郫	1
鴫	1
龘	1
嵗	1
詬	1
閡	1
馔	1
魠	1
戕	1
篌	1
萵	1
觚	1
誂	1
錳	1
隰	1
崚	1
戡	1
瘻	1
眙	1
硌	1
綑	1
诤	1
谘	1
鄔	1
囹	1
婼	1
寤	1
岙	1
柢	1
滘	1
潁	1
炘	1
癟	1
穐	1
竽	1
莧	1
蒴	1
薺	1
駢	1
兗	1
塭	1
嶸	1
擼	1
朶	1
梿	1
樘	1
殞	1
瀘	1
瑢	1
籮	1
輓	1
鏝	1
锷	1
颼	1
髌	1
鴇	1
哌	1
哚	1
挈	1
杣	1
鈾	1
閭	1
顰	1
嶷	1
恽	1
橈	1
珙	1
繝	1
荽	1
贍	1
蹠	1
鵞	1
埙	1
嬗	1
狻	1
玆	1
瓘	1
脘	1
轸	1
醗	1
铱	1
飫	1
鰕	1
齬	1
僳	1
妁	1
拏	1
沆	1
猁	1
瑳	1
璠	1
聩	1
舂	1
踽	1
镝	1
齎	1
剡	1
哙	1
幇	1
忾	1
昰	1
窶	1
縊	1
荑	1
蕖	1
鍒	1
嗄	1
囵	1
棻	1
瘧	1
虺	1
蝽	1
跩	1
踟	1
闓	1
騁	1
刳	1
忝	1
浬	1
潅	1
瞽	1
竦	1
緲	1
羋	1
蒺	1
謇	1
謫	1
讫	1
鐫	1
骈	1
鬲	1
鸫	1
伕	1
凫	1
峮	1
枰	1
砵	1
竑	1
绺	1
躑	1
閎	1
猹	1
玨	1
皚	1
縋	1
跹	1
逑	1
傈	1
姵	1
媾	1
帔	1
戔	1
椙	1
洨	1
渟	1
禩	1
蜮	1
鉆	1
銛	1
齟	1
唵	1
崮	1
愆	1
愎	1
昺	1
秭	1
萠	1
霙	1
簗	1
閂	1
齲	1
侪	1
嫪	1
绗	1
藷	1
褔	1
銼	1
鍰	1
锑	1
匏	1
尪	1
橹	1
猞	1
珵	1
縻	1
臬	1
覬	1
貊	1
轡	1
醌	1
埸	1
撳	1
撺	1
杪	1
沄	1
漀	1
荖	1
褫	1
諂	1
陉	1
馐	1
亰	1
佾	1
墘	1
湎	1
湜	1
矍	1
窨	1
繙	1
襞	1
謾	1
躪	1
阗	1
鱻	1
僞	1
冧	1
嘧	1
墒	1
屙	1
庹	1
筅	1
翫	1
苁	1
詁	1
譎	1
郓	1
冫	1
廪	1
旂	1
涠	1
碚	1
罈	1
蒌	1
訾	1
鰊	1
鸛	1
俦	1
匚	1
宀	1
氡	1
洌	1
璩	1
畹	1
纥	1
蓍	1
钽	1
鬪	1
鬻	1
鼋	1
梠	1
毐	1
泅	1
畵	1
胍	1
苾	1
萁	1
萜	1
螻	1
蟇	1
贽	1
軛	1
釆	1
鈐	1
鎰	1
髀	1
鹮	1
黼	1
龗	1
唿	1
啁	1
垍	1
埭	1
塲	1
寔	1
捫	1
斕	1
毖	1
珽	1
褄	1
詆	1
讖	1
貍	1
铯	1
囟	1
槨	1
绌	1
逶	1
鲠	1
鳐	1
鷥	1
鷸	1
厶	1
椚	1
濰	1
焿	1
舳	1
諤	1
诒	1
闳	1
雩	1
咾	1
坻	1
彐	1
扨	1
稈	1
粂	1
镧	1
黐	1
傕	1
吲	1
悱	1
朐	1
涜	1
牴	1
疖	1
纍	1
缂	1
螽	1
逄	1
鍚	1
鲵	1
勣	1
嘸	1
嵴	1
嶠	1
廨	1
抔	1
狷	1
獷	1
砗	1
衽	1
鍥	1
鑷	1
騾	1
怿	1
掮	1
氬	1
砀	1
禟	1
笊	1
蕞	1
袞	1
褌	1
鄄	1
鑪	1
铑	1
铧	1
锒	1
顥	1
颳	1
魨	1
黥	1
亶	1
嫋	1
尓	1
廸	1
梃	1
莼	1
螫	1
袛	1
酈	1
妺	1
孭	1
尭	1
幪	1
摑	1
殚	1
纒	1
蚶	1
覦	1
誑	1
诳	1
酛	1
鵪	1
仡	1
卣	1
暸	1
桷	1
氿	1
沔	1
洢	1
渀	1
濊	1
眀	1
絜	1
胪	1
蠲	1
衚	1
蹰	1
轂	1
鈹	1
飏	1
鮃	1
彀	1
怄	1
牖	1
苄	1
覈	1
蹚	1
迨	1
镚	1
鲻	1
鼩	1
嗐	1
嗙	1
坵	1
埈	1
柰	1
椏	1
橼	1
渫	1
狲	1
玢	1
皲	1
蒽	1
蚋	1
衪	1
讎	1
跗	1
轤	1
郤	1
阄	1
陜	1
顒	1
亠	1
吿	1
妏	1
橐	1
淏	1
渽	1
犰	1
獴	1
瑷	1
碛	1
碲	1
箝	1
羆	1
翮	1
鏇	1
鐐	1
锗	1
駡	1
幗	1
歛	1
殳	1
沨	1
珝	1
蓀	1
蚧	1
輜	1
魮	1
媱	1
弢	1
彖	1
暎	1
栴	1
梛	1
檚	1
眇	1
蟥	1
蠊	1
蹕	1
鍺	1
鎘	1
颺	1
乁	1
淯	1
燹	1
畚	1
疳	1
痼	1
苌	1
苎	1
镠	1
韞	1
饂	1
鱚	1
媺	1
欝	1
淝	1
烔	1
玘	1
瓿	1
癀	1
篪	1
粢	1
紈	1
縝	1
纈	1
罟	1
羂	1
茑	1
镫	1
阝	1
霂	1
靺	1
饃	1
驃	1
髎	1
鳊	1
鳧	1
鳯	1
佧	1
吅	1
暌	1
甞	1
痲	1
礡	1
缟	1
茏	1
莨	1
詒	1
邡	1
鐔	1
顗	1
凖	1
刂	1
摈	1
椤	1
熥	1
猀	1
甴	1
睒	1
緖	1
茕	1
躉	1
鋐	1
頔	1
馃	1
鯡	1
鱘	1
伥	1
晄	1
榑	1
槼	1
洧	1
珹	1
畱	1
砜	1
磴	1
纮	1
聃	1
肼	1
艿	1
蕻	1
諛	1
跬	1
逖	1
邠	1
铍	1
鞨	1
骓	1
乚	1
卂	1
媗	1
峁	1
慍	1
戢	1
撾	1
旒	1
柝	1
榘	1
溦	1
烝	1
猢	1
琿	1
甪	1
茍	1
茔	1
衊	1
诂	1
诹	1
鄯	1
鑭	1
锶	1
骝	1
髁	1
廾	1
掄	1
栁	1
玕	1
繧	1
艽	1
蟷	1
阕	1
鹟	1
黾	1
傒	1
呶	1
塡	1
廡	1
憷	1
拊	1
棨	1
灃	1
熜	1
瘣	1
纛	1
罘	1
羥	1
舁	1
蓠	1
訢	1
蹌	1
銻	1
錕	1
顳	1
髷	1
鰂	1
鳏	1
鼴	1
垵	1
嶝	1
忸	1
枥	1
欤	1
渌	1
甍	1
甙	1
窰	1
羰	1
逋	1
閖	1
颏	1
飜	1
駟	1
鹛	1
儸	1
哢	1
嗥	1
堊	1
妫	1
姘	1
嵎	1
廄	1
弍	1
戩	1
扌	1
櫈	1
沚	1
澔	1
犭	1
獬	1
玎	1
畬	1
瞜	1
笕	1
縢	1
缁	1
諶	1
逯	1
鍙	1
鮋	1
黟	1
婬	1
媪	1
怩	1
抺	1
殛	1
毳	1
氳	1
浥	1
癔	1
笫	1
縺	1
膂	1
艏	1
蜩	1
鏂	1
铋	1
铩	1
鯧	1
鲣	1
鳚	1
鹗	1
儻	1
劬	1
厓	1
嘥	1
崃	1
捭	1
捯	1
槑	1
檩	1
湲	1
溆	1
烴	1
畈	1
癩	1
禑	1
簓	1
籙	1
舢	1
芘	1
衒	1
邾	1
郄	1
鏁	1
鐧	1
鑓	1
鲇	1
鲧	1
鸱	1
龶	1
嶮	1
忉	1
挀	1
熈	1
纡	1
缬	1
蘩	1
螣	1
踔	1
躱	1
鉬	1
銨	1
鴣	1
儇	1
凃	1
嫗	1
寃	1
樯	1
殮	1
渃	1
溘	1
犴	1
珰	1
畋	1
稙	1
縯	1
胼	1
讦	1
錤	1
鍏	1
铊	1
髣	1
鱲	1
鸬	1
僊	1
刖	1
嫱	1
忄	1
晢	1
氚	1
濶	1
狳	1
瑱	1
笪	1
簟	1
缃	1
缛	1
翾	1
萇	1
蘖	1
謖	1
讞	1
镒	1
韁	1
鲎	1
鲥	1
黻	1
侔	1
倅	1
堝	1
愃	1
搥	1
摀	1
昝	1
杩	1
氘	1
汊	1
泔	1
洇	1
簒	1
蔴	1
薆	1
螄	1
衕	1
鉿	1
鍇	1
鑁	1
閼	1
阊	1
騖	1
鲀	1
鲽	1
鶩	1
仉	1
冚	1
嗮	1
暠	1
浐	1
滎	1
瀹	1
璝	1
硤	1
禔	1
笤	1
紇	1
羶	1
翥	1
荜	1
邗	1
鈸	1
銥	1
钹	1
铟	1
锖	1
闼	1
隄	1
佺	1
卮	1
呌	1
噏	1
塱	1
妡	1
孓	1
慊	1
瑧	1
腘	1
茆	1
葎	1
蓊	1
釷	1
铌	1
驁	1
鬯	1
鼍	1
亅	1
勠	1
卄	1
嘜	1
夀	1
湣	1
瀣	1
瘊	1
禤	1
禳	1
秾	1
苼	1
薜	1
褙	1
邴	1
醅	1
鈀	1
鑠	1
锜	1
闈	1
頊	1
颙	1
鮓	1
鯓	1
鵯	1
鶘	1
鷓	1
鹚	1
龠	1
佮	1
卌	1
咴	1
嗱	1
噯	1
壠	1
峩	1
崋	1
搧	1
篥	1
簑	1
粍	1
荭	1
郇	1
镬	1
鳙	1
鶲	1
鹩	1
麤	1
黩	1
劊	1
唎	1
喾	1
墬	1
墺	1
嫺	1
孿	1
峄	1
愬	1
懣	1
掼	1
撣	1
晸	1
暃	1
桕	1
殑	1
浹	1
澐	1
煐	1
燠	1
燾	1
玙	1
瑆	1
璦	1
疒	1
疴	1
矬	1
秫	1
箧	1
罍	1
羮	1
莿	1
蕷	1
蘂	1
蛱	1
辶	1
郏	1
鈮	1
钲	1
鞴	1
頽	1
飮	1
骢	1
鲞	1
鴈	1
伃	1
厯	1
呖	1
唞	1
坼	1
嫘	1
庑	1
昃	1
昳	1
犂	1
狆	1
獃	1
疍	1
秕	1
篳	1
罣	1
茌	1
螅	1
輳	1
酡	1
銈	1
鋆	1
錾	1
骺	1
魴	1
鯔	1
龸	1
凊	1
嘏	1
坭	1
姌	1
惲	1
慱	1
晛	1
桫	1
沤	1
珧	1
竃	1
綃	1
褰	1
豳	1
趵	1
軚	1
鏊	1
閬	1
阏	1
顓	1
鲩	1
鵙	1
丂	1
伈	1
噲	1
嚆	1
圉	1
堿	1
嫰	1
抟	1
撄	1
橦	1
歘	1
泺	1
浯	1
箆	1
籼	1
粝	1
聼	1
蚰	1
褡	1
豨	1
邶	1
銠	1
镔	1
驄	1
鳔	1
丄	1
倢	1
塍	1
姈	1
嫄	1
嫒	1
嫿	1
悝	1
悫	1
揠	1
撘	1
柃	1
桖	1
樉	1
浼	1
潆	1
焐	1
焢	1
玬	1
矸	1
砹	1
硚	1
祼	1
芗	1
菪	1
萏	1
觧	1
貲	1
赉	1
鎹	1
駸	1
騮	1
髴	1
鸝	1
倀	1
勗	1
厍	1
堔	1
彇	1
徼	1
愾	1
憺	1
晙	1
暟	1
桴	1
渑	1
疃	1
聙	1
蟜	1
蠑	1
袪	1
襤	1
覘	1
賡	1
贇	1
辔	1
鋇	1
錸	1
鍶	1
餍	1
驽	1
鬭	1
鲔	1
鳢	1
鶚	1
龑	1
亖	1
伀	1
俢	1
俥	1
卝	1
厛	1
噥	1
圌	1
堉	1
奁	1
宬	1
摃	1
楙	1
欉	1
殍	1
洳	1
玏	1
瘰	1
眭	1
糶	1
羕	1
臏	1
蚴	1
衄	1
訌	1
釹	1
鉍	1
髹	1
魆	1
鶇	1
鶫	1
丷	1
倻	1
凵	1
吀	1
廍	1
戽	1
曱	1
檣	1
氀	1
洎	1
浿	1
猡	1
琹	1
疔	1
筚	1
蕓	1
薤	1
蘄	1
螓	1
觔	1
趿	1
轫	1
郛	1
銦	1
鎶	1
鑚	1
韪	1
鱨	1
鴆	1
鴟	1
鶻	1
鷭	1
倥	1
冂	1
姽	1
婞	1
悳	1
旰	1
柺	1
沬	1
煳	1
磻	1
肟	1
腧	1
萣	1
蚍	1
裃	1
銲	1
鐢	1
靨	1
鞮	1
馓	1
鰱	1
鴒	1
鵄	1
丅	1
倂	1
僂	1
凼	1
囓	1
壙	1
嵙	1
廋	1
弇	1
摭	1
樒	1
欹	1
涑	1
涘	1
溲	1
濞	1
炻	1
眥	1
筰	1
葑	1
衎	1
迳	1
遘	1
鉭	1
钌	1
锘	1
骉	1
鬈	1
鷂	1
麈	1
齷	1
龉	1
乸	1
侭	1
劻	1
呴	1
咈	1
嬭	1
岢	1
敺	1
朏	1
柽	1
栲	1
榀	1
汭	1
泐	1
溌	1
瀦	1
瘿	1
盍	1
莇	1
莛	1
鏌	1
鏍	1
镦	1
颡	1
髫	1
鴬	1
齪	1
乛	1
亊	1
卩	1
卺	1
嚜	1
媵	1
尛	1
憍	1
摠	1
棡	1
狴	1
盉	1
秝	1
緜	1
縐	1
缫	1
菹	1
蟊	1
裒	1
襌	1
覩	1
逦	1
釩	1
銣	1
鋮	1
饧	1
饸	1
鰨	1
鱟	1
鷽	1
丌	1
乄	1
亹	1
刧	1
垌	1
搴	1
擻	1
溷	1
爿	1
瓩	1
甗	1
糁	1
緇	1
肫	1
诜	1
跣	1
蹓	1
躡	1
辂	1
醢	1
釓	1
銪	1
钇	1
锨	1
闋	1
骘	1
髡	1
鸶	1
黽	1
鼉	1
乀	1
佷	1
垅	1
孥	1
岜	1
廛	1
悭	1
憙	1
戋	1
朥	1
栝	1
歃	1
滹	1
琁	1
皛	1
秶	1
繖	1
繻	1
耜	1
肜	1
茘	1
蓴	1
觜	1
訇	1
賒	1
踭	1
鋌	1
鍘	1
鐠	1
鐿	1
餬	1
餿	1
黉	1
黌	1
仚	1
偸	1
咵	1
嗉	1
姀	1
尢	1
尨	1
屺	1
峫	1
暾	1
杁	1
栱	1
檮	1
櫺	1
沩	1
癆	1
癰	1
祧	1
筺	1
绂	1
肏	1
腟	1
荦	1
莯	1
萑	1
鈇	1
銕	1
鋨	1
鐒	1
镲	1
阇	1
饹	1
鶺	1
鸰	1
乆	1
啭	1
喁	1
壆	1
夬	1
嫆	1
屛	1
屾	1
崐	1
嵓	1
怱	1
悧	1
戥	1
橛	1
毌	1
氽	1
洐	1
瀲	1
瀵	1
灤	1
灩	1
烱	1
狌	1
猻	1
璆	1
皞	1
皷	1
糌	1
絀	1
縵	1
罨	1
誾	1
諉	1
郾	1
鈰	1
鉕	1
錒	1
鞫	1
驩	1
鬩	1
鱺	1
鲼	1
鼇	1
齜	1
龃	1
仫	1
僰	1
嗩	1
嗻	1
壜	1
嫤	1
崤	1
巯	1
庥	1
悛	1
旄	1
晅	1
檫	1
洀	1
熺	1
牂	1
犛	1
璈	1
甶	1
礻	1
縲	1
纐	1
臈	1
茳	1
蔀	1
裢	1
覿	1
訁	1
豋	1
賅	1
遯	1
郿	1
酹	1
釕	1
釙	1
鈁	1
鐃	1
镞	1
飧	1
饜	1
鯷	1
鼙	1
勫	1
呿	1
嘡	1
坌	1
坶	1
垕	1
堙	1
壼	1
姤	1
姩	1
屃	1
帏	1
庒	1
慇	1
懃	1
揼	1
昫	1
枼	1
柟	1
梣	1
棰	1
椟	1
沵	1
浤	1
淶	1
渼	1
湏	1
澌	1
瑨	1
畯	1
皁	1
皤	1
盌	1
禇	1
筴	1
艫	1
荩	1
薀	1
蠃	1
詎	1
諴	1
躥	1
迓	1
銩	1
錀	1
鏄	1
铼	1
閙	1
闞	1
闥	1
顚	1
鮰	1
鵟	1
鹪	1
倓	1
勍	1
厹	1
嚳	1
圮	1
媜	1
嫑	1
寘	1
尐	1
岨	1
弌	1
弖	1
戗	1
朊	1
杮	1
桄	1
橚	1
狨	1
磧	1
祤	1
穡	1
紝	1
絅	1
綣	1
缡	1
臙	1
蓥	1
蕯	1
蘧	1
蠵	1
賚	1
踫	1
軔	1
逺	1
鄣	1
鈈	1
銫	1
鋦	1
钍	1
隳	1
鸲	1
仳	1
伷	1
儔	1
夂	1
媼	1
崟	1
幃	1
廕	1
揷	1
枻	1
栊	1
栒	1
栳	1
泚	1
獁	1
玗	1
珎	1
癭	1
祆	1
窳	1
縂	1
艉	1
芣	1
菔	1
菝	1
蕺	1
謦	1
讠	1
躂	1
輋	1
辚	1
酲	1
鈊	1
铈	1
閫	1
阯	1
騭	1
鮠	1
鯪	1
冖	1
刄	1
夘	1
娈	1
婓	1
屣	1
忞	1
懨	1
扃	1
敤	1
昞	1
晳	1
杙	1
枓	1
棪	1
焌	1
珢	1
琋	1
甀	1
畤	1
癶	1
硨	1
簠	1
籏	1
絰	1
繾	1
罴	1
荅	1
菑	1
蠓	1
裵	1
諼	1
谂	1
賸	1
輊	1
輥	1
鄜	1
鄠	1
釤	1
鉨	1
鏨	1
镡	1
陬	1
靫	1
鳎	1
鹀	1
伋	1
剮	1
叆	1
啣	1
垰	1
埏	1
塒	1
奩	1
媄	1
幛	1
慙	1
摶	1
栻	1
榦	1
泂	1
涐	1
澇	1
焄	1
狁	1
狃	1
甃	1
畕	1
糨	1
紱	1
縠	1
缯	1
罽	1
翃	1
苙	1
菒	1
葙	1
薷	1
蜑	1
蟌	1
蠖	1
觏	1
贗	1
蹀	1
錵	1
鍆	1
锱	1
鮡	1
鸕	1
齶	1
鿬	1
亗	1
仂	1
僦	1
嚒	1
垟	1
垸	1
埽	1
夤	1
姞	1
媃	1
嵛	1
憮	1
懌	1
戆	1
捽	1
昪	1
櫪	1
欷	1
毟	1
沕	1
淠	1
漚	1
潾	1
濆	1
牁	1
瘜	1
眚	1
笮	1
糴	1
紲	1
耵	1
聍	1
舠	1
艄	1
茈	1
蒾	1
蓐	1
蔸	1
蚡	1
譟	1
谵	1
躄	1
躝	1
遹	1
鄖	1
鍗	1
钚	1
锝	1
閦	1
阋	1
雠	1
馘	1
侂	1
倧	1
傛	1
厖	1
唻	1
噚	1
囌	1
垻	1
埌	1
埛	1
姎	1
娡	1
屄	1
彣	1
曁	1
梘	1
棐	1
檍	1
漼	1
瀀	1
灕	1
珦	1
瑒	1
畾	1
硖	1
祘	1
禵	1
笵	1
絎	1
絝	1
腠	1
苤	1
茀	1
莚	1
蛩	1
蛲	1
貤	1
賎	1
跸	1
邽	1
鈽	1
鉝	1
鍩	1
鎴	1
铪	1
锇	1
锕	1
閿	1
颪	1
餽	1
髕	1
鰾	1
鸸	1
鹋	1
鼱	1
齮	1
龵	1
丏	1
伅	1
佉	1
偁	1
儛	1
冱	1
卨	1
卬	1
囖	1
嫫	1
崀	1
廰	1
旆	1
歺	1
牐	1
獓	1
玊	1
畎	1
穑	1
穽	1
筇	1
籥	1
粜	1
脔	1
臯	1
蔟	1
蘗	1
訐	1
赜	1
踯	1
轳	1
鄚	1
釭	1
錞	1
錼	1
鏷	1
鐗	1
鐽	1
钐	1
铙	1
鮸	1
齤	1
喈	1
噐	1
嚭	1
囷	1
堟	1
塤	1
夊	1
岽	1
巎	1
廔	1
彞	1
慥	1
扞	1
扺	1
攆	1
敉	1
榇	1
槩	1
殂	1
沺	1
炱	1
烀	1
琑	1
痦	1
盦	1
睃	1
籴	1
籺	1
粁	1
糹	1
紕	1
缐	1
缑	1
翆	1
臜	1
蒗	1
虯	1
蟶	1
袿	1
訫	1
謌	1
賔	1
踅	1
輅	1
轵	1
遄	1
釔	1
鋱	1
鍖	1
鏉	1
鏐	1
鏵	1
雱	1
驺	1
鴴	1
鷙	1
麃	1
鼷	1
龱	1
俁	1
俛	1
倞	1
冋	1
凩	1
劒	1
勦	1
喼	1
嗗	1
垆	1
垪	1
埝	1
夲	1
奷	1
姸	1
媖	1
寕	1
屨	1
巂	1
怍	1
悒	1
慤	1
搋	1
擽	1
昻	1
檠	1
欵	1
殽	1
汌	1
沇	1
涷	1
淥	1
滏	1
濉	1
珖	1
瓛	1
甡	1
皝	1
眛	1
笅	1
簣	1
縒	1
臵	1
虓	1
蚨	1
蛧	1
袮	1
裥	1
谖	1
谞	1
赑	1
趼	1
醱	1
鉏	1
鉺	1
韡	1
頎	1
飈	1
鯢	1
鲆	1
鶿	1
鹇	1
麁	1
齙	1
龥	1
