的	3244
一	1016
是	742
不	740
人	708
了	631
有	613
在	606
中	579
大	554
和	479
为	473
学	444
生	439
上	427
会	423
要	386
工	383
发	367
个	352
作	352
业	352
用	349
行	346
以	334
出	327
理	327
可	321
我	318
国	317
下	302
这	300
时	299
年	286
能	282
地	282
到	281
公	281
家	278
文	277
来	274
实	272
自	270
本	267
对	264
法	263
成	262
分	262
多	258
新	256
方	255
全	255
主	254
子	254
力	246
小	245
动	244
心	235
面	234
合	230
高	230
体	228
化	228
开	227
部	226
性	226
市	223
t	221
定	220
进	219
经	215
产	214
就	213
事	212
好	209
重	206
于	203
教	202
建	201
过	196
关	194
电	191
水	191
长	190
度	189
机	189
得	188
民	187
务	186
所	185
现	185
们	185
管	184
点	182
三	182
设	181
资	179
意	177
同	177
后	176
第	175
展	175
情	173
之	173
题	170
应	170
也	170
e	169
名	169
说	169
位	167
天	167
内	166
保	165
日	164
程	164
与	164
区	162
安	162
 	161
前	161
通	161
品	160
员	159
制	158
政	158
物	156
信	155
期	155
入	154
表	153
道	153
着	153
他	152
加	151
你	149
十	149
量	148
代	147
都	146
相	144
无	143
o	142
如	141
金	141
等	140
看	140
提	139
目	138
明	138
常	135
车	135
手	134
平	133
解	133
社	133
基	133
间	132
者	132
标	131
计	131
网	130
党	130
交	129
二	129
外	129
最	128
任	128
活	128
想	128
科	127
正	126
组	126
特	125
场	125
书	125
数	124
件	123
起	123
种	122
各	121
单	119
利	119
当	118
问	118
导	118
技	118
院	117
报	116
么	116
质	116
委	115
气	115
r	114
项	114
结	113
服	113
司	113
系	111
式	109
更	109
向	109
育	109
线	108
知	108
p	107
处	107
门	107
路	106
比	106
然	106
身	106
头	105
很	105
风	105
其	104
原	104
而	104
规	104
还	104
术	104
图	103
格	103
美	103
总	103
及	103
流	103
里	102
师	102
证	101
级	101
次	100
节	100
条	99
记	99
考	99
立	99
样	99
施	99
强	99
色	98
传	98
商	97
源	97
并	97
n	96
果	95
器	95
治	95
i	94
因	94
感	94
职	94
选	93
义	93
将	92
西	92
责	92
打	92
两	92
专	92
做	92
己	91
接	90
求	90
台	90
山	90
局	90
研	90
从	89
海	89
查	88
收	88
校	88
精	88
深	88
注	87
使	87
-	86
a	86
容	86
限	86
先	86
形	86
习	86
集	85
统	85
城	85
指	85
思	85
营	85
创	84
共	84
清	84
月	83
回	83
息	83
价	83
影	83
造	83
老	83
战	83
口	82
游	82
企	82
防	82
联	81
效	81
运	81
病	81
被	81
取	80
转	80
调	80
放	80
需	80
案	80
去	80
装	80
型	78
步	78
没	78
真	78
议	78
领	78
办	78
持	77
具	77
斯	77
s	76
类	76
备	76
环	76
给	76
光	76
l	75
据	75
值	75
料	75
南	75
直	75
尔	75
世	75
户	74
改	74
认	73
爱	73
花	73
示	72
每	72
控	72
境	72
准	72
d	71
视	71
但	71
房	71
元	70
变	70
受	70
片	69
权	69
告	69
整	69
东	69
投	69
护	69
完	68
见	68
那	68
此	67
非	67
语	67
少	67
供	67
只	67
神	67
极	67
干	67
带	67
热	67
由	66
易	66
村	66
白	66
f	65
g	65
称	65
确	65
试	65
四	65
构	65
华	65
优	65
农	65
课	65
士	65
万	64
已	64
章	64
支	64
复	64
五	64
识	64
范	64
版	63
省	63
费	63
反	63
检	63
何	63
究	63
积	63
医	63
层	63
观	63
克	63
请	62
字	62
存	62
包	62
言	62
推	62
济	62
较	62
决	62
几	62
列	61
周	61
论	61
落	61
切	61
把	61
马	61
空	60
北	60
话	59
什	59
演	59
百	59
号	58
必	58
评	58
界	58
太	58
参	57
近	57
排	57
别	57
款	57
站	57
该	57
再	57
率	57
况	57
织	57
助	57
才	57
乐	57
快	57
置	56
县	56
增	56
或	56
女	56
角	56
素	56
引	56
些	56
根	56
际	56
养	56
让	56
州	55
火	55
达	55
预	55
难	55
功	54
态	54
段	54
监	54
首	54
算	54
队	54
团	54
血	54
消	53
配	53
客	53
军	53
又	53
_	52
编	52
写	52
球	52
儿	52
低	52
德	52
u	51
连	51
至	51
读	51
断	51
声	51
拉	51
属	51
负	51
致	51
适	51
红	51
验	50
布	50
核	50
广	50
众	50
维	50
眼	50
住	50
载	49
微	49
模	49
历	49
您	49
划	49
险	49
满	49
足	49
越	49
林	49
m	48
修	48
始	48
命	48
星	48
约	48
简	48
卫	48
细	48
压	48
承	48
石	48
象	47
响	47
药	47
油	47
失	46
土	46
音	46
速	46
友	46
材	46
律	46
采	46
争	46
食	46
协	46
股	46
状	45
英	45
群	45
居	45
双	45
走	45
副	45
则	44
志	44
升	44
龙	44
王	44
除	43
密	43
未	43
击	43
显	43
板	43
照	43
势	43
离	43
财	43
便	43
它	43
念	43
c	42
今	42
听	42
江	42
测	42
阳	42
景	42
戏	42
望	42
招	42
她	42
均	42
边	42
讲	42
班	42
H	41
述	41
执	41
析	41
健	41
赛	41
纪	41
害	41
远	41
半	41
會	41
族	40
超	40
审	40
张	40
销	40
府	40
喜	40
觉	40
充	40
玩	40
兴	40
室	40
批	40
园	40
画	39
怎	39
答	39
严	39
官	39
古	39
吃	39
例	38
像	38
介	38
围	38
史	38
富	38
温	38
免	38
青	38
益	38
往	38
河	38
底	38
八	38
九	38
留	38
亚	38
录	37
按	37
换	37
艺	37
随	37
举	37
千	37
座	37
额	36
购	36
端	36
税	36
余	36
欢	36
续	36
仅	36
依	36
征	36
博	36
镇	36
抗	36
初	35
货	35
培	35
宣	35
疗	35
坚	35
故	35
减	35
六	35
尽	35
黄	35
早	35
巴	35
输	34
否	34
份	34
止	34
革	34
独	34
宝	34
补	34
句	34
味	34
登	33
序	33
黑	33
孩	33
哪	33
察	33
诉	33
亲	33
伤	33
词	33
剧	33
奇	33
久	33
卡	33
码	32
笑	32
异	32
络	32
木	32
须	32
障	32
域	32
轻	32
乡	32
差	32
刻	32
彩	32
紧	32
季	32
错	31
送	31
获	31
移	31
店	31
停	31
含	31
候	31
康	31
够	31
策	31
劳	31
楼	31
届	31
學	31
播	30
牌	30
判	30
良	30
皮	30
毒	30
奖	30
酸	30
短	30
夜	30
兰	30
國	30
择	29
筑	29
综	29
售	29
措	29
帮	29
督	29
许	29
酒	29
临	29
典	29
香	29
曲	29
某	29
假	29
波	29
轮	29
來	29
京	28
退	28
频	28
即	28
阅	28
旅	28
疫	28
融	28
闻	28
福	28
武	28
守	28
個	28
操	27
册	27
右	27
待	27
般	27
训	27
银	27
善	27
固	27
迎	27
死	27
树	27
印	27
访	27
液	27
航	27
盘	27
键	26
申	26
竞	26
虑	26
普	26
降	26
担	26
突	26
甲	26
曾	26
块	26
破	26
春	26
七	26
架	26
纳	26
救	26
聚	26
毛	26
.	25
y	25
E	25
库	25
付	25
索	25
米	25
阶	25
智	25
略	25
终	25
母	25
染	25
急	25
翻	25
互	25
愿	25
令	25
晚	25
缺	25
激	25
警	25
冷	25
钱	25
尼	25
S	24
時	24
软	24
男	24
找	24
针	24
买	24
危	24
托	24
顺	24
套	24
厂	24
抓	24
冠	24
飞	24
炎	24
跟	24
篇	24
朝	24
烟	24
李	24
页	23
享	23
私	23
哈	23
希	23
绩	23
档	23
避	23
脑	23
背	23
违	23
追	23
绝	23
呼	23
著	23
歌	23
笔	23
亮	23
射	23
谈	23
阿	23
圆	23
b	22
签	22
動	22
汽	22
础	22
稳	22
丰	22
毕	22
岗	22
贯	22
绿	22
损	22
丽	22
乎	22
湖	22
港	22
席	22
攻	22
零	22
云	22
幕	22
刑	22
贵	22
派	22
透	22
封	22
疑	22
奥	22
草	22
询	21
藏	21
左	21
票	21
朋	21
媒	21
困	21
探	21
遇	21
床	21
症	21
吸	21
斗	21
似	21
汉	21
净	21
梦	21
婚	21
灵	21
仪	21
菜	21
洗	21
借	21
宁	21
肉	21
散	21
骨	21
沉	21
雨	21
發	21
業	21
G	20
误	20
符	20
隐	20
钟	20
括	20
央	20
堂	20
概	20
罪	20
铁	20
衣	20
胜	20
餐	20
丝	20
归	20
却	20
卖	20
占	20
侧	20
齐	20
脚	20
杀	20
迷	20
為	20
員	20
默	19
订	19
箱	19
場	19
若	19
践	19
幼	19
患	19
秀	19
妈	19
彻	19
另	19
练	19
污	19
趣	19
犯	19
驾	19
氧	19
献	19
熟	19
贸	19
伴	19
贫	19
附	19
罗	19
脱	19
虚	19
馆	19
扫	19
痛	19
阻	19
威	19
遗	19
礼	19
静	19
牛	19
顶	19
鱼	19
實	19
I	18
C	18
L	18
账	18
绍	18
促	18
予	18
触	18
盖	18
储	18
永	18
伙	18
汇	18
顾	18
租	18
贴	18
靠	18
粉	18
秘	18
苦	18
穿	18
爆	18
诗	18
纯	18
弱	18
倒	18
恶	18
盛	18
這	18
O	17
h	17
R	17
径	17
搜	17
開	17
继	17
庭	17
胞	17
译	17
聘	17
杂	17
览	17
授	17
庆	17
币	17
松	17
硬	17
暖	17
妇	17
钢	17
灾	17
夫	17
冲	17
延	17
佛	17
厚	17
宜	17
纸	17
扬	17
卷	17
叶	17
冰	17
灯	17
阴	17
折	17
電	17
長	17
x	16
释	16
雷	16
咨	16
挥	16
掌	16
童	16
植	16
苏	16
谢	16
佳	16
仍	16
休	16
烈	16
廉	16
皇	16
沙	16
缓	16
鲜	16
漫	16
叫	16
脸	16
侵	16
拿	16
潜	16
弹	16
野	16
末	16
耐	16
宫	16
敬	16
抽	16
惊	16
兵	16
偏	16
废	16
網	16
機	16
w	15
A	15
午	15
亿	15
启	15
岁	15
努	15
距	15
召	15
逐	15
凝	15
刺	15
欧	15
筹	15
缩	15
隔	15
帝	15
坐	15
怀	15
旧	15
幅	15
菌	15
裁	15
缘	15
矿	15
糖	15
露	15
魔	15
庄	15
勇	15
圈	15
田	15
剂	15
挂	15
乌	15
乳	15
晓	15
務	15
經	15
現	15
於	15
N	14
址	14
描	14
链	14
详	14
握	14
幸	14
街	14
署	14
屋	14
映	14
讼	14
混	14
扩	14
饰	14
诊	14
拍	14
惠	14
递	14
洋	14
岛	14
振	14
盟	14
浓	14
巨	14
燃	14
既	14
浪	14
厅	14
忘	14
籍	14
抵	14
旗	14
胶	14
繁	14
吧	14
滑	14
勤	14
牙	14
徒	14
壮	14
碳	14
陈	14
膜	14
迫	14
資	14
運	14
闭	13
拥	13
疾	13
估	13
贷	13
驶	13
偿	13
拟	13
券	13
洁	13
洲	13
饮	13
窗	13
途	13
奋	13
摄	13
刚	13
舒	13
荣	13
舞	13
烧	13
宗	13
懂	13
鸡	13
哥	13
冬	13
镜	13
腐	13
尿	13
坦	13
暴	13
桃	13
茶	13
顿	13
豆	13
跑	13
唐	13
關	13
對	13
當	13
返	12
記	12
填	12
稿	12
倍	12
械	12
父	12
伍	12
讨	12
楚	12
乙	12
池	12
渐	12
龄	12
巧	12
辅	12
慢	12
坏	12
讯	12
禁	12
债	12
苗	12
援	12
截	12
誉	12
祝	12
诚	12
肺	12
祖	12
麻	12
奶	12
插	12
桥	12
吉	12
锋	12
夏	12
怕	12
肥	12
宽	12
倾	12
乘	12
凡	12
巡	12
秋	12
峰	12
迹	12
澳	12
湿	12
幻	12
沿	12
泉	12
泡	12
赞	12
淡	12
伦	12
摇	12
谷	12
喷	12
們	12
設	12
體	12
數	12
败	11
辑	11
間	11
束	11
邮	11
後	11
且	11
甚	11
荐	11
殊	11
涉	11
泛	11
履	11
雄	11
川	11
衡	11
亡	11
润	11
罚	11
竟	11
扶	11
搭	11
溶	11
遵	11
弃	11
扎	11
残	11
肿	11
孕	11
饭	11
震	11
玉	11
暂	11
捷	11
毫	11
磁	11
摩	11
唱	11
轴	11
脉	11
泽	11
珍	11
暗	11
船	11
薪	11
跨	11
阵	11
昌	11
嘉	11
孔	11
乱	11
朗	11
晶	11
俗	11
肠	11
癌	11
瓜	11
磨	11
雪	11
驻	11
墙	11
忧	11
尘	11
跳	11
拜	11
伊	11
逆	11
锦	11
過	11
專	11
區	11
書	11
並	11
B	10
F	10
P	10
v	10
添	10
雅	10
報	10
計	10
見	10
陆	10
惯	10
蛋	10
循	10
谐	10
谓	10
唯	10
娱	10
森	10
硕	10
寻	10
醒	10
纷	10
邀	10
遍	10
屏	10
累	10
塑	10
殖	10
尚	10
弟	10
尊	10
泥	10
蒙	10
哲	10
伟	10
姐	10
焦	10
粒	10
扮	10
爷	10
睡	10
赶	10
迁	10
诸	10
灭	10
荷	10
牢	10
骗	10
忙	10
谁	10
拼	10
宾	10
谋	10
栏	10
慎	10
耳	10
啊	10
潮	10
抢	10
淋	10
碎	10
圣	10
貌	10
洞	10
萨	10
珠	10
摸	10
揭	10
甜	10
郁	10
纹	10
滴	10
虫	10
羊	10
粘	10
浮	10
闪	10
迪	10
兽	10
壁	10
肾	10
進	10
認	10
視	10
辦	10
議	10
創	10
導	10
師	10
規	10
觀	10
說	10
義	10
東	10
車	10
權	10
虽	9
沟	9
肤	9
绕	9
颜	9
励	9
董	9
驱	9
鉴	9
津	9
氛	9
纠	9
炼	9
俄	9
耗	9
漂	9
敏	9
伸	9
涨	9
宿	9
舍	9
恩	9
赢	9
腾	9
蓝	9
俱	9
煤	9
恋	9
辛	9
旁	9
贝	9
刊	9
辈	9
掉	9
锅	9
怪	9
桌	9
豪	9
胆	9
涂	9
扣	9
兼	9
抱	9
坡	9
横	9
骑	9
纲	9
螺	9
喝	9
岸	9
洛	9
泰	9
漏	9
杆	9
麦	9
尾	9
踏	9
鲁	9
猪	9
寒	9
悠	9
灰	9
隆	9
胡	9
肝	9
谱	9
遥	9
瓶	9
井	9
寄	9
剪	9
仙	9
刘	9
孙	9
墨	9
枝	9
菲	9
秦	9
塔	9
杨	9
題	9
別	9
門	9
產	9
內	9
選	9
傳	9
賽	9
聯	9
將	9
劇	9
函	8
T	8
無	8
M	8
宋	8
話	8
辆	8
肯	8
垃	8
圾	8
贡	8
悉	8
趋	8
挑	8
鼓	8
绪	8
赔	8
尺	8
爸	8
匀	8
欣	8
缴	8
轨	8
辖	8
旋	8
滤	8
娘	8
甘	8
凭	8
脏	8
绘	8
刷	8
辨	8
盈	8
冒	8
拆	8
恐	8
腔	8
柔	8
剩	8
妹	8
忽	8
倡	8
拔	8
胎	8
催	8
畅	8
役	8
椒	8
戴	8
契	8
裂	8
钻	8
忍	8
薄	8
跌	8
腺	8
恒	8
迟	8
纵	8
塞	8
浆	8
疏	8
抚	8
滋	8
灌	8
滚	8
悲	8
妙	8
盐	8
芝	8
虎	8
捕	8
夺	8
稀	8
拨	8
逃	8
杰	8
胃	8
胸	8
戒	8
绵	8
拖	8
鸟	8
莱	8
亦	8
挺	8
勒	8
術	8
麼	8
應	8
種	8
園	8
標	8
論	8
總	8
廣	8
點	8
證	8
删	7
D	7
串	7
k	7
番	7
稍	7
尤	7
覆	7
盾	7
拓	7
湾	7
纤	7
框	7
闲	7
碍	7
韩	7
赏	7
涵	7
匹	7
妻	7
脂	7
陷	7
梯	7
敌	7
奏	7
携	7
聊	7
替	7
鼠	7
耀	7
篮	7
押	7
铺	7
锈	7
慈	7
耕	7
诞	7
滨	7
嫌	7
悟	7
喻	7
矩	7
陪	7
偶	7
辣	7
阔	7
朵	7
弯	7
颁	7
悬	7
恰	7
摆	7
榜	7
腹	7
牧	7
愈	7
邻	7
猫	7
羽	7
辩	7
袋	7
杯	7
砂	7
缝	7
姆	7
奔	7
囊	7
梅	7
坊	7
叹	7
柱	7
鞋	7
浅	7
嘴	7
募	7
抛	7
衰	7
卵	7
狐	7
巾	7
毁	7
尖	7
棋	7
崇	7
莫	7
呢	7
凉	7
荡	7
炒	7
挡	7
腿	7
霸	7
淮	7
衷	7
陵	7
斑	7
陀	7
樂	7
藝	7
統	7
樣	7
臺	7
續	7
構	7
結	7
眾	7
團	7
醫	7
錄	7
兩	7
費	7
變	7
帶	7
類	7
優	7
讓	7
達	7
確	7
評	7
預	7
獎	7
馬	7
▁	7
U	6
連	6
恢	6
慧	6
浏	6
迅	6
寸	6
矛	6
诺	6
旦	6
赁	6
葡	6
兄	6
拒	6
姻	6
仔	6
赖	6
抑	6
敢	6
宇	6
颗	6
妆	6
炸	6
渗	6
扰	6
旨	6
寿	6
陶	6
吗	6
彰	6
惜	6
宏	6
夹	6
叙	6
昆	6
赋	6
诈	6
淀	6
锁	6
牵	6
伏	6
氨	6
孤	6
慰	6
胀	6
艰	6
杜	6
捐	6
栽	6
狗	6
饱	6
烯	6
姿	6
柴	6
勘	6
凌	6
晨	6
弥	6
椅	6
穷	6
舰	6
搞	6
鼻	6
晋	6
畜	6
烂	6
惩	6
辞	6
悄	6
浸	6
岩	6
蜜	6
桂	6
妥	6
驰	6
艾	6
紫	6
惑	6
奠	6
冻	6
肖	6
沃	6
浇	6
盗	6
歉	6
帐	6
颈	6
蓄	6
埃	6
醇	6
袭	6
旬	6
酷	6
竹	6
泊	6
夕	6
伪	6
雾	6
裤	6
耶	6
浴	6
浩	6
吊	6
眉	6
汁	6
猛	6
盆	6
嘱	6
洒	6
翼	6
柜	6
腰	6
氏	6
朴	6
迈	6
汤	6
啦	6
弄	6
飘	6
埔	6
赵	6
荒	6
灣	6
沒	6
參	6
請	6
處	6
組	6
單	6
畫	6
還	6
決	6
驗	6
項	6
協	6
護	6
亞	6
領	6
調	6
讀	6
營	6
圖	6
戰	6
裡	6
態	6
適	6
編	6
愛	6
質	6
試	6
約	6
氣	6
張	6
発	6
/	5
，	5
秒	5
姓	5
問	5
骤	5
睛	5
允	5
乏	5
忆	5
呈	5
馈	5
晰	5
萄	5
锻	5
宅	5
筋	5
粮	5
挖	5
掘	5
垂	5
缆	5
魅	5
姑	5
泌	5
厦	5
叉	5
拌	5
肌	5
彼	5
仓	5
眠	5
郑	5
跃	5
擦	5
涯	5
婴	5
萝	5
厉	5
罩	5
纺	5
婆	5
狂	5
遭	5
蚀	5
阐	5
渡	5
硫	5
撤	5
割	5
抖	5
佩	5
欲	5
惧	5
纽	5
蒸	5
尴	5
尬	5
箭	5
搬	5
懈	5
丧	5
犹	5
唤	5
亩	5
丹	5
霉	5
侦	5
妨	5
绑	5
隙	5
栓	5
雕	5
敦	5
嵌	5
脾	5
劣	5
邓	5
吐	5
泵	5
醉	5
诱	5
抬	5
厌	5
狠	5
泄	5
凸	5
勃	5
颖	5
粗	5
廊	5
槽	5
卸	5
徐	5
劲	5
丁	5
涌	5
茅	5
瑞	5
欺	5
峡	5
肩	5
廷	5
伯	5
屈	5
蕴	5
株	5
浦	5
瓦	5
旺	5
堆	5
刀	5
烤	5
汗	5
茫	5
堡	5
赴	5
猴	5
匝	5
氢	5
烘	5
削	5
锐	5
滞	5
棚	5
畏	5
溢	5
绳	5
萌	5
哭	5
帅	5
轰	5
拳	5
颇	5
碗	5
曼	5
铃	5
愧	5
朱	5
誓	5
燕	5
莎	5
枪	5
垫	5
皆	5
锄	5
莉	5
埋	5
溪	5
柳	5
兢	5
瘦	5
棒	5
昂	5
钉	5
翩	5
喊	5
舟	5
寨	5
逼	5
庸	5
郎	5
栩	5
佼	5
訊	5
習	5
許	5
華	5
據	5
擔	5
隊	5
討	5
紀	5
況	5
兒	5
積	5
備	5
軍	5
語	5
簡	5
終	5
萬	5
條	5
職	5
險	5
爭	5
顧	5
則	5
親	5
裝	5
級	5
財	5
監	5
(	4
圳	4
浙	4
渠	4
玻	4
璃	4
逻	4
徽	4
尝	4
陕	4
蔬	4
杭	4
坛	4
摘	4
瞬	4
疆	4
瘤	4
疼	4
咖	4
奉	4
踪	4
焊	4
仿	4
烦	4
魂	4
搅	4
肃	4
辽	4
昨	4
梁	4
赚	4
淘	4
瓷	4
斤	4
仰	4
辉	4
煌	4
寓	4
泳	4
御	4
忠	4
疯	4
糊	4
擅	4
噪	4
撰	4
凤	4
陌	4
炉	4
酬	4
卓	4
齿	4
碰	4
伐	4
疲	4
丢	4
琴	4
谊	4
愉	4
厕	4
枢	4
赠	4
暑	4
斜	4
糕	4
闹	4
腊	4
碑	4
亏	4
阀	4
悔	4
兑	4
漠	4
幽	4
剖	4
菩	4
悦	4
痕	4
泪	4
慕	4
稻	4
呵	4
怨	4
君	4
堵	4
裕	4
芦	4
熊	4
怒	4
邦	4
粹	4
叔	4
拘	4
钓	4
躺	4
叠	4
膀	4
蜂	4
衍	4
偷	4
兔	4
蓬	4
匆	4
丛	4
罢	4
酱	4
硝	4
脆	4
尸	4
莲	4
渔	4
忌	4
溯	4
帽	4
洪	4
袖	4
卧	4
奢	4
抹	4
胰	4
壳	4
盒	4
丙	4
挤	4
铸	4
扭	4
冶	4
诵	4
肢	4
漓	4
垒	4
艳	4
膏	4
椎	4
芒	4
欠	4
爽	4
隶	4
姜	4
汕	4
涡	4
仇	4
紊	4
瓣	4
沸	4
髓	4
仁	4
葱	4
纬	4
辰	4
澎	4
贿	4
宴	4
缀	4
猎	4
芽	4
雇	4
湘	4
鬼	4
逝	4
脊	4
韧	4
寝	4
抄	4
玄	4
弊	4
缠	4
柏	4
沧	4
掩	4
乔	4
渊	4
剥	4
蟹	4
裙	4
杏	4
吞	4
遮	4
挚	4
扁	4
钠	4
镀	4
躁	4
慌	4
殿	4
敷	4
毅	4
霆	4
砺	4
俭	4
绒	4
吾	4
匈	4
酿	4
乖	4
屠	4
宰	4
硅	4
粤	4
祈	4
丘	4
抉	4
攀	4
苍	4
碧	4
韵	4
砌	4
炮	4
扑	4
恨	4
凹	4
鸦	4
煮	4
筒	4
冈	4
弧	4
梗	4
晴	4
敲	4
疹	4
逢	4
缔	4
酯	4
癜	4
赤	4
茂	4
剑	4
劝	4
墓	4
葬	4
菱	4
熔	4
弗	4
摊	4
逸	4
肆	4
俊	4
帆	4
際	4
歷	4
環	4
獲	4
遊	4
舉	4
覺	4
價	4
輯	4
負	4
責	4
練	4
識	4
陸	4
輕	4
戶	4
風	4
線	4
滿	4
覽	4
隨	4
屬	4
稱	4
謝	4
館	4
購	4
採	4
範	4
圍	4
興	4
強	4
幾	4
頭	4
維	4
講	4
細	4
訪	4
難	4
佈	4
註	4
冊	4
擊	4
刃	4
鐵	4
羅	4
臨	4
溫	4
轉	4
邊	4
郵	4
勝	4
貸	4
隱	4
戦	4
q	3
z	3
'	3
钮	3
気	3
関	3
撑	3
苹	3
壤	3
芯	3
秩	3
啡	3
肪	3
燥	3
宙	3
胁	3
吨	3
仲	3
弘	3
竣	3
厨	3
莞	3
擎	3
馨	3
宠	3
卜	3
牲	3
衔	3
橡	3
聪	3
披	3
奈	3
饲	3
玫	3
瑰	3
凰	3
炭	3
乃	3
酵	3
钥	3
匙	3
沈	3
憾	3
筛	3
撞	3
恼	3
锡	3
膨	3
舆	3
谨	3
汰	3
咳	3
黎	3
傲	3
狱	3
矫	3
沥	3
豫	3
汛	3
搏	3
腻	3
垄	3
姨	3
祥	3
磷	3
孵	3
狮	3
烹	3
灿	3
咪	3
诠	3
刹	3
葛	3
寂	3
氯	3
翰	3
愤	3
娃	3
盲	3
慨	3
堪	3
扇	3
盯	3
乾	3
乒	3
乓	3
媳	3
秉	3
遣	3
潍	3
夸	3
溃	3
侣	3
茄	3
沂	3
虹	3
猜	3
绸	3
僵	3
狭	3
浑	3
哺	3
胖	3
蔽	3
侈	3
饼	3
莓	3
熬	3
臂	3
滩	3
挣	3
淄	3
晒	3
碱	3
膳	3
磋	3
晕	3
盼	3
詹	3
赌	3
庞	3
竭	3
拇	3
儒	3
歧	3
滥	3
汲	3
坪	3
铜	3
鸣	3
菇	3
漆	3
樱	3
匠	3
谅	3
萎	3
臣	3
砖	3
洽	3
宵	3
旱	3
勉	3
奴	3
瑜	3
颠	3
锂	3
竖	3
侠	3
蒋	3
禽	3
衬	3
迄	3
玛	3
缸	3
喂	3
枯	3
灸	3
躲	3
酰	3
斥	3
匿	3
帧	3
湛	3
枚	3
贮	3
罕	3
驳	3
邪	3
僚	3
湃	3
孟	3
啥	3
癫	3
痫	3
帷	3
鹅	3
顽	3
吵	3
椭	3
芳	3
洱	3
喉	3
抒	3
讽	3
柿	3
塘	3
寺	3
庙	3
卑	3
佣	3
昏	3
挽	3
蒜	3
雀	3
潭	3
勾	3
枣	3
榴	3
瞻	3
琐	3
锥	3
叛	3
矢	3
贪	3
纱	3
棵	3
辜	3
皱	3
仑	3
铭	3
缅	3
坞	3
敞	3
磅	3
帘	3
桶	3
艇	3
吻	3
舌	3
妖	3
恭	3
膝	3
哮	3
巷	3
痘	3
饿	3
肇	3
孢	3
岭	3
笼	3
薯	3
嘲	3
浒	3
腕	3
姥	3
穴	3
荆	3
砥	3
菠	3
趁	3
棕	3
挪	3
稽	3
猕	3
岳	3
鞍	3
橘	3
绚	3
嫁	3
嘿	3
捞	3
臭	3
嗓	3
辱	3
栈	3
诀	3
窝	3
杉	3
淇	3
谣	3
媚	3
芬	3
妃	3
绣	3
堰	3
闷	3
钾	3
桩	3
歇	3
蝎	3
亥	3
匪	3
恳	3
舅	3
勿	3
凶	3
炫	3
熄	3
朽	3
嘻	3
丸	3
沼	3
殴	3
蔗	3
橱	3
勋	3
孝	3
弦	3
鄂	3
爬	3
罐	3
剔	3
楷	3
塌	3
瞩	3
晃	3
呆	3
虐	3
虾	3
苟	3
涛	3
懒	3
慑	3
嚣	3
疮	3
酶	3
呜	3
锚	3
咐	3
蒂	3
婷	3
阜	3
羯	3
畔	3
倦	3
赎	3
魏	3
簿	3
痴	3
靖	3
躯	3
愁	3
秤	3
陋	3
毋	3
寥	3
赫	3
傻	3
渝	3
焕	3
撒	3
颅	3
凯	3
卒	3
啪	3
睿	3
怠	3
脓	3
濒	3
柬	3
俩	3
穆	3
溜	3
栗	3
裔	3
猩	3
響	3
係	3
戲	3
劃	3
製	3
該	3
夠	3
歡	3
節	3
執	3
攝	3
畢	3
療	3
訓	3
斷	3
顯	3
準	3
獨	3
豐	3
鍵	3
綜	3
狀	3
勵	3
銷	3
絡	3
聲	3
離	3
載	3
憶	3
頁	3
媽	3
競	3
釋	3
絕	3
揮	3
訴	3
測	3
雜	3
養	3
陽	3
詢	3
詳	3
獻	3
檢	3
輔	3
億	3
瀏	3
禮	3
賞	3
榮	3
輸	3
從	3
給	3
勢	3
黨	3
頒	3
尋	3
藉	3
奧	3
緒	3
蘭	3
蛇	3
懷	3
啟	3
錯	3
廠	3
審	3
瞭	3
聖	3
勞	3
補	3
復	3
頻	3
碼	3
熱	3
傷	3
衝	3
郭	3
號	3
飛	3
錦	3
紛	3
寶	3
幣	3
換	3
緊	3
損	3
沪	3
売	3
様	3
録	3
営	3
\	2
県	2
K	2
価	2
厘	2
巩	2
蹈	2
辐	2
丈	2
梳	2
宪	2
咱	2
曝	2
怖	2
牺	2
傅	2
隧	2
逾	2
舶	2
肚	2
簧	2
渴	2
啤	2
泼	2
墅	2
嗽	2
骄	2
崛	2
绎	2
牡	2
沫	2
峻	2
蝴	2
蝶	2
夯	2
轿	2
焰	2
饪	2
曹	2
畴	2
撼	2
妊	2
娠	2
裹	2
蚂	2
蚁	2
渲	2
槛	2
卉	2
羡	2
挫	2
碌	2
寞	2
葫	2
呕	2
辟	2
溉	2
怜	2
澡	2
拾	2
吹	2
瀑	2
涤	2
帜	2
柠	2
檬	2
戚	2
顷	2
翅	2
讶	2
巅	2
迭	2
疡	2
捉	2
拯	2
惕	2
荧	2
糙	2
泻	2
蜘	2
蛛	2
睐	2
窃	2
蕉	2
熙	2
钩	2
绽	2
逊	2
坑	2
棉	2
蔓	2
杠	2
窄	2
褐	2
廓	2
翡	2
翠	2
崩	2
饺	2
脖	2
铝	2
耍	2
菊	2
巢	2
遏	2
聆	2
喇	2
叭	2
烁	2
狸	2
醛	2
吁	2
骼	2
祭	2
祀	2
掀	2
澄	2
轼	2
缚	2
惫	2
屁	2
秸	2
秆	2
凑	2
阱	2
侨	2
蘑	2
贺	2
畸	2
麒	2
麟	2
甫	2
瞄	2
橄	2
榄	2
枸	2
杞	2
拷	2
逍	2
瞒	2
筷	2
伽	2
佬	2
糟	2
澈	2
耽	2
焚	2
卦	2
胱	2
邯	2
郸	2
衫	2
嘛	2
逮	2
驭	2
劫	2
蛙	2
芜	2
傍	2
耦	2
铅	2
拦	2
拭	2
蜡	2
烛	2
芙	2
蓉	2
胳	2
膊	2
闺	2
胺	2
稣	2
遴	2
敛	2
筝	2
沐	2
馏	2
侯	2
碾	2
黏	2
唇	2
梭	2
娩	2
弈	2
馒	2
缤	2
胚	2
韭	2
咽	2
糯	2
昼	2
祸	2
厢	2
溺	2
娜	2
淆	2
沌	2
翔	2
粪	2
摧	2
柄	2
睦	2
毯	2
弛	2
桑	2
镶	2
栅	2
痹	2
帼	2
伺	2
螃	2
潇	2
坎	2
坷	2
淌	2
璀	2
璨	2
甸	2
嫉	2
妒	2
篷	2
屿	2
噬	2
吓	2
莆	2
崖	2
丫	2
潢	2
荔	2
徘	2
徊	2
喘	2
骚	2
萃	2
龟	2
锌	2
饥	2
珊	2
瑚	2
憧	2
憬	2
驿	2
踊	2
疤	2
狙	2
菏	2
譬	2
渤	2
帖	2
栖	2
颤	2
缮	2
骆	2
驼	2
璋	2
瑕	2
疵	2
朦	2
胧	2
谦	2
坠	2
烷	2
炬	2
葩	2
崭	2
泣	2
窒	2
瘙	2
痒	2
髦	2
疙	2
瘩	2
稚	2
玲	2
珑	2
贩	2
沛	2
棠	2
曙	2
澜	2
琉	2
耘	2
捆	2
倘	2
坤	2
腌	2
粽	2
肛	2
皂	2
蝙	2
蝠	2
奸	2
侮	2
毗	2
侃	2
肴	2
襄	2
痉	2
挛	2
莹	2
黛	2
羟	2
侥	2
僧	2
茉	2
睁	2
闯	2
熏	2
祷	2
惬	2
慷	2
幂	2
咙	2
蜗	2
矶	2
琢	2
诫	2
鸭	2
爵	2
鹃	2
瘫	2
痪	2
谎	2
榆	2
邢	2
捧	2
婪	2
雍	2
嫦	2
娥	2
茎	2
醋	2
昔	2
骁	2
赂	2
鞭	2
琵	2
琶	2
犬	2
鲤	2
宛	2
龈	2
睫	2
叮	2
酌	2
盔	2
捍	2
吕	2
哀	2
匮	2
陛	2
睹	2
芹	2
嬉	2
蚊	2
枕	2
郊	2
镑	2
梧	2
桐	2
氓	2
橙	2
眩	2
鸽	2
诅	2
咒	2
鹦	2
鹉	2
狩	2
惨	2
趟	2
礴	2
焙	2
贼	2
邂	2
逅	2
淹	2
冀	2
袜	2
咀	2
嚼	2
锤	2
羞	2
丞	2
暧	2
昧	2
悍	2
蛮	2
睾	2
豌	2
漳	2
谜	2
蚌	2
埠	2
疱	2
仗	2
楂	2
毂	2
咬	2
坝	2
亟	2
逛	2
柑	2
酝	2
酪	2
撕	2
禺	2
赡	2
咸	2
邃	2
辗	2
葵	2
蒲	2
嫩	2
呐	2
蔷	2
薇	2
阈	2
蠕	2
鸳	2
鸯	2
琥	2
珀	2
泸	2
摔	2
痊	2
坍	2
轩	2
辕	2
赣	2
疸	2
殡	2
臀	2
瞳	2
屉	2
冗	2
颂	2
摒	2
茯	2
苓	2
裸	2
诲	2
堕	2
沮	2
谍	2
蝇	2
噩	2
徙	2
饶	2
沦	2
庐	2
霍	2
颊	2
绅	2
靶	2
斓	2
喧	2
彝	2
祉	2
痔	2
汹	2
纂	2
鞠	2
躬	2
禧	2
暇	2
淤	2
诡	2
疚	2
愚	2
蠢	2
亨	2
芪	2
窟	2
灶	2
莅	2
婿	2
墟	2
吒	2
吩	2
坯	2
椰	2
渭	2
韶	2
眨	2
哎	2
呀	2
雌	2
跻	2
夷	2
烫	2
蜿	2
蜒	2
腥	2
掠	2
盎	2
峨	2
汶	2
穹	2
靡	2
恪	2
谴	2
氮	2
蜻	2
蜓	2
揽	2
屑	2
柯	2
瀚	2
惰	2
霾	2
袱	2
蔚	2
涕	2
虔	2
搐	2
漩	2
芭	2
蕾	2
蜕	2
苷	2
鲫	2
梨	2
绞	2
鲨	2
稼	2
裳	2
蹄	2
妄	2
苛	2
褪	2
拣	2
颌	2
袍	2
鳄	2
痰	2
漾	2
乞	2
丐	2
贬	2
粱	2
嗅	2
谧	2
伞	2
翁	2
衅	2
淳	2
佚	2
隋	2
豚	2
渍	2
妮	2
捣	2
俘	2
虏	2
坟	2
兆	2
骷	2
髅	2
娲	2
羁	2
绊	2
眶	2
酮	2
闵	2
垢	2
昵	2
祠	2
戮	2
靓	2
囱	2
篆	2
涩	2
悸	2
俨	2
镯	2
恍	2
惚	2
觅	2
浊	2
忱	2
喀	2
藩	2
糜	2
娇	2
蚯	2
蚓	2
宕	2
荼	2
扛	2
僻	2
佐	2
腑	2
阁	2
巫	2
闽	2
镖	2
漱	2
汾	2
趴	2
闸	2
恤	2
煎	2
茁	2
篡	2
婉	2
媲	2
苇	2
棺	2
赐	2
熹	2
掏	2
斩	2
戈	2
唾	2
惋	2
谚	2
艘	2
霹	2
雳	2
咆	2
扳	2
祛	2
拧	2
烽	2
苯	2
葆	2
飙	2
姊	2
锯	2
掺	2
凄	2
狼	2
狈	2
庇	2
枫	2
绯	2
曳	2
悚	2
娴	2
唠	2
叨	2
榈	2
棘	2
皿	2
拢	2
嫂	2
钙	2
丑	2
弓	2
岂	2
鄙	2
俯	2
瞰	2
娄	2
迦	2
扦	2
趾	2
蟑	2
螂	2
忏	2
谛	2
栋	2
鱿	2
骋	2
诿	2
吏	2
鼎	2
荟	2
妩	2
肋	2
鹏	2
柚	2
哔	2
哩	2
寡	2
掷	2
忐	2
忑	2
瑟	2
淬	2
吴	2
痤	2
禅	2
丨	2
晾	2
濟	2
與	2
雖	2
課	2
擇	2
聞	2
築	2
須	2
織	2
繼	2
擁	2
銀	2
較	2
紹	2
鐘	2
韓	2
閱	2
腦	2
幫	2
娛	2
礎	2
僅	2
極	2
絲	2
績	2
階	2
薦	2
針	2
衛	2
龍	2
買	2
飾	2
軟	2
歐	2
廳	2
碩	2
貿	2
鏡	2
堅	2
慮	2
飯	2
嚴	2
減	2
壓	2
薩	2
謂	2
誌	2
溝	2
檔	2
踐	2
觸	2
貢	2
壇	2
漸	2
螢	2
礙	2
穩	2
麗	2
樓	2
慣	2
歸	2
蚝	2
紐	2
夢	2
願	2
譯	2
趨	2
雙	2
遠	2
諮	2
嘗	2
蘋	2
黃	2
鬆	2
農	2
順	2
蓮	2
蔡	2
呗	2
廈	2
夥	2
穌	2
儀	2
歲	2
棄	2
誤	2
籤	2
飲	2
挝	2
誕	2
擴	2
駕	2
駛	2
齡	2
綠	2
週	2
壞	2
異	2
晤	2
譽	2
輛	2
違	2
聽	2
儘	2
阪	2
慶	2
繫	2
倫	2
複	2
賓	2
訂	2
涅	2
槃	2
藥	2
額	2
徵	2
臉	2
閒	2
哆	2
攜	2
怡	2
勺	2
顏	2
焯	2
傑	2
搖	2
滾	2
諾	2
酋	2
籲	2
煸	2
贊	2
籃	2
敗	2
簽	2
脅	2
豁	2
迴	2
屯	2
紅	2
虛	2
擬	2
婦	2
膚	2
铿	2
锵	2
詮	2
悼	2
庫	2
儲	2
闆	2
冥	2
曰	2
靈	2
筆	2
戀	2
鹤	2
甄	2
嬛	2
貨	2
牟	2
訟	2
荃	2
憲	2
贈	2
驚	2
袁	2
铬	2
圓	2
犀	2
皈	2
暫	2
彪	2
彤	2
繪	2
鬥	2
帳	2
託	2
溥	2
遺	2
雲	2
潔	2
姚	2
錢	2
蒐	2
貼	2
麽	2
債	2
郴	2
昭	2
鮮	2
刪	2
産	2
敵	2
躍	2
続	2
変	2
楽	2
実	2
働	2
単	2
軽	2
販	2
衆	2
説	2
査	2
戸	2
鉄	2
両	2
労	2
収	2
対	2
専	2
廃	2
徴	2
挙	2
撃	2
権	2
歴	2
済	2
経	2
総	2
転	2
辺	2
闘	2
V	1
円	1
X	1
[	1
#	1
—	1
{	1
（	1
歳	1
読	1
”	1
哦	1
骂	1
贤	1
鸿	1
萧	1
卢	1
暨	1
卻	1
亭	1
贾	1
鹿	1
冯	1
彭	1
霞	1
鑫	1
汪	1
潘	1
斌	1
帕	1
琳	1
韦	1
寫	1
鹰	1
爹	1
霜	1
渣	1
旭	1
踩	1
爾	1
扔	1
惹	1
嗎	1
兹	1
砸	1
遂	1
踢	1
磊	1
扯	1
崔	1
砍	1
琼	1
藤	1
縣	1
瑶	1
萍	1
苑	1
嗯	1
郡	1
盡	1
刮	1
舱	1
壶	1
鄉	1
哑	1
谭	1
捡	1
琪	1
蜀	1
壹	1
殷	1
粥	1
陳	1
薛	1
層	1
豹	1
卿	1
甩	1
侍	1
昊	1
雁	1
捏	1
賣	1
惟	1
瞧	1
跪	1
姬	1
哼	1
窑	1
彬	1
愣	1
逗	1
尹	1
娶	1
沾	1
邱	1
楠	1
挨	1
堤	1
茨	1
矣	1
矮	1
娟	1
仕	1
歪	1
蹲	1
拐	1
揉	1
彦	1
談	1
淑	1
魄	1
殺	1
靜	1
拱	1
骏	1
兜	1
聋	1
眸	1
邵	1
禾	1
棍	1
爪	1
剛	1
汝	1
廖	1
贞	1
魚	1
吟	1
佑	1
腳	1
惡	1
宮	1
鲍	1
琦	1
奕	1
哇	1
淫	1
哄	1
邹	1
納	1
笨	1
咋	1
禄	1
貴	1
瘾	1
誰	1
蘇	1
葉	1
吼	1
雯	1
斋	1
邑	1
裏	1
晖	1
瞎	1
蚕	1
瞪	1
倩	1
驴	1
鎮	1
黔	1
奎	1
翘	1
煞	1
郝	1
禹	1
岚	1
俏	1
霄	1
島	1
倪	1
冤	1
仆	1
哨	1
輪	1
俞	1
暮	1
虞	1
酥	1
媛	1
漢	1
樊	1
碟	1
隻	1
樹	1
曦	1
籽	1
脫	1
舊	1
祁	1
钦	1
妍	1
頂	1
阮	1
梵	1
劈	1
唉	1
贱	1
沁	1
稅	1
笛	1
屡	1
霖	1
亂	1
聂	1
铲	1
耻	1
皓	1
冉	1
狄	1
耿	1
妳	1
咯	1
炖	1
藻	1
穗	1
眷	1
盤	1
巍	1
钞	1
俺	1
蹭	1
庚	1
榨	1
耸	1
劉	1
陣	1
眯	1
扒	1
轧	1
缕	1
塊	1
倚	1
鳞	1
灼	1
笋	1
盏	1
龚	1
铂	1
蓋	1
戳	1
哟	1
皖	1
絮	1
旷	1
梓	1
钛	1
喔	1
蝉	1
氟	1
幢	1
炳	1
墩	1
咏	1
歼	1
茵	1
尧	1
荫	1
尉	1
钧	1
釉	1
哗	1
杖	1
鲸	1
啸	1
餘	1
朔	1
麵	1
磕	1
紙	1
寅	1
嘎	1
娅	1
頓	1
魁	1
寧	1
搓	1
焉	1
芸	1
燒	1
緣	1
燈	1
憋	1
蹦	1
陇	1
斐	1
藍	1
汀	1
垮	1
撩	1
揣	1
昕	1
橋	1
卤	1
拂	1
諸	1
捂	1
靴	1
裴	1
嗨	1
檀	1
楊	1
滇	1
雞	1
誠	1
斧	1
臻	1
撇	1
孜	1
朕	1
趕	1
簇	1
窦	1
稠	1
棱	1
陰	1
厄	1
窥	1
滔	1
彈	1
窜	1
爺	1
詞	1
湯	1
吳	1
茜	1
阎	1
侄	1
颐	1
攒	1
铮	1
馅	1
詩	1
凿	1
麓	1
揚	1
晟	1
寇	1
囚	1
桔	1
緩	1
嫣	1
滕	1
涝	1
搁	1
哒	1
茹	1
剿	1
镁	1
拽	1
硒	1
哉	1
敖	1
槐	1
兮	1
幹	1
秃	1
髮	1
屎	1
爲	1
咕	1
脐	1
垦	1
亢	1
璐	1
窍	1
跋	1
梢	1
渺	1
齊	1
妞	1
礁	1
懿	1
苔	1
掐	1
诏	1
莽	1
肘	1
屆	1
挠	1
淨	1
拙	1
崎	1
闫	1
羌	1
乍	1
潛	1
擺	1
玮	1
桓	1
孫	1
怯	1
掛	1
揪	1
禀	1
煲	1
嗜	1
蕊	1
璧	1
啃	1
绮	1
祂	1
診	1
舜	1
妾	1
莊	1
閉	1
惶	1
竿	1
洼	1
搶	1
恕	1
怔	1
檐	1
芋	1
缉	1
孚	1
弩	1
煙	1
瑾	1
拎	1
猿	1
晏	1
菁	1
砚	1
沖	1
嚷	1
擒	1
搂	1
祺	1
钝	1
卯	1
魯	1
寬	1
貝	1
藕	1
榕	1
炜	1
佰	1
樟	1
滅	1
澤	1
純	1
锣	1
擾	1
溅	1
貓	1
舔	1
钰	1
玺	1
厮	1
绥	1
煜	1
烨	1
宸	1
凳	1
咚	1
劍	1
玖	1
笃	1
萱	1
翟	1
岔	1
韬	1
瞥	1
側	1
绰	1
岐	1
恺	1
喵	1
茸	1
饵	1
镍	1
濃	1
窖	1
骇	1
楞	1
刁	1
壽	1
偉	1
趙	1
縮	1
仄	1
璇	1
酉	1
鄭	1
鋼	1
輩	1
潤	1
閃	1
泾	1
嵩	1
賴	1
赦	1
冕	1
懵	1
鸥	1
昱	1
庶	1
赘	1
驯	1
凛	1
牆	1
償	1
嗣	1
钯	1
孽	1
騎	1
掃	1
戊	1
眺	1
廢	1
沽	1
鍋	1
纶	1
茗	1
芷	1
濕	1
秧	1
脈	1
嘶	1
胤	1
诛	1
豬	1
奮	1
貧	1
廚	1
琅	1
咧	1
賺	1
傾	1
泗	1
煽	1
扼	1
災	1
匯	1
犁	1
靳	1
襟	1
徹	1
伶	1
匡	1
毙	1
戎	1
嗡	1
鳥	1
峙	1
酚	1
圭	1
陨	1
萊	1
曉	1
晦	1
顆	1
讳	1
傢	1
粟	1
囤	1
鎖	1
衙	1
腋	1
赃	1
鬧	1
绷	1
槍	1
戟	1
砰	1
挟	1
垣	1
刨	1
钳	1
陡	1
夭	1
箫	1
蛟	1
鹭	1
涧	1
憩	1
麥	1
庵	1
烏	1
羹	1
跡	1
寰	1
獸	1
瞅	1
峥	1
唔	1
怼	1
啼	1
鳳	1
吱	1
槟	1
涼	1
岱	1
佔	1
殘	1
戌	1
恬	1
茬	1
罰	1
凱	1
秽	1
颓	1
猶	1
憨	1
炽	1
佟	1
噢	1
捅	1
褚	1
欄	1
芥	1
叩	1
遁	1
俐	1
擂	1
咔	1
谬	1
岑	1
婶	1
憂	1
煉	1
琛	1
憑	1
氪	1
瑪	1
毀	1
笙	1
橫	1
腮	1
剁	1
凋	1
揍	1
茧	1
鹊	1
骸	1
讚	1
壬	1
繞	1
巳	1
妝	1
淚	1
蔑	1
圃	1
剃	1
婧	1
肽	1
缪	1
腸	1
匾	1
厥	1
峪	1
桦	1
遲	1
劑	1
莺	1
喬	1
瓯	1
嘘	1
敝	1
呦	1
苞	1
歹	1
舵	1
奪	1
皋	1
攸	1
圩	1
碘	1
鏈	1
愕	1
繳	1
蘸	1
貂	1
漲	1
摹	1
蕭	1
騰	1
潼	1
撥	1
蹬	1
騙	1
踹	1
遐	1
瘀	1
蛤	1
悖	1
璞	1
磐	1
掰	1
辊	1
徑	1
掖	1
遞	1
邸	1
雏	1
憎	1
箔	1
褶	1
暢	1
珂	1
偵	1
噜	1
壯	1
撮	1
婕	1
篱	1
阙	1
牠	1
裘	1
賢	1
釜	1
铠	1
莘	1
殆	1
癸	1
贏	1
嫡	1
冢	1
褒	1
懊	1
霓	1
塵	1
廟	1
飽	1
嚎	1
淺	1
膠	1
厭	1
嚇	1
呃	1
筱	1
锰	1
孰	1
蓓	1
膽	1
枉	1
喽	1
筐	1
羚	1
辫	1
泓	1
甬	1
蟲	1
喪	1
妓	1
謀	1
炊	1
曜	1
汐	1
荀	1
抠	1
櫃	1
祯	1
馍	1
匣	1
札	1
坂	1
俑	1
瑛	1
扉	1
臟	1
貫	1
玥	1
淼	1
厲	1
鳌	1
峭	1
呛	1
駐	1
遷	1
俪	1
怂	1
辍	1
屍	1
勁	1
奚	1
隅	1
钴	1
輝	1
宦	1
瘋	1
悅	1
辙	1
逞	1
浚	1
閣	1
炙	1
丟	1
鹽	1
籌	1
贰	1
鋪	1
撐	1
膺	1
鞘	1
羲	1
窮	1
纾	1
紋	1
焖	1
町	1
牽	1
炯	1
毓	1
嬰	1
袅	1
獄	1
迥	1
睑	1
馋	1
餅	1
湄	1
昇	1
枭	1
薰	1
榻	1
噗	1
噴	1
棣	1
唧	1
鲲	1
戛	1
艦	1
芮	1
嘟	1
帥	1
忻	1
猝	1
寵	1
賦	1
蛾	1
炕	1
蒿	1
钨	1
烙	1
粕	1
惦	1
溧	1
颍	1
酣	1
峦	1
籁	1
烃	1
叁	1
盧	1
罵	1
钗	1
谏	1
糧	1
辭	1
蟒	1
诩	1
覃	1
癖	1
齒	1
爐	1
箍	1
缎	1
磺	1
褲	1
擠	1
萦	1
睬	1
鄰	1
栾	1
縱	1
桨	1
醬	1
襲	1
讪	1
婺	1
熠	1
蛊	1
渚	1
崽	1
啰	1
匕	1
讥	1
叽	1
叼	1
迂	1
吆	1
屹	1
臼	1
讹	1
驮	1
纫	1
汞	1
抡	1
吠	1
吭	1
吮	1
岖	1
佃	1
吝	1
闰	1
拄	1
拗	1
矾	1
呻	1
咄	1
忿	1
肮	1
狞	1
疟	1
泞	1
帚	1
迢	1
驹	1
玷	1
挎	1
拴	1
垛	1
荤	1
殃	1
盹	1
贻	1
毡	1
狰	1
狡	1
柒	1
恃	1
诬	1
袄	1
蚤	1
耙	1
埂	1
捎	1
捌	1
梆	1
砾	1
殉	1
晌	1
蚣	1
蚪	1
唁	1
唆	1
倔	1
舀	1
豺	1
鸵	1
馁	1
羔	1
涣	1
悯	1
诽	1
谆	1
祟	1
绢	1
捺	1
捶	1
捻	1
掂	1
萤	1
酗	1
啄	1
蛀	1
唬	1
铐	1
铛	1
偎	1
脯	1
猖	1
涮	1
惭	1
悴	1
揩	1
搀	1
搔	1
榔	1
喳	1
跛	1
甥	1
筏	1
猬	1
猾	1
痢	1
窘	1
谤	1
隘	1
瑙	1
斟	1
椿	1
雹	1
嗦	1
跷	1
跺	1
跤	1
蜈	1
幌	1
誊	1
褂	1
蔼	1
嘀	1
锹	1
箕	1
箩	1
瘟	1
骡	1
撵	1
撬	1
嘹	1
蝌	1
蝗	1
镐	1
篓	1
膛	1
瘪	1
憔	1
褥	1
缭	1
瓢	1
霎	1
踱	1
蹂	1
蟆	1
瘸	1
窿	1
缰	1
藐	1
蹋	1
蟋	1
蟀	1
臊	1
糠	1
懦	1
镰	1
鳍	1
簸	1
癣	1
鳖	1
鬓	1
躏	1
黯	1
瓤	1
矗	1
乂	1
乜	1
兀	1
弋	1
孑	1
孓	1
幺	1
亓	1
廿	1
丏	1
卅	1
仃	1
仉	1
仂	1
刈	1
爻	1
卞	1
闩	1
讣	1
夬	1
爿	1
邗	1
邛	1
艽	1
艿	1
叵	1
丕	1
匜	1
劢	1
卟	1
叱	1
叻	1
仨	1
仟	1
仡	1
仫	1
仞	1
卮	1
氐	1
犰	1
刍	1
邝	1
邙	1
讦	1
讧	1
讫	1
尻	1
阡	1
尕	1
弁	1
耒	1
玎	1
玑	1
圬	1
圪	1
圹	1
扪	1
圮	1
圯	1
芊	1
芍	1
芄	1
芨	1
芑	1
芎	1
芗	1
亘	1
厍	1
夼	1
戍	1
尥	1
乩	1
旯	1
岌	1
屺	1
凼	1
囡	1
钇	1
缶	1
氘	1
氖	1
牝	1
伎	1
伛	1
伢	1
佤	1
仵	1
伥	1
伧	1
伉	1
伫	1
囟	1
汆	1
刖	1
夙	1
旮	1
刎	1
犷	1
犸	1
舛	1
凫	1
邬	1
饧	1
汔	1
汜	1
汊	1
忖	1
讴	1
讵	1
讷	1
聿	1
艮	1
厾	1
妁	1
纡	1
纣	1
纥	1
纨	1
玕	1
玙	1
抟	1
抔	1
圻	1
抃	1
芫	1
芾	1
苈	1
苣	1
苋	1
芼	1
苌	1
苁	1
芩	1
芡	1
芟	1
苄	1
苎	1
苡	1
杌	1
杓	1
杈	1
孛	1
邴	1
邳	1
奁	1
豕	1
忒	1
欤	1
轫	1
迓	1
邶	1
卣	1
邺	1
旰	1
呋	1
呒	1
呓	1
呔	1
呖	1
旸	1
吡	1
虬	1
吽	1
吣	1
吲	1
帏	1
岈	1
岘	1
兕	1
囵	1
囫	1
钊	1
钋	1
钌	1
迕	1
氙	1
氚	1
牤	1
佞	1
佝	1
佗	1
彷	1
佘	1
佥	1
豸	1
坌	1
肟	1
奂	1
劬	1
狁	1
鸠	1
饨	1
饩	1
饫	1
饬	1
庑	1
庋	1
疔	1
疖	1
肓	1
闱	1
闳	1
炀	1
沣	1
沅	1
沔	1
沤	1
沏	1
沚	1
汩	1
汨	1
沨	1
汴	1
沆	1
沩	1
泐	1
怃	1
怄	1
忡	1
忤	1
忾	1
怅	1
忪	1
怆	1
忭	1
忸	1
诂	1
诃	1
诋	1
诌	1
诒	1
陂	1
陉	1
妪	1
妣	1
妗	1
妫	1
姒	1
妤	1
劭	1
刭	1
邰	1
纭	1
纰	1
纴	1
玡	1
玭	1
玠	1
玢	1
玦	1
盂	1
忝	1
匦	1
坩	1
抨	1
拤	1
坫	1
拈	1
垆	1
抻	1
劼	1
拃	1
拊	1
坼	1
坻	1
坨	1
坭	1
抿	1
坳	1
苤	1
茏	1
苫	1
苜	1
苴	1
苒	1
苘	1
茌	1
苻	1
茚	1
茆	1
茑	1
茓	1
茔	1
茕	1
茀	1
苕	1
枥	1
枇	1
杪	1
杳	1
枧	1
杵	1
枨	1
枞	1
枋	1
杻	1
杷	1
杼	1
矸	1
砀	1
刳	1
奄	1
殁	1
郏	1
轭	1
郅	1
鸢	1
盱	1
昙	1
杲	1
昃	1
咂	1
呸	1
昀	1
旻	1
昉	1
炅	1
畀	1
虮	1
呷	1
黾	1
呱	1
呤	1
咛	1
呶	1
呣	1
咝	1
岢	1
岿	1
岬	1
岫	1
帙	1
岣	1
峁	1
刿	1
岷	1
剀	1
帔	1
峄	1
沓	1
囹	1
罔	1
钍	1
钎	1
钏	1
钒	1
钕	1
邾	1
迮	1
牦	1
竺	1
迤	1
佶	1
侑	1
侉	1
臾	1
侗	1
侏	1
侩	1
佻	1
佾	1
侪	1
佯	1
侬	1
帛	1
侔	1
徂	1
刽	1
郄	1
籴	1
瓮	1
戗	1
肼	1
肱	1
肫	1
迩	1
郇	1
狎	1
狍	1
狒	1
咎	1
饯	1
饴	1
冽	1
冼	1
庖	1
疠	1
疝	1
兖	1
劾	1
炘	1
炝	1
炔	1
泔	1
沭	1
泷	1
泱	1
泅	1
泠	1
泺	1
泖	1
泫	1
泮	1
沱	1
泯	1
怙	1
怵	1
怦	1
怛	1
怏	1
怍	1
怩	1
怫	1
怿	1
宓	1
诓	1
诔	1
诖	1
诘	1
戾	1
诙	1
戽	1
郓	1
衩	1
祆	1
祎	1
祇	1
诜	1
诟	1
诣	1
诤	1
诧	1
诨	1
戕	1
陔	1
妲	1
妯	1
姗	1
帑	1
孥	1
驽	1
虱	1
迨	1
绀	1
绁	1
绂	1
驷	1
驸	1
绉	1
绌	1
骀	1
甾	1
珏	1
珐	1
玳	1
顸	1
珉	1
珈	1
拮	1
垭	1
挞	1
垤	1
赳	1
贲	1
垱	1
垌	1
垧	1
垓	1
挦	1
垠	1
荚	1
荑	1
贳	1
荜	1
莒	1
茼	1
茴	1
茱	1
莛	1
荞	1
荏	1
荇	1
荠	1
茭	1
垩	1
荥	1
荦	1
荨	1
荩	1
剋	1
荪	1
荬	1
荮	1
柰	1
栉	1
柘	1
栊	1
柩	1
枰	1
栌	1
柙	1
枵	1
枳	1
柞	1
柝	1
栀	1
柢	1
栎	1
柈	1
柁	1
枷	1
柽	1
剌	1
酊	1
郦	1
甭	1
砗	1
砘	1
砒	1
斫	1
砭	1
砜	1
耷	1
虺	1
殂	1
殇	1
殄	1
轱	1
轲	1
轳	1
轶	1
轸	1
虿	1
毖	1
觇	1
尜	1
哐	1
眄	1
眍	1
郢	1
眇	1
眊	1
眈	1
哂	1
咴	1
曷	1
昴	1
咦	1
哓	1
畎	1
呲	1
胄	1
畋	1
畈	1
虼	1
虻	1
盅	1
咣	1
哕	1
剐	1
郧	1
咻	1
囿	1
咿	1
哌	1
哙	1
哚	1
咩	1
咤	1
哝	1
哏	1
哞	1
峣	1
罘	1
峒	1
峤	1
峋	1
贶	1
钚	1
钡	1
钣	1
钤	1
钫	1
氡	1
牯	1
郜	1
秕	1
秭	1
竽	1
笈	1
俦	1
俅	1
叟	1
垡	1
牮	1
俣	1
俚	1
俟	1
徇	1
徉	1
舢	1
郗	1
俎	1
郤	1
爰	1
郛	1
瓴	1
胨	1
胪	1
胛	1
胂	1
胙	1
胍	1
胗	1
胝	1
朐	1
胫	1
鸨	1
匍	1
狨	1
狯	1
飑	1
狲	1
訇	1
逄	1
昝	1
饷	1
饸	1
饹	1
孪	1
娈	1
庥	1
疬	1
疣	1
疥	1
疭	1
庠	1
竑	1
飒	1
闼	1
闾	1
闿	1
阂	1
羑	1
迸	1
籼	1
炻	1
烀	1
炷	1
洹	1
洧	1
洌	1
浃	1
洇	1
洄	1
洙	1
涎	1
洎	1
洫	1
浍	1
洮	1
洵	1
浔	1
浕	1
洳	1
恸	1
恓	1
恹	1
恫	1
恻	1
恂	1
恽	1
宥	1
扃	1
衲	1
衽	1
衿	1
袂	1
祜	1
祓	1
祚	1
诮	1
祗	1
祢	1
诰	1
诳	1
鸩	1
昶	1
咫	1
弭	1
牁	1
胥	1
陟	1
姮	1
娆	1
姝	1
姣	1
姘	1
姹	1
羿	1
炱	1
矜	1
绔	1
骅	1
绗	1
绛	1
骈	1
耖	1
挈	1
珥	1
珙	1
顼	1
珰	1
珩	1
珧	1
珣	1
珞	1
琤	1
珲	1
恚	1
埕	1
埘	1
埙	1
埚	1
挹	1
耆	1
耄	1
埒	1
捋	1
贽	1
垸	1
捃	1
盍	1
荸	1
莳	1
莴	1
莪	1
莠	1
莜	1
莩	1
荽	1
莸	1
荻	1
莨	1
鸪	1
莼	1
栲	1
栳	1
桡	1
桎	1
桢	1
桤	1
梃	1
栝	1
桕	1
桁	1
桧	1
桅	1
栟	1
桉	1
逑	1
逋	1
彧	1
鬲	1
豇	1
酐	1
逦	1
厝	1
孬	1
砝	1
砹	1
砧	1
砷	1
砟	1
砼	1
砣	1
剞	1
砻	1
轾	1
辂	1
鸫	1
趸	1
龀	1
鸬	1
眬	1
唛	1
眙	1
哧	1
哽	1
晁	1
鸮	1
趵	1
趿	1
畛	1
蚨	1
蚜	1
蚍	1
蚋	1
蚬	1
蚧	1
唢	1
圄	1
唣	1
唏	1
唑	1
崂	1
崃	1
罡	1
罟	1
觊	1
赅	1
钲	1
钵	1
钹	1
钺	1
钽	1
钼	1
钿	1
铀	1
铄	1
铆	1
铈	1
铉	1
铊	1
铋	1
铌	1
铍	1
铎	1
氩	1
氤	1
氦	1
毪	1
舐	1
秣	1
秫	1
盉	1
笄	1
笕	1
笊	1
笏	1
笆	1
俸	1
俵	1
偌	1
俳	1
俶	1
倬	1
倏	1
恁	1
倭	1
俾	1
倜	1
隼	1
隽	1
倌	1
倥	1
臬	1
郫	1
倨	1
衄	1
颀	1
徕	1
舫	1
衾	1
胯	1
胴	1
胭	1
脍	1
胼	1
脒	1
鸱	1
鸲	1
狷	1
猁	1
狳	1
猃	1
狺	1
逖	1
桀	1
饽	1
凇	1
亳	1
疳	1
疴	1
疽	1
痈	1
痂	1
衮	1
颃	1
恣	1
旆	1
旄	1
旃	1
阃	1
阄	1
訚	1
阆	1
恙	1
粑	1
烜	1
烩	1
烊	1
剡	1
郯	1
烬	1
涑	1
浯	1
涞	1
涟	1
娑	1
涠	1
浞	1
涓	1
浥	1
涔	1
浜	1
浠	1
浣	1
悭	1
悝	1
悒	1
悌	1
悛	1
窈	1
剜	1
诹	1
诼	1
袒	1
袢	1
谀	1
谂	1
谄	1
谇	1
屐	1
屙	1
陬	1
勐	1
奘	1
牂	1
蚩	1
陲	1
娌	1
娉	1
娣	1
娓	1
婀	1
畚	1
逡	1
绠	1
骊	1
绡	1
绦	1
绨	1
骎	1
邕	1
鸶	1
彗	1
耜	1
焘	1
舂	1
琏	1
琇	1
麸	1
揶	1
埴	1
埯	1
捯	1
掳	1
掴	1
埸	1
埵	1
赧	1
埤	1
捭	1
逵	1
埝	1
堋	1
堍	1
掬	1
鸷	1
捽	1
掊	1
堉	1
掸	1
捩	1
掮	1
悫	1
埭	1
埽	1
掇	1
掼	1
聃	1
萁	1
菘	1
堇	1
萘	1
萋	1
菽	1
菖	1
萜	1
萸	1
萑	1
棻	1
菔	1
菟	1
萏	1
菹	1
菪	1
菅	1
菀	1
菰	1
菡	1
梿	1
梏	1
觋	1
桴	1
桷	1
棁	1
桫	1
棂	1
啬	1
郾	1
敕	1
豉	1
鄄	1
酞	1
硎	1
硭	1
硖	1
硗	1
硐	1
硇	1
硌	1
鸸	1
瓠	1
匏	1
厩	1
殒	1
殓	1
殍	1
赉	1
雩	1
辄	1
堑	1
眭	1
眦	1
啧	1
晡	1
眵	1
圊	1
喏	1
啉	1
勖	1
晞	1
唵	1
晗	1
啭	1
畦	1
趺	1
啮	1
跄	1
蚶	1
蛄	1
蛎	1
蛆	1
蚰	1
圉	1
蚱	1
蛉	1
蛏	1
蚴	1
啁	1
啕	1
唿	1
啐	1
唼	1
唷	1
啖	1
啵	1
啶	1
啷	1
唳	1
唰	1
啜	1
帻	1
崚	1
崦	1
崮	1
崤	1
崆	1
赇	1
赈	1
赊	1
铑	1
铒	1
铗	1
铙	1
铟	1
铡	1
铢	1
铣	1
铤	1
铧	1
铨	1
铩	1
铪	1
铫	1
铯	1
铰	1
铱	1
铳	1
铵	1
铷	1
牾	1
鸹	1
秾	1
逶	1
笺	1
筇	1
笸	1
笪	1
笮	1
笠	1
笥	1
笤	1
笳	1
笾	1
笞	1
偾	1
偃	1
偕	1
偈	1
傀	1
偬	1
偻	1
皑	1
皎	1
鸻	1
徜	1
舸	1
舻	1
舴	1
舷	1
龛	1
翎	1
脬	1
脘	1
脲	1
匐	1
猗	1
猡	1
猞	1
斛	1
馗	1
馃	1
馄	1
鸾	1
庹	1
庾	1
痍	1
翊	1
旌	1
旎	1
袤	1
阇	1
阉	1
阊	1
阋	1
阍	1
阏	1
粝	1
焐	1
焓	1
焗	1
淅	1
淞	1
渎	1
涿	1
淖	1
挲	1
淠	1
涸	1
渑	1
淦	1
淝	1
涪	1
淙	1
涫	1
渌	1
悻	1
悱	1
惝	1
惘	1
惆	1
惇	1
惮	1
窕	1
谌	1
扈	1
皲	1
谑	1
裆	1
袷	1
裉	1
谒	1
谔	1
谕	1
谖	1
谗	1
谙	1
谝	1
逯	1
郿	1
隈	1
粜	1
隍	1
隗	1
婊	1
娼	1
婢	1
婵	1
胬	1
袈	1
翌	1
恿	1
欸	1
绫	1
骐	1
绱	1
骒	1
绲	1
骓	1
绶	1
绺	1
绻	1
绾	1
骖	1
缁	1
耠	1
琫	1
琨	1
琰	1
琮	1
琯	1
琬	1
琚	1
辇	1
鼋	1
揳	1
堞	1
搽	1
揸	1
揠	1
堙	1
趄	1
揖	1
颉	1
塄	1
揿	1
耋	1
揄	1
蛩	1
蛰	1
塆	1
揆	1
掾	1
聒	1
葑	1
葚	1
靰	1
靸	1
葳	1
葺	1
葸	1
萼	1
葶	1
蒌	1
葭	1
楮	1
棼	1
椟	1
棹	1
椤	1
棰	1
赍	1
椋	1
椁	1
椪	1
椐	1
鹁	1
酤	1
酢	1
酡	1
鹂	1
殚	1
殛	1
雱	1
辋	1
椠	1
辎	1
睄	1
睇	1
睃	1
戢	1
喋	1
嗒	1
喃	1
喱	1
喹	1
晷	1
喈	1
跖	1
跗	1
跞	1
跚	1
跎	1
跏	1
跆	1
蛱	1
蛲	1
蛭	1
蛳	1
蛐	1
蛔	1
蛞	1
蛴	1
蛘	1
喁	1
喟	1
啾	1
嗖	1
喑	1
嗟	1
嗞	1
喙	1
嵘	1
嵖	1
崴	1
遄	1
詈	1
嵎	1
嵬	1
嵛	1
嵯	1
嵝	1
嵫	1
幄	1
嵋	1
赕	1
铻	1
铼	1
锃	1
锆	1
锇	1
锉	1
锏	1
锑	1
锒	1
锔	1
锕	1
掣	1
矬	1
氰	1
毳	1
毽	1
犊	1
犄	1
犋	1
鹄	1
犍	1
嵇	1
黍	1
稃	1
稂	1
筚	1
筵	1
筌	1
傣	1
傈	1
舄	1
牍	1
傥	1
傧	1
遑	1
傩	1
徨	1
媭	1
畲	1
弑	1
翕	1
鹆	1
腈	1
腓	1
腆	1
腴	1
腚	1
腱	1
鲀	1
鲂	1
猢	1
猹	1
猥	1
飓	1
觞	1
觚	1
猱	1
颎	1
飧	1
馇	1
馊	1
亵	1
脔	1
裒	1
痣	1
痨	1
痦	1
痞	1
痧	1
赓	1
竦	1
瓿	1
啻	1
颏	1
鹇	1
阑	1
阒	1
阕	1
粞	1
遒	1
孳	1
焜	1
焱	1
鹈	1
渫	1
湮	1
湎	1
湜	1
湍	1
湫	1
溲	1
湟	1
溆	1
湲	1
湔	1
湉	1
渥	1
滁	1
愠	1
惺	1
愦	1
惴	1
愀	1
愎	1
愔	1
喾	1
寐	1
谟	1
裢	1
裎	1
裥	1
祾	1
谠	1
谡	1
谥	1
孱	1
弼	1
巽	1
骘	1
媪	1
巯	1
翚	1
皴	1
骛	1
缂	1
缃	1
缄	1
彘	1
缇	1
缈	1
缌	1
缑	1
缒	1
缗	1
飨	1
耢	1
瑁	1
瑗	1
瑄	1
遨	1
骜	1
韫	1
髡	1
塬	1
鄢	1
趔	1
趑	1
摅	1
摁	1
蜇	1
搋	1
搪	1
搛	1
搠	1
摈	1
彀	1
搦	1
搡	1
蓁	1
戡	1
蓍	1
鄞	1
蓐	1
蓦	1
鹋	1
蒽	1
蓖	1
蓊	1
蒯	1
蓟	1
蓑	1
蒺	1
蓠	1
蒟	1
蒡	1
蒹	1
蒴	1
蒗	1
蓥	1
楔	1
楝	1
楫	1
楸	1
椴	1
槌	1
楯	1
皙	1
槎	1
榉	1
楦	1
楣	1
楹	1
椽	1
剽	1
酩	1
蜃	1
碛	1
碓	1
硼	1
碉	1
碚	1
碇	1
碜	1
鹌	1
辏	1
龃	1
龅	1
訾	1
粲	1
睚	1
嗪	1
韪	1
嗷	1
嗉	1
睨	1
睢	1
雎	1
睥	1
嗑	1
嗫	1
嗬	1
嗔	1
嗝	1
戥	1
嗄	1
煦	1
暄	1
遢	1
暌	1
跬	1
跶	1
跸	1
跐	1
跣	1
跹	1
蛸	1
蜊	1
蜍	1
蜉	1
蜣	1
畹	1
蛹	1
嗥	1
嗲	1
嗳	1
嗌	1
嗍	1
嗐	1
嗤	1
嗵	1
罨	1
嵊	1
嵴	1
骰	1
锗	1
锛	1
锜	1
锝	1
锞	1
锟	1
锢	1
锨	1
锩	1
锭	1
锱	1
雉	1
氲	1
犏	1
歃	1
稞	1
稗	1
稔	1
筠	1
筢	1
筮	1
筲	1
牒	1
敫	1
徭	1
愆	1
艄	1
觎	1
毹	1
貊	1
貅	1
貉	1
颔	1
腠	1
腩	1
腼	1
腭	1
腧	1
塍	1
媵	1
鲅	1
鲆	1
鲇	1
鲈	1
鲋	1
鲐	1
肄	1
鹐	1
飕	1
觥	1
遛	1
馐	1
鹑	1
亶	1
瘃	1
痱	1
痼	1
痿	1
瘐	1
瘁	1
瘆	1
麂	1
歆	1
旒	1
阖	1
阗	1
羧	1
豢	1
粳	1
猷	1
煳	1
煨	1
煅	1
煊	1
煺	1
滟	1
溱	1
溘	1
漭	1
滢	1
溽	1
裟	1
溻	1
溷	1
滗	1
滫	1
溴	1
滏	1
滃	1
滦	1
溏	1
滂	1
滓	1
溟	1
滪	1
愫	1
慊	1
鲎	1
骞	1
窠	1
窣	1
裱	1
裨	1
裾	1
裰	1
禊	1
谩	1
谪	1
媾	1
嫫	1
嫒	1
嫔	1
媸	1
缙	1
缜	1
缛	1
辔	1
骝	1
缟	1
缡	1
缢	1
缣	1
骟	1
耥	1
璈	1
瑭	1
獒	1
觏	1
慝	1
嫠	1
叆	1
摽	1
墁	1
撂	1
摞	1
撄	1
翥	1
踅	1
摭	1
墉	1
墒	1
榖	1
綦	1
蔫	1
靺	1
靼	1
鞅	1
靿	1
甍	1
蔸	1
蔟	1
蔺	1
戬	1
蕖	1
蔻	1
蓿	1
斡	1
鹕	1
蓼	1
榛	1
榧	1
榫	1
榭	1
槔	1
榱	1
槁	1
槠	1
榷	1
僰	1
酽	1
酹	1
碡	1
碴	1
碣	1
碲	1
臧	1
豨	1
霁	1
蜚	1
龇	1
睽	1
嘞	1
嘈	1
嘌	1
嘁	1
暝	1
踌	1
踉	1
蜞	1
蜥	1
蜮	1
蝈	1
蜴	1
蜱	1
蜩	1
蜷	1
蜢	1
嘡	1
鹗	1
嘣	1
嘤	1
嘚	1
嗾	1
嘧	1
罴	1
罱	1
幔	1
嶂	1
幛	1
赙	1
罂	1
骶	1
鹘	1
锲	1
锴	1
锶	1
锷	1
锸	1
镂	1
犒	1
箐	1
箦	1
箧	1
箸	1
箬	1
箅	1
箪	1
箜	1
箢	1
箓	1
僖	1
儆	1
僳	1
僭	1
劁	1
僮	1
魃	1
魆	1
艋	1
鄱	1
膈	1
膑	1
鲑	1
鲔	1
鲚	1
鲛	1
鲟	1
獐	1
觫	1
雒	1
夤	1
馑	1
銮	1
塾	1
瘌	1
瘊	1
瘘	1
旖	1
膂	1
阚	1
鄯	1
鲞	1
粿	1
粼	1
糁	1
槊	1
鹚	1
熘	1
熥	1
漕	1
滹	1
漯	1
漶	1
潋	1
潴	1
漪	1
漉	1
澉	1
慵	1
搴	1
窨	1
寤	1
綮	1
谮	1
褡	1
褙	1
褓	1
褛	1
褊	1
谯	1
谰	1
谲	1
屣	1
鹛	1
嫱	1
嫖	1
嫚	1
嫘	1
鼐	1
瞀	1
骠	1
缥	1
缦	1
缧	1
缨	1
骢	1
缫	1
耧	1
璜	1
璎	1
璁	1
奭	1
髯	1
髫	1
撷	1
撅	1
赭	1
撸	1
鋆	1
撙	1
撺	1
墀	1
聩	1
觐	1
鞑	1
蕙	1
鞒	1
蕈	1
蕨	1
蕤	1
蕞	1
蕺	1
瞢	1
蕃	1
蕲	1
赜	1
槿	1
樯	1
槭	1
樗	1
樘	1
槲	1
醌	1
醅	1
靥	1
魇	1
餍	1
磔	1
磙	1
霈	1
辘	1
龉	1
龊	1
觑	1
瞌	1
瞋	1
瞑	1
嘭	1
噎	1
噶	1
颙	1
暹	1
噘	1
踔	1
踝	1
踟	1
踒	1
踬	1
踮	1
踯	1
踺	1
踞	1
蝽	1
蝾	1
蝻	1
蝰	1
蝮	1
螋	1
蝓	1
蝣	1
蝼	1
嘬	1
颚	1
噍	1
噙	1
噌	1
噔	1
颛	1
幞	1
幡	1
嶙	1
嶝	1
骺	1
镊	1
镉	1
镌	1
镏	1
镒	1
镓	1
镔	1
稷	1
箴	1
篑	1
篁	1
篌	1
牖	1
儋	1
虢	1
鹞	1
膘	1
鲠	1
鲡	1
鲢	1
鲣	1
鲥	1
鲧	1
鲩	1
獗	1
獠	1
觯	1
馓	1
馔	1
麾	1
廛	1
瘛	1
瘼	1
瘢	1
瘠	1
齑	1
羰	1
糌	1
糍	1
糅	1
熜	1
熵	1
澍	1
澌	1
潸	1
潦	1
潲	1
鋈	1
潟	1
潺	1
寮	1
窳	1
谳	1
褴	1
褟	1
褫	1
谵	1
熨	1
屦	1
勰	1
蝥	1
缬	1
缯	1
骣	1
畿	1
耩	1
耨	1
耪	1
璟	1
靛	1
璠	1
璘	1
聱	1
螯	1
髻	1
髭	1
髹	1
擀	1
甏	1
擞	1
縠	1
磬	1
颞	1
蕻	1
颟	1
薤	1
薨	1
檠	1
薏	1
薮	1
薜	1
薅	1
樾	1
橛	1
橇	1
樵	1
檎	1
橹	1
樽	1
樨	1
橼	1
墼	1
橐	1
翮	1
醐	1
醍	1
醚	1
磲	1
赝	1
殪	1
霏	1
錾	1
辚	1
遽	1
氅	1
瞟	1
瞠	1
嚄	1
嚆	1
噤	1
暾	1
蹀	1
踵	1
踽	1
蹉	1
蹁	1
螨	1
螈	1
螅	1
螭	1
螠	1
螟	1
噱	1
噫	1
噻	1
噼	1
罹	1
圜	1
镗	1
镘	1
镚	1
镛	1
镝	1
镞	1
镠	1
氇	1
氆	1
穑	1
篝	1
篥	1
篦	1
篪	1
篙	1
盥	1
劓	1
翱	1
魉	1
魈	1
徼	1
歙	1
膦	1
膙	1
鲮	1
鲱	1
鲳	1
鲴	1
鲵	1
鲷	1
鲻	1
獴	1
獭	1
獬	1
鹧	1
廨	1
赟	1
瘰	1
廪	1
瘿	1
瘵	1
瘴	1
癃	1
瘳	1
麇	1
麈	1
嬴	1
壅	1
糗	1
甑	1
燎	1
燠	1
燔	1
燧	1
濑	1
濉	1
潞	1
澧	1
澹	1
澥	1
澶	1
濂	1
褰	1
窸	1
嬖	1
犟	1
隰	1
嬗	1
颡	1
缱	1
缲	1
缳	1
璩	1
璪	1
螫	1
擤	1
壕	1
觳	1
罄	1
擢	1
薹	1
鞡	1
鞬	1
薷	1
藓	1
藁	1
檄	1
檩	1
懋	1
醢	1
翳	1
礅	1
磴	1
鹩	1
龋	1
龌	1
豳	1
壑	1
黻	1
嚏	1
嚅	1
蹑	1
蹒	1
蹊	1
蟥	1
螬	1
螵	1
疃	1
螳	1
嚓	1
罽	1
罾	1
嶷	1
黜	1
黝	1
髁	1
髀	1
镡	1
镢	1
镣	1
镦	1
镧	1
镩	1
镪	1
镫	1
罅	1
簌	1
篾	1
篼	1
簖	1
簋	1
鼢	1
儡	1
鹪	1
鼾	1
皤	1
魍	1
龠	1
繇	1
貘	1
邈	1
貔	1
臌	1
膻	1
臆	1
臃	1
鲼	1
鲽	1
鳀	1
鳃	1
鳅	1
鳇	1
鳊	1
螽	1
燮	1
鹫	1
縻	1
癍	1
麋	1
懑	1
濡	1
濮	1
濞	1
濠	1
濯	1
蹇	1
謇	1
襁	1
檗	1
擘	1
孺	1
隳	1
嬷	1
蟊	1
鹬	1
鍪	1
鏊	1
鬈	1
鬃	1
瞽	1
鞯	1
鞨	1
鞫	1
鞧	1
鞣	1
藜	1
藠	1
醪	1
蹙	1
礓	1
燹	1
餮	1
瞿	1
曛	1
颢	1
躇	1
蹚	1
蟛	1
蟪	1
蟠	1
蟮	1
鹮	1
黠	1
黟	1
髂	1
镬	1
镭	1
馥	1
簟	1
簪	1
鼬	1
雠	1
艟	1
鳎	1
鳏	1
鳐	1
癞	1
癔	1
糨	1
蹩	1
鎏	1
邋	1
鬏	1
攉	1
鞲	1
鞴	1
藿	1
蘧	1
蘅	1
醮	1
醯	1
酃	1
霪	1
霭	1
霨	1
黼	1
嚯	1
蹰	1
蹶	1
蹽	1
蹼	1
蹴	1
蹾	1
蹿	1
蠖	1
蠓	1
蟾	1
蠊	1
黢	1
髋	1
髌	1
镲	1
籀	1
齁	1
魑	1
艨	1
鳓	1
鳔	1
鳕	1
鳗	1
鳙	1
鏖	1
羸	1
瀣	1
瀛	1
襦	1
谶	1
襞	1
骥	1
缵	1
瓒	1
攘	1
蘩	1
蘖	1
醴	1
霰	1
酆	1
矍	1
躅	1
鼍	1
巉	1
黩	1
黥	1
黪	1
镳	1
镴	1
黧	1
璺	1
鼯	1
臜	1
鳜	1
鳝	1
鳟	1
獾	1
孀	1
骧	1
瓘	1
鼙	1
醺	1
颦	1
曩	1
鳢	1
麝	1
夔	1
爝	1
灏	1
禳	1
鐾	1
羼	1
蠡	1
耱	1
鹳	1
氍	1
饕	1
躐	1
髑	1
镵	1
穰	1
饔	1
鬻	1
鬟	1
趱	1
攫	1
攥	1
颧	1
躜	1
鼹	1
癯	1
蠲	1
蠹	1
躞	1
衢	1
灞	1
襻	1
纛	1
鬣	1
攮	1
囔	1
馕	1
戆	1
爨	1
齉	1
亍	1
尢	1
彳	1
卬	1
殳	1
毌	1
邘	1
戋	1
圢	1
氕	1
伋	1
仝	1
冮	1
氿	1
汈	1
氾	1
忉	1
宄	1
讱	1
扞	1
圲	1
圫	1
芏	1
芃	1
朳	1
朸	1
邨	1
吖	1
屼	1
屾	1
辿	1
钆	1
仳	1
伣	1
伈	1
癿	1
甪	1
邠	1
犴	1
冱	1
邡	1
汋	1
讻	1
孖	1
纩	1
玒	1
玓	1
玘	1
玚	1
刬	1
坜	1
坉	1
扽	1
坋	1
扺	1
毐	1
芰	1
芣	1
苊	1
苉	1
芘	1
芴	1
芠	1
芤	1
杕	1
杙	1
杄	1
杧	1
杩	1
尪	1
尨	1
轪	1
坒	1
芈	1
旴	1
旵	1
呙	1
岍	1
岠	1
岜	1
呇	1
冏	1
觃	1
岙	1
伾	1
伭	1
佖	1
伲	1
佁	1
飏	1
狃	1
闶	1
汧	1
汫	1
沄	1
沘	1
汭	1
沇	1
忮	1
忳	1
忺	1
祃	1
诇	1
邲	1
诎	1
诐	1
屃	1
岊	1
阽	1
阼	1
妧	1
妘	1
纮	1
驲	1
纻	1
纼	1
玤	1
玞	1
玱	1
玟	1
邽	1
邿	1
坥	1
坰	1
坬	1
坽	1
弆	1
耵	1
茋	1
苧	1
苾	1
苠	1
枅	1
枘	1
枍	1
矼	1
矻	1
匼	1
旿	1
昄	1
昒	1
昈	1
咉	1
咇	1
咍	1
岵	1
岽	1
岨	1
岞	1
峂	1
囷	1
钐	1
钔	1
钖	1
牥	1
佴	1
垈	1
侁	1
侹	1
佸	1
佺	1
隹	1
侂	1
佽	1
侘	1
郈	1
舠	1
郐	1
郃	1
攽	1
肭	1
肸	1
肷	1
狉	1
狝	1
饳	1
忞	1
炌	1
炆	1
泙	1
沺	1
泂	1
泜	1
泃	1
泇	1
怊	1
峃	1
穸	1
祋	1
祊	1
鸤	1
弢	1
弨	1
陑	1
陎	1
卺	1
乸	1
妭	1
姈	1
迳	1
叕	1
驵	1
驺	1
绋	1
绐	1
砉	1
耔	1
玶	1
珇	1
珅	1
珋	1
玹	1
珌	1
玿	1
韨	1
垚	1
垯	1
垙	1
垲	1
埏	1
垍	1
耇	1
垎	1
垴	1
垟	1
垞	1
挓	1
垵	1
垏	1
拶	1
荖	1
荁	1
荙	1
荛	1
茈	1
茽	1
荄	1
茺	1
荓	1
茳	1
茛	1
荭	1
柷	1
柃	1
柊	1
枹	1
栐	1
柖	1
郚	1
剅	1
迺	1
厖	1
砆	1
砑	1
砄	1
耏	1
奓	1
轵	1
轷	1
轹	1
轺	1
昺	1
昽	1
盷	1
咡	1
咺	1
昳	1
昣	1
昤	1
昫	1
昡	1
咥	1
昪	1
虷	1
虸	1
哃	1
峘	1
耑	1
峛	1
峗	1
峧	1
帡	1
钘	1
钜	1
钪	1
钬	1
钭	1
矧	1
秬	1
俫	1
舁	1
俜	1
俙	1
俍	1
垕	1
衎	1
舣	1
弇	1
侴	1
鸧	1
胠	1
胈	1
胩	1
胣	1
朏	1
飐	1
訄	1
饻	1
庤	1
疢	1
炣	1
炟	1
洭	1
洘	1
洓	1
洿	1
泚	1
浈	1
浉	1
洸	1
洑	1
洢	1
洈	1
洚	1
洺	1
洨	1
浐	1
洴	1
洣	1
恔	1
宬	1
窀	1
扂	1
袆	1
祏	1
祐	1
祕	1
叚	1
陧	1
陞	1
娀	1
姞	1
姱	1
姤	1
姶	1
姽	1
枲	1
绖	1
骃	1
彖	1
骉	1
恝	1
珪	1
珛	1
珹	1
琊	1
玼	1
珖	1
珽	1
珦	1
珫	1
珒	1
珢	1
珕	1
珝	1
埗	1
垾	1
垺	1
埆	1
垿	1
埌	1
埇	1
莰	1
茝	1
鄀	1
莶	1
莝	1
莙	1
栻	1
桠	1
桄	1
梠	1
栴	1
梴	1
栒	1
酎	1
酏	1
砵	1
砠	1
砫	1
砬	1
硁	1
恧	1
翃	1
郪	1
辀	1
辁	1
剕	1
赀	1
哢	1
晅	1
晊	1
唝	1
哳	1
哱	1
冔	1
晔	1
晐	1
畖	1
蚄	1
蚆	1
帱	1
崁	1
峿	1
崄	1
帨	1
崀	1
赆	1
钷	1
眚	1
甡	1
笫	1
倻	1
倴	1
脩	1
倮	1
倕	1
倞	1
倓	1
倧	1
衃	1
虒	1
舭	1
舯	1
舥	1
瓞	1
鬯	1
鸰	1
脎	1
朓	1
胲	1
虓	1
鱽	1
狴	1
峱	1
狻	1
眢	1
勍	1
痄	1
疰	1
痃	1
竘	1
羖	1
羓	1
桊	1
敉	1
烠	1
烔	1
烶	1
烻	1
涍	1
浡	1
浭	1
浬	1
涄	1
涢	1
涐	1
浰	1
浟	1
浛	1
浼	1
浲	1
涘	1
悈	1
悃	1
悢	1
宧	1
窅	1
窊	1
窎	1
扅	1
扆	1
袪	1
袗	1
袯	1
祧	1
隺	1
堲	1
疍	1
陴	1
烝	1
砮	1
哿	1
翀	1
翂	1
剟	1
绤	1
骍	1
琎	1
珸	1
珵	1
琄	1
琈	1
琀	1
珺	1
掭	1
堎	1
堐	1
埼	1
掎	1
埫	1
堌	1
晢	1
掞	1
埪	1
壸	1
聍	1
菝	1
萚	1
菥	1
莿	1
勚	1
萆	1
菂	1
菍	1
菼	1
萣	1
菉	1
梼	1
梽	1
桲	1
梾	1
桯	1
梣	1
梌	1
桹	1
敔	1
厣	1
硔	1
硙	1
硚	1
硊	1
硍	1
勔	1
龁	1
逴	1
唪	1
啫	1
翈	1
晙	1
畤	1
趼	1
跂	1
蛃	1
蚲	1
蚺	1
啴	1
崧	1
崟	1
崞	1
崒	1
崌	1
崡	1
铏	1
铕	1
铖	1
铘	1
铚	1
铞	1
铥	1
铴	1
牻	1
牿	1
稆	1
笱	1
笯	1
偰	1
偡	1
鸺	1
偭	1
偲	1
偁	1
鄅	1
偓	1
徛	1
衒	1
舳	1
舲	1
鸼	1
悆	1
鄃	1
瓻	1
脶	1
脞	1
脟	1
鱾	1
猇	1
猊	1
猄	1
觖	1
庱	1
庼	1
庳	1
痓	1
竫	1
堃	1
阌	1
羝	1
羕	1
焆	1
烺	1
焌	1
淏	1
淟	1
淜	1
淴	1
淯	1
湴	1
涴	1
惛	1
惔	1
悰	1
惙	1
寁	1
逭	1
袼	1
裈	1
祲	1
谞	1
艴	1
弸	1
弶	1
隃	1
婞	1
娵	1
婼	1
媖	1
婳	1
婍	1
婌	1
婫	1
婤	1
婘	1
婠	1
绹	1
骕	1
絜	1
珷	1
琲	1
琡	1
琟	1
琔	1
琭	1
堾	1
堼	1
揕	1
堧	1
喆	1
堨	1
塅	1
堠	1
絷	1
葜	1
惎	1
萳	1
葙	1
靬	1
葴	1
蒇	1
蒈	1
鄚	1
蒉	1
蓇	1
萩	1
葰	1
葎	1
鄑	1
蒎	1
葖	1
蒄	1
萹	1
棤	1
棽	1
棫	1
椓	1
椑	1
鹀	1
椆	1
棓	1
棬	1
棪	1
椀	1
楗	1
甦	1
酦	1
觌	1
奡	1
皕	1
硪	1
欹	1
詟	1
辌	1
棐	1
龂	1
黹	1
牚	1
睎	1
晫	1
晪	1
晱	1
蛑	1
畯	1
斝	1
喤	1
崶	1
嵁	1
崾	1
嵅	1
崿	1
嵚	1
翙	1
圌	1
圐	1
赑	1
赒	1
铹	1
铽	1
锊	1
锍	1
锎	1
锓	1
犇	1
颋	1
稌	1
筀	1
筘	1
筜	1
筥	1
筅	1
傃	1
傉	1
翛	1
傒	1
傕	1
舾	1
畬	1
脿	1
腘	1
腙	1
腒	1
鲃	1
猰	1
猯	1
馉	1
凓	1
鄗	1
廋	1
廆	1
鄌	1
粢	1
遆	1
旐	1
焞	1
欻	1
溚	1
溁	1
湝	1
渰	1
湓	1
渟	1
溠	1
渼	1
溇	1
湣	1
湑	1
溞	1
愐	1
愃	1
敩	1
甯	1
棨	1
扊	1
裣	1
祼	1
婻	1
媆	1
媞	1
媓	1
媂	1
媄	1
毵	1
矞	1
缊	1
缐	1
骙	1
瑃	1
瑓	1
瑅	1
瑆	1
瑖	1
瑝	1
瑔	1
瑀	1
瑳	1
瑂	1
嶅	1
瑑	1
遘	1
髢	1
塥	1
堽	1
赪	1
摛	1
塝	1
搒	1
搌	1
蒱	1
蒨	1
蓏	1
蔀	1
蓢	1
蓂	1
蒻	1
蓣	1
椹	1
楪	1
榃	1
榅	1
楒	1
楩	1
榇	1
椸	1
楙	1
歅	1
碃	1
碏	1
碈	1
硿	1
鄠	1
辒	1
龆	1
觜	1
暕	1
鹍	1
暅	1
跱	1
蜐	1
蜎	1
嵲	1
赗	1
骱	1
锖	1
锘	1
锳	1
锧	1
锪	1
锫	1
锬	1
稑	1
稙	1
筻	1
筼	1
筶	1
筦	1
筤	1
傺	1
鹎	1
僇	1
艅	1
艉	1
谼	1
貆	1
腽	1
腨	1
腯	1
鲉	1
鲊	1
鲌	1
鲏	1
雊	1
猺	1
飔	1
觟	1
馌	1
裛	1
廒	1
瘅	1
鄘	1
鹒	1
鄜	1
麀	1
鄣	1
阘	1
煁	1
煃	1
煴	1
煋	1
煟	1
煓	1
滠	1
溍	1
溹	1
滆	1
滉	1
溦	1
溵	1
漷	1
滧	1
滘	1
滍	1
愭	1
慥	1
慆	1
塱	1
裼	1
禋	1
禔	1
禘	1
禒	1
谫	1
鹔	1
愍	1
嫄	1
媱	1
戤	1
勠	1
戣	1
缞	1
耤	1
瑧	1
瑨	1
瑱	1
瑷	1
瑢	1
斠	1
摏	1
墕	1
墈	1
墐	1
墘	1
摴	1
銎	1
墚	1
撖	1
靽	1
鞁	1
蔌	1
蔈	1
蓰	1
蔹	1
蔊	1
嘏	1
榰	1
榑	1
槚	1
槜	1
榍	1
疐	1
酺	1
酾	1
酲	1
酴	1
碶	1
碨	1
碹	1
碥	1
劂	1
瞍	1
鹖	1
跽	1
蜾	1
幖	1
嶍	1
圙	1
锺	1
锼	1
锽	1
锾	1
锿	1
镃	1
镄	1
镅	1
馝	1
鹙	1
箨	1
箖	1
劄	1
僬	1
僦	1
僔	1
僎	1
鲒	1
鲕	1
鲖	1
鲗	1
鲘	1
鲙	1
夐	1
獍	1
飗	1
凘	1
廑	1
廙	1
瘗	1
瘥	1
瘕	1
鲝	1
鄫	1
熇	1
漹	1
漖	1
潆	1
漤	1
潩	1
漼	1
漴	1
漈	1
漋	1
漻	1
慬	1
窬	1
窭	1
褕	1
禛	1
禚	1
隩	1
嫕	1
嫭	1
嫜	1
嫪	1
麹	1
璆	1
漦	1
叇	1
墣	1
墦	1
墡	1
劐	1
薁	1
蕰	1
蔃	1
鼒	1
槱	1
鹝	1
磏	1
磉	1
殣	1
慭	1
霅	1
暵	1
暲	1
暶	1
踦	1
踣	1
蝘	1
蝲	1
蝤	1
噇	1
噂	1
噀	1
罶	1
嶲	1
嶓	1
嶟	1
嶒	1
镆	1
镈	1
镋	1
镎	1
镕	1
稹	1
儇	1
皞	1
皛	1
艎	1
艏	1
鹟	1
鲦	1
鲪	1
鲬	1
橥	1
觭	1
鹠	1
鹡	1
糇	1
糈	1
翦	1
鹢	1
鹣	1
熛	1
潖	1
潵	1
澂	1
澛	1
瑬	1
潽	1
潾	1
潏	1
憭	1
憕	1
戭	1
褯	1
禤	1
嫽	1
遹	1
璥	1
璲	1
璒	1
憙	1
擐	1
鄹	1
薳	1
鞔	1
黇	1
蕗	1
薢	1
蕹	1
橞	1
橑	1
橦	1
醑	1
觱	1
磡	1
磜	1
豮	1
鹾	1
虤	1
暿	1
曌	1
曈	1
蹅	1
踶	1
螗	1
疁	1
幪	1
嶦	1
馞	1
穄	1
篚	1
篯	1
簉	1
鼽	1
衠	1
盦	1
螣	1
縢	1
鲭	1
鲯	1
鲰	1
鲺	1
鲹	1
亸	1
癀	1
瘭	1
羱	1
糒	1
燋	1
熻	1
燊	1
燚	1
燏	1
濩	1
濋	1
澪	1
澽	1
澴	1
澭	1
澼	1
憷	1
憺	1
懔	1
黉	1
鹨	1
翯	1
璱	1
璬	1
璮	1
髽	1
擿	1
薿	1
薸	1
檑	1
櫆	1
檞	1
醨	1
繄	1
磹	1
磻	1
瞫	1
瞵	1
蹐	1
蟏	1
镤	1
镥	1
镨	1
矰	1
穙	1
穜	1
穟	1
簕	1
簃	1
簏	1
儦	1
魋	1
斶	1
艚	1
谿	1
鲾	1
鲿	1
鳁	1
鳂	1
鳈	1
鳉	1
獯	1
馘	1
襕	1
襚	1
螱	1
甓	1
嬬	1
嬥	1
瓀	1
釐	1
鬶	1
爇	1
鞳	1
鞮	1
藟	1
藦	1
藨	1
鹲	1
檫	1
黡	1
礞	1
礌	1
蹢	1
蹜	1
蟫	1
嚚	1
髃	1
镮	1
镱	1
酂	1
馧	1
簠	1
簝	1
簰	1
鼫	1
鼩	1
皦	1
臑	1
鳑	1
鳒	1
鹱	1
鹯	1
癗	1
旞	1
翷	1
冁	1
瀔	1
瀍	1
瀌	1
襜	1
嚭	1
鬷	1
醭	1
蹯	1
蠋	1
翾	1
鳘	1
儳	1
儴	1
鼗	1
鳚	1
鳛	1
麑	1
麖	1
蠃	1
彟	1
嬿	1
鬒	1
蘘	1
欂	1
醵	1
颥	1
甗	1
巇	1
酅	1
髎	1
犨	1
爔	1
瀱	1
瀹	1
瀼	1
瀵	1
襫	1
孅	1
骦	1
耰	1
瓖	1
鬘	1
趯	1
罍	1
鼱	1
鳠	1
鳡	1
鳣	1
爟	1
爚	1
灈	1
韂	1
糵	1
蘼	1
礵	1
鹴	1
躔	1
皭	1
龢	1
鳤	1
亹	1
籥	1
鼷	1
玃	1
醾	1
齇	1
觿	1
蠼	1
込	1
増	1
乗	1
伝	1
悪	1
悩	1
抜	1
覚	1
捨	1
焼	1
帰	1
払	1
汚	1
厳	1
歩	1
晉	1
盃	1
銅	1
賀	1
禪	1
鍾	1
鋒	1
銘	1
邁	1
鑑	1
併	1
軌	1
鴻	1
獅	1
曆	1
粵	1
漁	1
呂	1
舖	1
嶺	1
穎	1
彌	1
礦	1
恆	1
敘	1
倉	1
濱	1
岡	1
鄧	1
煩	1
俠	1
蹤	1
驅	1
軒	1
茲	1
蹟	1
鳴	1
聰	1
辯	1
軸	1
綱	1
棟	1
譜	1
蔣	1
嶼	1
韻	1
鑽	1
闊	1
僱	1
錫	1
霧	1
綫	1
誼	1
貞	1
轄	1
灘	1
緻	1
懸	1
遙	1
頗	1
獵	1
馮	1
峽	1
韋	1
謹	1
盜	1
僑	1
吋	1
彥	1
懼	1
櫻	1
貪	1
罷	1
謙	1
慘	1
龐	1
侶	1
賜	1
夾	1
崗	1
錶	1
殼	1
攤	1
賭	1
遜	1
禱	1
鈴	1
譚	1
賠	1
轟	1
銳	1
詠	1
喚	1
爛	1
龜	1
壘	1
駁	1
賈	1
惱	1
呎	1
諧	1
禍	1
艱	1
鬱	1
嘆	1
腫	1
嘅	1
勳	1
欽	1
彙	1
頌	1
疊	1
偽	1
繩	1
誘	1
臘	1
糾	1
紗	1
饋	1
樸	1
叢	1
磚	1
桿	1
肅	1
纖	1
艷	1
塗	1
頸	1
凍	1
鵬	1
疇	1
濤	1
鑼	1
鷹	1
淵	1
謠	1
邏	1
捲	1
闖	1
賬	1
瑋	1
燦	1
腎	1
勸	1
銜	1
虧	1
騷	1
湧	1
鴨	1
撫	1
蝦	1
繹	1
驟	1
蘿	1
颱	1
砲	1
縫	1
膩	1
囉	1
彎	1
擋	1
蠻	1
拋	1
饒	1
釀	1
慾	1
綿	1
塢	1
憤	1
賊	1
飄	1
癒	1
彿	1
顛	1
樑	1
綁	1
丶	1
佢	1
噸	1
頃	1
嬌	1
瓊	1
遼	1
曬	1
誦	1
屢	1
釣	1
蘊	1
衞	1
祿	1
斬	1
兌	1
鋁	1
楓	1
臥	1
窩	1
磯	1
棲	1
詐	1
蒼	1
懲	1
瑩	1
締	1
籠	1
駿	1
緬	1
隸	1
菸	1
兇	1
鈞	1
鍊	1
馳	1
撲	1
誇	1
濫	1
洩	1
鑒	1
緯	1
踴	1
灑	1
蘆	1
懶	1
濾	1
嚐	1
齋	1
謎	1
廂	1
閩	1
堯	1
艙	1
飆	1
犧	1
瑤	1
潑	1
囧	1
蕩	1
諒	1
剝	1
禦	1
鶴	1
馀	1
廁	1
拚	1
驕	1
嶄	1
矚	1
餓	1
潰	1
紮	1
蝕	1
噹	1
豔	1
醜	1
樞	1
豈	1
諷	1
纏	1
悶	1
篩	1
纜	1
盪	1
鵝	1
訶	1
滲	1
蔭	1
綺	1
荊	1
癮	1
傘	1
蔥	1
墊	1
飼	1
咁	1
峯	1
穀	1
竊	1
欖	1
靚	1
僕	1
鈕	1
壢	1
証	1
湊	1
賃	1
鮑	1
闡	1
鉅	1
嵐	1
煥	1
冇	1
脹	1
狹	1
倆	1
訣	1
襯	1
渾	1
憐	1
輿	1
墮	1
鑄	1
謊	1
鯨	1
窺	1
滬	1
漿	1
傭	1
淪	1
闢	1
駭	1
詔	1
訝	1
鴉	1
樺	1
歎	1
羨	1
滯	1
唸	1
攬	1
墾	1
墜	1
癡	1
摯	1
諜	1
矽	1
澀	1
閘	1
汙	1
齣	1
蒞	1
紳	1
掙	1
紡	1
摺	1
贖	1
暉	1
剎	1
鞏	1
崙	1
詭	1
輻	1
癥	1
謬	1
鍛	1
檳	1
韌	1
暈	1
蟻	1
釘	1
檯	1
琍	1
恥	1
篤	1
啓	1
壺	1
崑	1
繽	1
瀨	1
薑	1
覓	1
咗	1
鄒	1
諦	1
檻	1
蠟	1
濛	1
穫	1
鹹	1
巿	1
閑	1
頤	1
凈	1
氹	1
繡	1
銹	1
紓	1
閥	1
塚	1
頑	1
餵	1
珮	1
嘯	1
屌	1
壩	1
勛	1
嚮	1
縛	1
鯉	1
鈺	1
鈔	1
瀾	1
燭	1
矯	1
巖	1
綻	1
飢	1
閔	1
尷	1
滄	1
鶯	1
蟬	1
撈	1
棧	1
勻	1
囍	1
襪	1
禎	1
氫	1
嫻	1
嬅	1
飚	1
曠	1
囑	1
緝	1
鉛	1
筍	1
鑰	1
髒	1
饗	1
墳	1
簾	1
懇	1
羈	1
蔔	1
饑	1
諭	1
貶	1
畝	1
鈣	1
譴	1
嬤	1
靂	1
綸	1
啲	1
滙	1
誅	1
窯	1
樁	1
喺	1
濁	1
聶	1
豎	1
檸	1
攔	1
璽	1
薈	1
揀	1
殯	1
駱	1
熒	1
逕	1
緋	1
堀	1
綾	1
睞	1
綴	1
龔	1
姦	1
貳	1
賤	1
幟	1
皺	1
諱	1
瀉	1
毘	1
渦	1
擲	1
巔	1
嶽	1
癢	1
燙	1
擷	1
瞞	1
澱	1
誡	1
撿	1
竄	1
哋	1
煒	1
賄	1
愷	1
陝	1
囂	1
綢	1
攪	1
閻	1
寢	1
翹	1
轎	1
驊	1
倖	1
詣	1
吶	1
嗆	1
奬	1
瀕	1
壟	1
斂	1
竇	1
鲶	1
曖	1
鯊	1
瑣	1
聳	1
繕	1
廬	1
莖	1
儉	1
銓	1
咲	1
諫	1
鑲	1
墻	1
懺	1
啞	1
閨	1
儷	1
蛻	1
驛	1
甙	1
箏	1
陜	1
擱	1
诶	1
洶	1
軀	1
鍍	1
顫	1
搵	1
癱	1
駒	1
柵	1
頫	1
鑿	1
嚟	1
晝	1
謗	1
鹼	1
羣	1
嘢	1
鱷	1
瀟	1
鎊	1
絢	1
燉	1
瘡	1
挾	1
曇	1
馭	1
槓	1
殭	1
癲	1
鉤	1
捱	1
鬍	1
鈉	1
絨	1
鎂	1
嘩	1
虜	1
炁	1
綽	1
憫	1
叡	1
嘔	1
鋰	1
鱗	1
糞	1
睜	1
侷	1
溼	1
諺	1
儼	1
婭	1
劵	1
鋸	1
鐸	1
鴿	1
峇	1
稜	1
竅	1
輒	1
儂	1
岀	1
毆	1
鷺	1
闕	1
碁	1
攏	1
巒	1
鎬	1
雛	1
闇	1
畑	1
蠍	1
噁	1
鎧	1
絆	1
餚	1
馴	1
瀝	1
鰭	1
栢	1
訛	1
澆	1
螞	1
飪	1
擄	1
輾	1
雋	1
爍	1
錐	1
繆	1
餡	1
眞	1
滌	1
熾	1
醣	1
儕	1
棗	1
聾	1
囝	1
駅	1
籬	1
瑯	1
凜	1
斃	1
轅	1
櫥	1
詛	1
餃	1
燁	1
瘓	1
葦	1
鬚	1
暱	1
錘	1
蕪	1
釗	1
醞	1
侖	1
鉉	1
鷗	1
稟	1
鸞	1
姍	1
鋅	1
菓	1
鍰	1
嗚	1
徳	1
舺	1
綵	1
盞	1
鏢	1
沢	1
鄺	1
檜	1
撻	1
絞	1
搗	1
噓	1
駝	1
鰻	1
轍	1
蚵	1
蠔	1
廻	1
漬	1
膾	1
脷	1
錠	1
撓	1
淩	1
貯	1
韜	1
淒	1
穢	1
繃	1
寳	1
畊	1
釁	1
婁	1
薔	1
憊	1
鵑	1
頹	1
躋	1
氵	1
誹	1
滷	1
蠶	1
縷	1
匱	1
鏽	1
瓏	1
驍	1
囗	1
繭	1
滸	1
臍	1
慜	1
垅	1
鉀	1
櫚	1
慚	1
緹	1
蝸	1
瘍	1
醃	1
鈦	1
冪	1
濬	1
誨	1
軋	1
頰	1
銖	1
嗇	1
缽	1
詰	1
弔	1
瀰	1
釆	1
鏗	1
鈍	1
鳩	1
咭	1
褻	1
鰲	1
簷	1
賑	1
箇	1
輟	1
鰂	1
禿	1
幀	1
顱	1
遶	1
闔	1
龕	1
絃	1
嚨	1
鑾	1
蠅	1
貽	1
愜	1
敎	1
豊	1
瀬	1
鵲	1
鏟	1
餾	1
籟	1
釵	1
黒	1
枱	1
黴	1
殲	1
驢	1
慳	1
鴛	1
灝	1
譏	1
楨	1
嶋	1
錡	1
奐	1
暐	1
鎌	1
慄	1
鴦	1
綏	1
諗	1
佇	1
霑	1
徧	1
誣	1
漣	1
贅	1
饅	1
榘	1
謁	1
恵	1
蕎	1
丂	1
丌	1
丼	1
丿	1
乄	1
乇	1
乛	1
亀	1
亙	1
亜	1
亰	1
亻	1
仏	1
仮	1
伱	1
佧	1
佮	1
侽	1
俆	1
俢	1
俬	1
俷	1
倢	1
倣	1
値	1
倶	1
僞	1
僥	1
儁	1
儚	1
兎	1
児	1
兲	1
冂	1
冧	1
冨	1
冴	1
凃	1
凖	1
処	1
凧	1
凪	1
刄	1
刕	1
刧	1
剣	1
剤	1
剰	1
剷	1
劔	1
効	1
勅	1
勣	1
勧	1
勲	1
匁	1
匂	1
卍	1
卐	1
卽	1
厓	1
厶	1
叒	1
吔	1
吿	1
呉	1
呑	1
呡	1
呪	1
呯	1
咘	1
咾	1
唄	1
啱	1
喎	1
喫	1
喰	1
喲	1
嗮	1
嗶	1
嘍	1
嘖	1
嘰	1
嘸	1
噛	1
噠	1
噺	1
嚀	1
嚕	1
嚜	1
嚢	1
嚥	1
嚶	1
囁	1
囘	1
団	1
囮	1
囯	1
囲	1
図	1
圏	1
圧	1
坵	1
坶	1
埜	1
堔	1
堺	1
塀	1
塁	1
塙	1
塩	1
塭	1
壊	1
壌	1
壱	1
壷	1
壼	1
夂	1
夋	1
夌	1
夲	1
奨	1
奷	1
妏	1
妡	1
妬	1
妺	1
姀	1
姉	1
姌	1
姪	1
姫	1
姳	1
姵	1
娪	1
娰	1
婥	1
婬	1
媃	1
媗	1
嫃	1
嫆	1
嫤	1
嫮	1
嫰	1
嫲	1
嬢	1
嬪	1
嬲	1
嬸	1
孃	1
宀	1
鹜	1
宍	1
寀	1
寔	1
寛	1
尅	1
尐	1
尓	1
尙	1
尛	1
尭	1
屄	1
屜	1
屮	1
岄	1
峠	1
峮	1
峴	1
崢	1
嵜	1
嶌	1
嶸	1
巌	1
巣	1
巻	1
帯	1
幇	1
庁	1
広	1
廝	1
廸	1
廼	1
廾	1
弌	1
弍	1
弐	1
弒	1
弾	1
彊	1
彡	1
彫	1
徍	1
従	1
徠	1
忄	1
応	1
悵	1
悽	1
惣	1
惻	1
愬	1
愰	1
愽	1
慟	1
慫	1
憚	1
懐	1
懟	1
戔	1
戯	1
戻	1
扌	1
扥	1
扱	1
択	1
抺	1
拝	1
拠	1
拡	1
拵	1
挿	1
捗	1
捜	1
掟	1
掲	1
掻	1
揃	1
揹	1
揺	1
揾	1
搧	1
搾	1
摂	1
摟	1
摻	1
撚	1
撳	1
撹	1
擧	1
擰	1
攢	1
攣	1
敍	1
斉	1
斎	1
旂	1
旛	1
旳	1
旼	1
晄	1
晧	1
晩	1
晳	1
晸	1
晼	1
暁	1
暎	1
暘	1
暦	1
暻	1
暼	1
曄	1
曺	1
曽	1
朧	1
朮	1
杢	1
杣	1
枠	1
枡	1
柾	1
栂	1
栃	1
栄	1
栞	1
桖	1
桜	1
桝	1
桟	1
梚	1
梟	1
梱	1
梶	1
椚	1
椛	1
検	1
楡	1
楢	1
榊	1
榎	1
槇	1
槑	1
槙	1
槡	1
槳	1
槻	1
樅	1
樋	1
樫	1
樰	1
橈	1
櫂	1
櫈	1
櫓	1
櫛	1
櫟	1
櫨	1
欅	1
欒	1
歓	1
歛	1
歯	1
歿	1
殑	1
殞	1
殤	1
殻	1
毎	1
毬	1
氈	1
氷	1
汎	1
沬	1
洆	1
洐	1
浄	1
浤	1
涇	1
涒	1
涙	1
涜	1
涥	1
淸	1
渃	1
渇	1
渉	1
渋	1
渓	1
渕	1
湳	1
満	1
滝	1
澐	1
澔	1
澗	1
濆	1
濶	1
濺	1
瀅	1
瀋	1
瀘	1
瀞	1
瀧	1
灬	1
炤	1
烮	1
焄	1
焔	1
焲	1
煇	1
煐	1
煕	1
煖	1
煬	1
熯	1
燄	1
燐	1
燻	1
燼	1
燿	1
爌	1
牀	1
犢	1
犭	1
犼	1
犽	1
狛	1
猟	1
獏	1
獣	1
獺	1
玏	1
玧	1
玨	1
珃	1
琋	1
瑠	1
瑥	1
璫	1
璿	1
甕	1
甤	1
畠	1
畳	1
疋	1
疎	1
痙	1
痠	1
痩	1
痲	1
痺	1
癇	1
癟	1
癩	1
癬	1
皐	1
眀	1
睏	1
睺	1
瞇	1
瞼	1
矅	1
矇	1
砕	1
砦	1
硏	1
硯	1
硷	1
礒	1
礪	1
礫	1
礻	1
礽	1
祤	1
禇	1
禑	1
禟	1
禩	1
禰	1
稈	1
稲	1
穂	1
穏	1
穣	1
窓	1
窪	1
竈	1
竜	1
竝	1
竪	1
笹	1
筈	1
筊	1
筧	1
箋	1
箒	1
篋	1
篠	1
篭	1
簍	1
簑	1
簫	1
籐	1
籔	1
籾	1
粋	1
粛	1
粧	1
糀	1
糸	1
紂	1
紈	1
紕	1
紘	1
紬	1
紺	1
絔	1
絣	1
絳	1
絵	1
絶	1
絹	1
綉	1
綑	1
継	1
綣	1
綩	1
綬	1
緑	1
緖	1
緞	1
縁	1
縄	1
縈	1
縞	1
縦	1
縹	1
繊	1
繋	1
繍	1
繚	1
繰	1
纍	1
纓	1
纔	1
罒	1
罠	1
罫	1
羥	1
聡	1
聴	1
肏	1
胏	1
脇	1
脛	1
脣	1
脳	1
膣	1
膵	1
膿	1
臓	1
舎	1
舗	1
舘	1
舩	1
艶	1
艸	1
艹	1
苅	1
苪	1
苺	1
苼	1
茣	1
荌	1
荍	1
荘	1
荳	1
莢	1
莯	1
菈	1
菫	1
菴	1
萠	1
萻	1
葯	1
蒔	1
蒖	1
蔘	1
蔦	1
蔵	1
薊	1
薗	1
薙	1
薫	1
薬	1
藪	1
藺	1
蘂	1
蘚	1
蛍	1
蝋	1
蝿	1
螓	1
蠣	1
蠱	1
衤	1
衹	1
袛	1
袴	1
裄	1
褌	1
褔	1
褸	1
襖	1
襬	1
襷	1
覀	1
覇	1
覗	1
覧	1
観	1
訃	1
訥	1
訳	1
詗	1
詡	1
詫	1
誒	1
諍	1
諏	1
諛	1
諡	1
諳	1
謄	1
謔	1
謡	1
謨	1
謳	1
謾	1
譲	1
讃	1
讐	1
谘	1
貰	1
賂	1
賛	1
贄	1
贋	1
贛	1
贠	1
跩	1
踰	1
蹺	1
躉	1
躰	1
躾	1
軼	1
軾	1
輌	1
轆	1
辮	1
辻	1
逹	1
遅	1
遡	1
邇	1
邉	1
郞	1
郷	1
鄕	1
酔	1
醤	1
醸	1
釈	1
釧	1
鈎	1
鈑	1
鈷	1
鈿	1
鉆	1
鉈	1
鉋	1
鉗	1
鉞	1
鉢	1
鉦	1
鉱	1
鉸	1
鉾	1
銃	1
銑	1
銛	1
銭	1
鋏	1
鋐	1
鋤	1
鋭	1
鋲	1
鋳	1
錆	1
錚	1
錨	1
錬	1
錳	1
錵	1
鍔	1
鍘	1
鍠	1
鍥	1
鍬	1
鍮	1
鍼	1
鎔	1
鎗	1
鎚	1
鎢	1
鎭	1
鎳	1
鏃	1
鏑	1
鏘	1
鏞	1
鐐	1
鐙	1
鐡	1
鐩	1
鐫	1
鐭	1
鐮	1
鑊	1
鑛	1
閂	1
閏	1
閤	1
閭	1
閲	1
閹	1
閾	1
闌	1
阝	1
陥	1
険	1
隕	1
隠	1
隣	1
隴	1
隷	1
雑	1
雫	1
雰	1
霂	1
霊	1
霙	1
霽	1
靄	1
靑	1
靨	1
靭	1
鞄	1
鞆	1
鞥	1
韮	1
頔	1
頚	1
頡	1
頬	1
頼	1
顎	1
顔	1
顕	1
顥	1
颯	1
颳	1
飴	1
餉	1
餌	1
餒	1
饌	1
饞	1
馱	1
駄	1
駆	1
騒	1
験	1
驥	1
驪	1
髄	1
髏	1
髙	1
髪	1
髷	1
鬄	1
鬢	1
鬨	1
鬪	1
魘	1
魟	1
魷	1
鮎	1
鮒	1
鮨	1
鮫	1
鮭	1
鯖	1
鯛	1
鯰	1
鯱	1
鯵	1
鰍	1
鰐	1
鰓	1
鰤	1
鰯	1
鰱	1
鰹	1
鰺	1
鱈	1
鱉	1
鱒	1
鱻	1
鳯	1
鳶	1
鴇	1
鴈	1
鴎	1
鵜	1
鵠	1
鵰	1
鵺	1
鶉	1
鶏	1
鷄	1
鷲	1
鸚	1
鹵	1
麩	1
麴	1
麺	1
麿	1
黌	1
黐	1
黙	1
齢	1
臵	1
迚	1
呾	1
幵	1
仸	1
咟	1
亊	1
斱	1
乊	1
吅	1
々	1
犠	1
