的	1448
一	450
不	374
是	353
了	309
人	306
在	263
有	261
大	237
上	195
中	180
这	166
会	165
为	161
我	161
个	157
出	149
来	140
生	140
发	138
时	135
要	131
国	127
家	126
到	125
多	124
年	123
就	121
能	120
自	115
可	111
下	111
和	109
子	108
以	106
分	102
也	101
地	101
动	100
用	99
们	98
行	98
好	98
高	98
对	97
新	95
业	93
于	93
面	92
后	91
小	91
心	91
他	89
学	89
说	89
车	89
力	88
定	87
长	87
成	86
开	86
点	86
得	85
理	84
过	83
作	82
现	81
实	81
事	81
体	79
天	77
全	77
部	77
方	76
经	76
之	76
你	76
法	76
合	76
都	75
公	75
市	74
日	74
主	74
化	74
意	73
情	70
本	70
内	70
最	69
着	68
场	68
手	68
还	67
前	67
重	66
水	66
工	65
看	65
所	65
很	64
机	64
道	63
外	63
同	62
产	62
无	62
性	61
量	61
度	60
如	59
明	59
电	59
代	59
想	58
身	58
表	58
气	58
而	57
品	57
关	57
起	57
入	57
名	57
其	56
当	56
比	56
美	56
民	56
进	55
间	55
么	55
常	55
文	55
物	55
通	54
里	53
加	53
区	53
位	53
期	53
种	52
相	52
保	52
知	52
头	51
者	50
没	50
样	50
次	50
金	50
务	50
安	50
特	50
去	49
等	48
将	48
三	48
做	48
平	48
打	48
己	47
建	47
管	47
线	46
色	46
亿	46
然	45
更	45
制	45
十	45
应	44
感	44
员	44
路	44
教	44
展	43
网	43
信	42
利	42
万	42
回	42
处	42
口	42
两	41
质	41
商	41
月	40
但	40
活	40
解	40
报	40
女	39
原	39
海	39
西	39
门	39
总	39
因	38
果	38
提	38
资	38
只	38
数	38
强	38
收	38
流	38
导	38
花	38
第	37
正	37
被	37
老	37
给	37
价	37
风	37
放	37
服	37
基	37
科	37
较	37
此	36
目	36
问	36
二	36
受	36
接	36
格	36
清	36
几	36
与	35
设	35
系	35
交	35
少	35
立	35
容	35
病	35
观	35
转	35
华	35
从	34
让	34
已	34
题	34
别	34
程	34
各	34
政	34
爱	34
院	34
战	34
房	34
越	34
视	34
那	33
向	33
直	33
单	33
山	33
记	33
影	33
传	33
联	33
南	33
书	33
热	33
省	33
元	32
变	32
非	32
件	32
规	32
医	32
话	32
节	32
式	31
持	31
需	31
运	31
型	31
级	31
达	31
白	31
社	31
友	31
复	31
局	31
斯	31
每	30
把	30
再	30
任	30
带	30
标	30
创	30
精	30
光	30
赛	30
太	30
领	30
权	30
尔	30
计	29
东	29
增	29
指	29
步	29
共	29
并	28
选	28
队	28
近	28
证	28
形	28
见	28
周	28
马	28
值	28
首	28
必	28
些	27
司	27
使	27
调	27
完	27
什	27
专	27
整	27
示	27
台	27
空	27
注	27
户	27
吃	27
取	27
深	27
款	27
办	27
致	27
仅	27
克	27
真	26
结	26
造	26
师	26
效	26
消	26
球	26
北	26
备	26
图	26
排	26
限	26
或	25
术	25
先	25
认	25
城	25
世	25
项	25
股	25
红	25
干	25
率	25
失	25
百	25
委	25
她	24
据	24
至	24
又	24
四	24
走	24
快	24
治	24
组	24
界	24
准	24
布	24
养	24
配	24
防	24
片	24
助	24
引	24
往	24
护	24
喜	24
油	24
称	24
演	24
亲	24
列	24
》	24
技	23
今	23
孩	23
统	23
游	23
儿	23
条	23
确	23
始	23
营	23
集	23
支	23
决	23
低	23
源	23
势	23
论	23
除	23
告	23
思	23
眼	23
料	23
火	23
适	23
极	23
置	23
星	23
才	22
觉	22
易	22
具	22
投	22
类	22
食	22
育	22
装	22
反	22
包	22
便	22
升	22
研	22
军	22
段	22
约	22
素	22
器	22
积	22
微	22
味	22
半	22
候	21
求	21
费	21
该	21
企	21
它	21
考	21
推	21
改	21
难	21
客	21
显	21
众	21
案	21
满	21
照	21
识	21
随	21
离	21
血	21
州	21
境	21
控	21
责	21
士	21
义	21
职	21
党	21
神	20
何	20
息	20
速	20
乐	20
五	20
团	20
住	20
边	20
望	20
字	20
言	20
算	20
早	20
切	20
细	20
听	20
巴	20
及	19
习	19
宝	19
态	19
像	19
号	19
存	19
议	19
象	19
欢	19
响	19
模	19
阳	19
预	19
温	19
拉	19
购	19
千	19
停	19
剧	19
功	18
张	18
优	18
未	18
环	18
况	18
参	18
王	18
根	18
供	18
查	18
足	18
村	18
买	18
命	18
试	18
销	18
钱	18
景	18
落	18
疗	18
究	18
压	18
声	18
留	18
坚	18
初	18
举	18
晚	18
监	18
《	18
广	17
校	17
男	17
请	17
历	17
德	17
江	17
底	17
药	17
妈	17
充	17
严	17
层	17
简	17
季	17
害	17
尽	17
评	17
亚	17
诉	17
座	17
假	17
浪	17
续	16
则	16
够	16
米	16
断	16
远	16
站	16
险	16
状	16
属	16
降	16
板	16
修	16
益	16
怎	16
范	16
角	16
古	16
玩	16
盘	16
止	16
律	16
班	16
久	16
执	16
兰	16
由	15
超	15
许	15
验	15
健	15
牌	15
双	15
农	15
份	15
维	15
园	15
语	15
伤	15
例	15
富	15
跟	15
店	15
争	15
售	15
错	15
材	15
朋	15
免	15
土	15
送	15
短	15
愿	15
换	15
额	15
背	15
纪	15
审	15
衣	15
刻	15
副	15
疑	15
督	15
即	14
际	14
连	14
获	14
济	14
构	14
终	14
采	14
英	14
某	14
皮	14
酒	14
林	14
检	14
均	14
音	14
春	14
艺	14
黑	14
念	14
击	14
承	14
旅	14
写	14
协	14
博	14
兴	14
吸	14
课	14
绝	14
货	14
疫	14
余	14
毒	14
笑	14
察	14
税	14
轮	14
抗	14
却	13
轻	13
黄	13
京	13
找	13
石	13
财	13
香	13
补	13
汽	13
围	13
版	13
湖	13
独	13
拿	13
紧	13
付	13
痛	13
卫	13
介	13
卖	13
密	13
批	13
亮	13
毛	13
贵	13
航	13
净	13
借	13
纳	13
驾	13
鲜	13
征	13
谈	13
冠	13
避	13
伴	13
固	13
恶	13
依	12
智	12
福	12
群	12
融	12
县	12
居	12
龙	12
死	12
讲	12
警	12
互	12
普	12
画	12
志	12
肉	12
差	12
核	12
卡	12
测	12
编	12
票	12
激	12
患	12
含	12
哪	12
武	12
八	12
穿	12
印	12
略	12
奖	12
录	12
占	12
夜	12
缺	12
歌	12
脸	12
典	12
母	11
减	11
域	11
负	11
策	11
破	11
菜	11
套	11
良	11
乡	11
章	11
稳	11
阿	11
楼	11
洗	11
顺	11
族	11
劳	11
彩	11
餐	11
句	11
媒	11
述	11
炎	11
饰	11
延	11
伙	11
青	10
康	10
李	10
故	10
般	10
待	10
善	10
河	10
否	10
戏	10
府	10
另	10
婚	10
室	10
遇	10
六	10
招	10
块	10
夫	10
临	10
端	10
似	10
奇	10
波	10
苦	10
丽	10
频	10
症	10
丝	10
佛	10
七	10
判	10
移	10
异	10
冷	10
急	10
宁	10
幅	10
脱	10
杀	10
救	10
启	10
序	10
违	10
键	10
酸	10
散	10
码	10
迷	10
访	10
词	10
湿	10
阵	10
毫	10
施	9
按	9
岁	9
帮	9
银	9
曾	9
官	9
希	9
担	9
父	9
粉	9
左	9
须	9
右	9
慢	9
播	9
庭	9
拍	9
丰	9
载	9
损	9
追	9
牛	9
脑	9
木	9
雨	9
肤	9
困	9
静	9
绿	9
输	9
午	9
灵	9
树	9
港	9
贫	9
怀	9
谢	9
朝	9
糖	9
综	9
礼	9
染	9
斗	9
骨	9
爆	9
托	9
豆	9
射	9
误	9
弱	9
烈	9
尼	9
折	9
诊	9
宽	9
妇	9
沉	9
遗	9
私	9
隐	9
忘	9
汇	9
途	9
订	9
迪	9
储	9
扫	9
且	8
择	8
划	8
云	8
突	8
织	8
刚	8
飞	8
钟	8
罗	8
乎	8
络	8
茶	8
操	8
毕	8
辆	8
革	8
胜	8
退	8
幸	8
搭	8
苏	8
攻	8
熟	8
冲	8
草	8
街	8
登	8
础	8
跑	8
脚	8
欧	8
饮	8
怕	8
饭	8
摄	8
顾	8
哈	8
闻	8
签	8
奶	8
顶	8
馆	8
阶	8
归	8
荣	8
危	8
币	8
犯	8
巨	8
堂	8
哥	8
冰	8
既	8
野	8
概	8
皇	8
架	8
姐	8
惊	8
侧	8
席	8
暖	8
烟	8
届	8
封	8
纯	8
厚	8
箱	8
租	8
缓	8
旗	8
豪	8
洋	8
洁	8
孕	8
仪	8
脏	8
窗	8
漫	8
癌	8
档	8
裁	8
奋	8
赞	8
刑	8
浓	8
俗	8
振	8
虽	7
读	7
史	7
享	7
宣	7
刘	7
松	7
练	7
涨	7
拥	7
培	7
笔	7
靠	7
永	7
汉	7
沙	7
倒	7
圈	7
绩	7
障	7
守	7
迎	7
竞	7
仍	7
蛋	7
索	7
罪	7
聚	7
答	7
灯	7
夏	7
露	7
绍	7
针	7
威	7
叶	7
藏	7
跌	7
驶	7
逐	7
盖	7
透	7
液	7
爸	7
洲	7
疾	7
纷	7
贴	7
抓	7
宜	7
曲	7
予	7
奥	7
呼	7
硬	7
庆	7
贷	7
附	7
帝	7
杂	7
趣	7
耳	7
甲	7
涉	7
冬	7
牙	7
盛	7
债	7
舞	7
库	7
暴	7
厅	7
舒	7
禁	7
惠	7
钢	7
幕	7
锅	7
麻	7
混	7
弟	7
淡	7
秘	7
胡	7
挂	7
扬	7
隔	7
尿	7
缩	7
污	7
偿	7
朗	7
默	7
截	7
燃	7
抵	7
残	7
侵	7
返	7
畅	7
锋	7
贯	7
览	7
辈	7
澳	7
剩	7
甚	6
镇	6
陈	6
令	6
鱼	6
括	6
若	6
您	6
厂	6
九	6
睡	6
尚	6
喝	6
田	6
促	6
佳	6
累	6
颜	6
弹	6
筑	6
央	6
润	6
挥	6
植	6
零	6
峰	6
肥	6
释	6
探	6
肯	6
败	6
岛	6
秋	6
束	6
醒	6
坏	6
讯	6
询	6
触	6
掌	6
偏	6
谓	6
屏	6
圆	6
链	6
献	6
授	6
乘	6
烧	6
滑	6
镜	6
扩	6
弃	6
诚	6
腿	6
摩	6
赶	6
潮	6
震	6
庄	6
唱	6
尾	6
脂	6
篇	6
恋	6
肠	6
繁	6
贸	6
瓜	6
津	6
乳	6
潜	6
赢	6
骗	6
灾	6
迹	6
顿	6
敬	6
萨	6
鲁	6
甘	6
沿	6
替	6
胞	6
忍	6
暂	6
拼	6
勤	6
誉	6
忽	6
榜	6
悲	6
嫌	6
菲	6
伸	6
搜	6
巡	6
迫	6
滋	6
扰	6
穷	6
牢	6
腺	6
徒	6
羽	6
扭	6
矩	6
弥	6
呢	5
吧	5
继	5
铁	5
叫	5
坐	5
训	5
竟	5
梦	5
析	5
掉	5
休	5
鸡	5
努	5
渐	5
雪	5
雄	5
尤	5
距	5
阴	5
派	5
虚	5
虑	5
诗	5
雷	5
旧	5
妻	5
蓝	5
著	5
刺	5
吉	5
惯	5
陆	5
胃	5
讨	5
泡	5
励	5
龄	5
扶	5
敢	5
齐	5
勇	5
盟	5
忙	5
宗	5
估	5
悉	5
缘	5
尊	5
唯	5
幼	5
巧	5
婆	5
抢	5
罚	5
抽	5
彻	5
凡	5
妹	5
肺	5
胎	5
敏	5
阻	5
莫	5
诸	5
腹	5
膜	5
珠	5
戴	5
聊	5
召	5
晓	5
聘	5
遭	5
泽	5
辛	5
磨	5
援	5
恐	5
伦	5
爷	5
菌	5
珍	5
晨	5
仓	5
篮	5
偶	5
跨	5
径	5
桃	5
灭	5
舍	5
祝	5
滴	5
杰	5
腐	5
陷	5
逃	5
鉴	5
夺	5
愈	5
胶	5
盈	5
氧	5
坦	5
炸	5
裤	5
倾	5
兼	5
迁	5
椒	5
脾	5
纠	5
拒	5
描	5
貌	5
桌	5
轨	5
填	5
悟	5
迟	5
荷	5
抑	5
郁	5
驰	5
悬	5
牵	5
恰	5
颈	5
疏	5
萝	5
惑	5
颖	5
悠	5
廉	5
夕	5
翼	5
卵	5
陀	5
秀	4
申	4
谁	4
软	4
杨	4
童	4
兵	4
宫	4
床	4
乱	4
握	4
纸	4
翻	4
符	4
挑	4
寻	4
寒	4
肌	4
雅	4
孙	4
懂	4
杯	4
猪	4
汤	4
唐	4
阅	4
址	4
遍	4
趋	4
狗	4
赵	4
亡	4
抱	4
衡	4
炒	4
券	4
甜	4
焦	4
刷	4
剂	4
盐	4
旦	4
腾	4
祖	4
湾	4
欲	4
忆	4
伊	4
账	4
墙	4
圣	4
蒙	4
闭	4
凭	4
迅	4
腰	4
瑞	4
摆	4
贝	4
嘉	4
赏	4
姓	4
烦	4
践	4
董	4
映	4
殊	4
柔	4
寸	4
羊	4
孔	4
疼	4
纹	4
鞋	4
敌	4
郑	4
泉	4
陪	4
紫	4
辑	4
猫	4
扎	4
娱	4
筹	4
奔	4
咨	4
嘴	4
添	4
赔	4
昨	4
旁	4
铺	4
覆	4
胸	4
魔	4
乏	4
塑	4
锁	4
详	4
冒	4
惜	4
署	4
捷	4
辣	4
涂	4
矿	4
欣	4
瓶	4
宾	4
循	4
耀	4
蜜	4
乌	4
废	4
驱	4
宿	4
凯	4
姆	4
岸	4
洛	4
忧	4
尺	4
妆	4
宅	4
泪	4
仔	4
驻	4
晶	4
械	4
杆	4
拓	4
挡	4
页	4
莱	4
帅	4
裂	4
凝	4
幻	4
衰	4
薪	4
瘦	4
邮	4
踏	4
碍	4
饱	4
殖	4
匀	4
纵	4
裙	4
讼	4
魅	4
旋	4
赋	4
桂	4
朵	4
沃	4
袭	4
犹	4
押	4
慈	4
葡	4
婴	4
艰	4
滚	4
慰	4
卜	4
萄	4
割	4
拌	4
呵	4
捐	4
辖	4
叔	4
芝	4
叹	4
肃	4
扮	4
泌	4
泄	4
捕	4
淋	4
遥	4
瓷	4
辨	4
淀	4
踪	4
陌	4
欺	4
涯	4
募	4
契	4
悄	4
峡	4
倡	4
柏	4
颁	4
奢	4
勃	4
肢	4
猴	4
蟹	4
膀	4
旬	4
茫	4
氨	4
涡	4
霆	4
吗	3
桥	3
措	3
韩	3
屋	3
川	3
末	3
楚	3
鼓	3
跳	3
恩	3
肝	3
泰	3
伟	3
谷	3
森	3
船	3
暗	3
诺	3
耐	3
辅	3
脉	3
绪	3
呈	3
梅	3
荐	3
丹	3
闲	3
怪	3
虎	3
扣	3
塞	3
绕	3
横	3
耗	3
朱	3
恢	3
递	3
炼	3
仙	3
鼻	3
搞	3
圳	3
肾	3
仁	3
娘	3
洞	3
泥	3
恒	3
尝	3
狂	3
伍	3
肿	3
秒	3
胆	3
薄	3
拟	3
泛	3
寿	3
册	3
麦	3
颗	3
眠	3
哭	3
漂	3
浮	3
缴	3
碎	3
杜	3
妙	3
壮	3
隆	3
灰	3
壁	3
荡	3
亏	3
拜	3
仿	3
碰	3
垃	3
汁	3
圾	3
逆	3
拆	3
籍	3
浙	3
骑	3
辉	3
竹	3
袋	3
斤	3
坡	3
吐	3
汗	3
拔	3
尘	3
偷	3
旺	3
郭	3
舰	3
番	3
擦	3
孤	3
奏	3
赖	3
履	3
姿	3
携	3
撞	3
摸	3
凌	3
淘	3
杭	3
爽	3
彼	3
霸	3
伏	3
氛	3
柱	3
胖	3
佩	3
拖	3
煤	3
悦	3
梯	3
堆	3
轴	3
艳	3
蒸	3
葱	3
厨	3
晋	3
箭	3
烤	3
猛	3
拳	3
熊	3
疲	3
纤	3
聪	3
涵	3
糊	3
娜	3
厉	3
弯	3
役	3
绘	3
咖	3
丢	3
稀	3
湘	3
栏	3
宠	3
辞	3
肚	3
遵	3
饼	3
祥	3
忌	3
乔	3
允	3
肪	3
莲	3
诱	3
慎	3
雕	3
缝	3
毁	3
搬	3
醉	3
阔	3
奈	3
堵	3
盗	3
冻	3
赠	3
叉	3
鸣	3
邦	3
囊	3
燥	3
胀	3
崇	3
滨	3
垂	3
贪	3
纽	3
堪	3
摘	3
谨	3
浸	3
卓	3
炉	3
诈	3
厦	3
糕	3
辩	3
徽	3
娃	3
脆	3
挤	3
晰	3
诞	3
恼	3
御	3
腻	3
桶	3
叠	3
痕	3
辽	3
欠	3
碳	3
掘	3
逻	3
旨	3
暑	3
抬	3
馨	3
刊	3
鼠	3
颇	3
埃	3
枢	3
耕	3
抚	3
浦	3
劣	3
厌	3
伪	3
惧	3
陕	3
溶	3
咳	3
寓	3
螺	3
搅	3
醇	3
痘	3
滩	3
妥	3
纱	3
挣	3
妨	3
菩	3
兑	3
匙	3
狠	3
枣	3
廷	3
憾	3
蓄	3
衬	3
膝	3
葛	3
吵	3
狱	3
狮	3
馈	3
溢	3
叙	3
漠	3
唤	3
彰	3
酬	3
俱	3
庞	3
株	3
愉	3
掩	3
溃	3
椎	3
饿	3
敦	3
凑	3
煌	3
侣	3
畏	3
躁	3
擅	3
匆	3
芒	3
衷	3
菇	3
匠	3
擎	3
茄	3
狐	3
筛	3
蕴	3
绒	3
饲	3
樱	3
挽	3
锈	3
栅	3
韧	3
乖	3
浏	3
隙	3
歧	3
杉	3
姥	3
彤	3
乒	3
膳	3
胰	3
菠	3
侈	3
蝎	3
绸	3
漓	3
洱	3
坞	3
癜	3
乓	3
猕	3
玉	2
倍	2
慧	2
池	2
岗	2
凉	2
沟	2
塔	2
君	2
卷	2
宋	2
俄	2
赚	2
徐	2
梁	2
撑	2
睛	2
宇	2
煮	2
劲	2
挺	2
苗	2
姜	2
苹	2
尖	2
秦	2
昌	2
闹	2
贡	2
坛	2
吨	2
穴	2
姻	2
跃	2
墨	2
稍	2
渠	2
斑	2
肩	2
谋	2
忠	2
曼	2
粗	2
勒	2
伯	2
瓦	2
插	2
盾	2
粮	2
晒	2
闪	2
宏	2
邀	2
粒	2
兄	2
洪	2
吹	2
摇	2
碗	2
鬼	2
漏	2
丈	2
烂	2
魂	2
凤	2
玻	2
挖	2
皆	2
蔬	2
曹	2
璃	2
柜	2
沈	2
奉	2
枝	2
姑	2
戒	2
怨	2
寺	2
乃	2
酱	2
亩	2
腔	2
椅	2
弗	2
酷	2
怒	2
肖	2
锻	2
匹	2
瞬	2
矛	2
卧	2
眉	2
琴	2
炮	2
抛	2
碑	2
岩	2
芯	2
疆	2
陶	2
瘤	2
乙	2
剪	2
粘	2
邻	2
蜂	2
寄	2
罩	2
谐	2
昆	2
齿	2
钻	2
框	2
慕	2
虾	2
疯	2
蒜	2
屈	2
仰	2
哲	2
盒	2
悔	2
稿	2
嫁	2
拨	2
撤	2
曝	2
抹	2
筋	2
谱	2
渡	2
揭	2
译	2
砖	2
锐	2
臣	2
熬	2
黎	2
帽	2
孝	2
啡	2
臂	2
赴	2
棉	2
咱	2
傅	2
幽	2
傲	2
赌	2
啥	2
桑	2
硕	2
披	2
磁	2
砂	2
丧	2
轿	2
槽	2
盲	2
催	2
涌	2
夸	2
碧	2
浴	2
渴	2
删	2
舌	2
棋	2
堡	2
猜	2
泳	2
绵	2
胁	2
坊	2
庙	2
斜	2
巾	2
洒	2
闷	2
逊	2
鹿	2
侦	2
韵	2
骤	2
柴	2
缠	2
仲	2
袖	2
祭	2
滤	2
喂	2
漆	2
蒋	2
宴	2
厘	2
寂	2
浆	2
刹	2
翠	2
芽	2
遮	2
晕	2
铝	2
吕	2
勾	2
弘	2
锡	2
抖	2
贺	2
赁	2
嘛	2
膏	2
滞	2
羡	2
泊	2
轰	2
詹	2
伐	2
兔	2
罢	2
秩	2
唇	2
拘	2
虹	2
腊	2
渗	2
祸	2
躺	2
棚	2
咽	2
沪	2
铭	2
淮	2
攀	2
捧	2
姨	2
祛	2
裕	2
壤	2
劫	2
宙	2
躲	2
厕	2
昏	2
炭	2
慌	2
廊	2
裹	2
茅	2
惩	2
愤	2
阁	2
凸	2
钓	2
稻	2
豫	2
逛	2
拾	2
捞	2
衫	2
泻	2
巢	2
蹈	2
逝	2
熙	2
酵	2
梳	2
姚	2
枚	2
趁	2
扇	2
杠	2
沫	2
浇	2
搏	2
脊	2
削	2
庸	2
鹅	2
巷	2
绑	2
崩	2
谊	2
窄	2
浑	2
挫	2
栽	2
戚	2
枯	2
尬	2
潭	2
骄	2
喻	2
糟	2
颠	2
耶	2
皱	2
哀	2
衔	2
盼	2
牲	2
尴	2
纲	2
沸	2
辱	2
薯	2
汰	2
尸	2
噪	2
抄	2
谦	2
菊	2
辐	2
瑰	2
逾	2
磊	2
乾	2
碌	2
碱	2
怜	2
函	2
巩	2
瓣	2
帖	2
勿	2
媳	2
瑜	2
粤	2
芦	2
薇	2
蓬	2
炫	2
澡	2
玫	2
泼	2
喉	2
杏	2
斥	2
蓉	2
剥	2
厢	2
卑	2
坎	2
慨	2
牺	2
愧	2
艇	2
蝶	2
钩	2
捉	2
辟	2
翰	2
奴	2
焊	2
诵	2
歉	2
舆	2
耍	2
蚀	2
屁	2
嗽	2
儒	2
灿	2
骏	2
枕	2
怖	2
谣	2
橘	2
窃	2
卦	2
喘	2
竭	2
谅	2
叛	2
诀	2
拦	2
绎	2
雀	2
镀	2
衍	2
帘	2
啤	2
纺	2
罕	2
伽	2
恭	2
愚	2
黏	2
盯	2
墅	2
秉	2
翅	2
莞	2
棵	2
凰	2
疮	2
粹	2
巅	2
钥	2
烹	2
萎	2
奠	2
雇	2
沧	2
寞	2
宪	2
驳	2
顽	2
槛	2
狭	2
髓	2
懈	2
咪	2
钮	2
骚	2
翁	2
爵	2
柿	2
饺	2
崖	2
幂	2
撼	2
剖	2
腌	2
峻	2
杞	2
凹	2
蔓	2
贬	2
膨	2
侨	2
灸	2
麟	2
莓	2
滥	2
腕	2
勉	2
遣	2
蔚	2
敞	2
柠	2
蕉	2
脖	2
粪	2
贿	2
掀	2
橡	2
祈	2
睐	2
潇	2
檬	2
磅	2
枸	2
侃	2
昔	2
嘲	2
谎	2
宵	2
惕	2
湛	2
蔽	2
闺	2
澄	2
隧	2
瀑	2
甸	2
沥	2
栓	2
呕	2
吁	2
糯	2
冀	2
饥	2
鞭	2
矫	2
阐	2
缀	2
缆	2
洽	2
溯	2
疤	2
翡	2
悍	2
甄	2
脐	2
臀	2
蚁	2
撰	2
诠	2
剔	2
牡	2
疡	2
骁	2
绽	2
烯	2
讶	2
毯	2
芹	2
芙	2
缅	2
敛	2
铬	2
醛	2
拇	2
榴	2
拭	2
妊	2
梭	2
焰	2
筷	2
泣	2
佣	2
垄	2
娠	2
蠢	2
辜	2
褐	2
肇	2
傍	2
雍	2
禧	2
陨	2
沐	2
耽	2
韭	2
迭	2
惫	2
糙	2
廓	2
蝴	2
摧	2
飙	2
哺	2
髦	2
佬	2
孵	2
腑	2
沛	2
喇	2
卉	2
喧	2
秤	2
蚂	2
瞒	2
拯	2
玺	2
稚	2
嚣	2
紊	2
妒	2
瑕	2
驭	2
畸	2
麒	2
榄	2
盎	2
弛	2
祺	2
祀	2
琢	2
镑	2
缚	2
澈	2
饪	2
弈	2
沂	2
橄	2
缤	2
遏	2
阱	2
畴	2
晗	2
蛛	2
胱	2
顷	2
璋	2
帜	2
嫉	2
馒	2
荔	2
哮	2
羯	2
瞄	2
竣	2
逮	2
聆	2
矶	2
葫	2
蘑	2
舶	2
藩	2
帷	2
澎	2
痔	2
涤	2
叭	2
倘	2
睫	2
筝	2
湃	2
潍	2
惬	2
匈	2
譬	2
娩	2
蠕	2
夯	2
迄	2
祷	2
睦	2
楂	2
坷	2
毂	2
狸	2
疵	2
葩	2
僚	2
绯	2
轼	2
膊	2
徊	2
蜘	2
逍	2
淌	2
胳	2
徘	2
渲	2
侥	2
侮	2
婪	2
痊	2
螃	2
憧	2
憬	2
璨	2
璀	2
嬛	2
稣	2
啊	1
吴	1
刀	1
亦	1
丁	1
哦	1
啦	1
枪	1
鸟	1
剑	1
喷	1
虫	1
氏	1
井	1
弄	1
艾	1
盆	1
溪	1
锦	1
呀	1
浅	1
逼	1
迈	1
燕	1
陵	1
雾	1
柳	1
芳	1
恨	1
俊	1
飘	1
铜	1
郎	1
骂	1
夹	1
喊	1
岳	1
棒	1
撒	1
吊	1
嫩	1
爬	1
串	1
浩	1
玛	1
贾	1
岭	1
贤	1
墓	1
壳	1
惨	1
邓	1
蔡	1
魏	1
狼	1
逸	1
劝	1
荒	1
逢	1
霍	1
埋	1
赤	1
呆	1
霜	1
蒂	1
禅	1
昂	1
丑	1
俩	1
朴	1
牧	1
窝	1
辰	1
臭	1
醋	1
坑	1
煎	1
鹏	1
垫	1
兽	1
邪	1
萌	1
塘	1
卢	1
傻	1
涛	1
钙	1
懒	1
赫	1
苍	1
扑	1
孟	1
亭	1
冯	1
鸭	1
袁	1
咬	1
愁	1
侯	1
粥	1
敲	1
蛇	1
灌	1
摊	1
曰	1
凶	1
玲	1
玄	1
寨	1
犬	1
霞	1
娇	1
翔	1
侠	1
韦	1
吓	1
殿	1
踩	1
晴	1
渔	1
彭	1
咸	1
鸿	1
丸	1
猎	1
芬	1
舟	1
莉	1
毅	1
鼎	1
帕	1
栋	1
妃	1
梨	1
茂	1
萧	1
笼	1
刮	1
汪	1
缸	1
罐	1
妖	1
揉	1
潘	1
勺	1
烫	1
蛮	1
莎	1
仇	1
铃	1
敷	1
斌	1
吞	1
婷	1
丘	1
渣	1
葬	1
鹰	1
霉	1
戈	1
兆	1
琳	1
壶	1
伞	1
蕾	1
扔	1
坤	1
绳	1
帆	1
兹	1
摔	1
痴	1
僧	1
轩	1
踢	1
丛	1
卸	1
屡	1
酿	1
暨	1
坪	1
丙	1
穆	1
柯	1
旭	1
筒	1
砸	1
砍	1
闯	1
痒	1
帐	1
佐	1
痰	1
灶	1
仗	1
鑫	1
斩	1
沾	1
橙	1
妮	1
舱	1
誓	1
溜	1
惹	1
桩	1
撕	1
遂	1
晃	1
炖	1
扁	1
拐	1
昭	1
吻	1
渊	1
坠	1
鹤	1
钉	1
绣	1
吾	1
崛	1
羞	1
贩	1
馅	1
藤	1
怡	1
塌	1
荆	1
宰	1
梗	1
捡	1
泵	1
涩	1
靖	1
僵	1
坝	1
裸	1
贼	1
嘱	1
歇	1
阀	1
薛	1
锤	1
妄	1
娶	1
郊	1
窑	1
肆	1
铸	1
蹲	1
扯	1
磷	1
蜀	1
屠	1
捏	1
豹	1
硫	1
硅	1
瑶	1
琼	1
疹	1
竖	1
莹	1
萍	1
揽	1
奸	1
谭	1
淫	1
艘	1
媚	1
畜	1
龟	1
崔	1
弊	1
婉	1
氢	1
琪	1
茨	1
菱	1
弦	1
搓	1
甩	1
茎	1
烘	1
睿	1
卿	1
姬	1
咒	1
瑟	1
倦	1
挨	1
赐	1
熏	1
禽	1
蜡	1
桐	1
刃	1
隶	1
焕	1
惟	1
苑	1
爹	1
挪	1
寡	1
掏	1
魄	1
庚	1
枫	1
靓	1
雯	1
澜	1
渝	1
酥	1
旱	1
寅	1
彦	1
鄂	1
嵌	1
酶	1
屑	1
矣	1
邵	1
趟	1
虐	1
雁	1
夷	1
笋	1
琐	1
郡	1
亥	1
俞	1
瘾	1
逗	1
耻	1
锌	1
珊	1
钾	1
矮	1
蚊	1
睁	1
窍	1
贞	1
睹	1
禄	1
铅	1
嚼	1
饶	1
笨	1
俯	1
弓	1
蒲	1
娟	1
垒	1
岂	1
兜	1
捣	1
歪	1
棕	1
弧	1
彬	1
鲍	1
棍	1
殷	1
籽	1
琦	1
冈	1
肛	1
跪	1
溺	1
冤	1
哄	1
钦	1
讽	1
勘	1
翘	1
奕	1
冶	1
淑	1
蹄	1
硝	1
叮	1
铲	1
耿	1
沦	1
颂	1
闸	1
腥	1
皂	1
驴	1
栖	1
仕	1
鸽	1
吟	1
舅	1
稠	1
勋	1
侍	1
肘	1
邱	1
兮	1
浊	1
袜	1
楠	1
拢	1
栗	1
哑	1
昊	1
爪	1
丫	1
倪	1
俺	1
挚	1
卯	1
璐	1
谜	1
恤	1
冥	1
氯	1
匿	1
瞧	1
嫂	1
俭	1
袍	1
胺	1
昕	1
黛	1
尹	1
畔	1
攒	1
熔	1
锂	1
昧	1
颤	1
晾	1
乞	1
扛	1
靴	1
雌	1
佑	1
旷	1
拱	1
鸦	1
屯	1
歼	1
淤	1
仑	1
瘀	1
邹	1
匪	1
钠	1
汝	1
瞎	1
榨	1
咏	1
瞻	1
卤	1
陋	1
荟	1
垢	1
煲	1
苛	1
戊	1
楷	1
蝉	1
蚕	1
咋	1
缔	1
暮	1
聋	1
觅	1
氮	1
酯	1
酉	1
戌	1
亨	1
嘿	1
蹭	1
哟	1
趴	1
苔	1
霖	1
葵	1
俏	1
柄	1
栈	1
庐	1
烛	1
晖	1
蛙	1
赣	1
焚	1
坟	1
埔	1
篷	1
寝	1
躯	1
犀	1
襄	1
淳	1
阜	1
堤	1
窟	1
恳	1
沁	1
牟	1
凳	1
绞	1
禾	1
甫	1
淹	1
瞩	1
叨	1
芭	1
靡	1
汕	1
荧	1
窦	1
藕	1
渍	1
怠	1
纬	1
暇	1
贱	1
亢	1
隋	1
嘻	1
缕	1
巳	1
肋	1
闽	1
煞	1
穗	1
廖	1
棠	1
哨	1
哎	1
壬	1
宛	1
裔	1
殴	1
凄	1
藻	1
灼	1
豁	1
戳	1
讳	1
巫	1
憋	1
淇	1
哇	1
抒	1
驼	1
嫣	1
媛	1
寥	1
壹	1
苟	1
苯	1
厄	1
斋	1
吼	1
禹	1
虞	1
樊	1
孜	1
棘	1
橱	1
霾	1
喀	1
酮	1
磕	1
漱	1
嗓	1
扒	1
镶	1
屿	1
卒	1
椰	1
韶	1
绊	1
癸	1
竿	1
龚	1
盏	1
骼	1
倩	1
彪	1
佼	1
堕	1
胚	1
绚	1
迦	1
崭	1
妍	1
祠	1
熄	1
涅	1
碾	1
嗯	1
咯	1
眩	1
棱	1
娥	1
茜	1
蹦	1
釉	1
俘	1
麓	1
垮	1
柚	1
絮	1
趾	1
岚	1
笛	1
啸	1
脓	1
钞	1
屎	1
恍	1
驿	1
眷	1
仄	1
榆	1
丞	1
揣	1
萃	1
肴	1
掠	1
黔	1
娅	1
荫	1
尧	1
倚	1
檀	1
捆	1
杖	1
汛	1
芜	1
祁	1
捂	1
翩	1
碟	1
巍	1
魁	1
昼	1
嘘	1
娄	1
蘸	1
梵	1
斧	1
奎	1
仆	1
羁	1
搁	1
懿	1
粽	1
冉	1
呐	1
芋	1
渤	1
盔	1
鳞	1
芸	1
泸	1
镁	1
剁	1
陡	1
绷	1
腋	1
哗	1
狄	1
邢	1
桔	1
堰	1
懵	1
饵	1
酪	1
嘎	1
撇	1
眸	1
颐	1
茵	1
邑	1
哼	1
诫	1
琅	1
枉	1
挠	1
薏	1
赘	1
焯	1
噩	1
嘟	1
鲤	1
嗨	1
渺	1
靶	1
蜗	1
颊	1
妞	1
钧	1
踝	1
聂	1
酌	1
焉	1
拂	1
贮	1
郝	1
曙	1
兢	1
衅	1
秃	1
嗜	1
矢	1
锯	1
鞍	1
梧	1
扳	1
稽	1
涕	1
毋	1
汹	1
滔	1
鲸	1
侄	1
撩	1
梓	1
吏	1
梢	1
羹	1
炙	1
瘟	1
砺	1
洼	1
癫	1
痫	1
曦	1
褪	1
氟	1
霄	1
窥	1
骆	1
嗅	1
厥	1
鲨	1
愣	1
砌	1
冕	1
赎	1
丨	1
咕	1
拙	1
瘫	1
鄙	1
朔	1
绅	1
埠	1
绰	1
呗	1
惰	1
汶	1
劈	1
褚	1
痹	1
谍	1
哉	1
崎	1
伺	1
篆	1
唠	1
墩	1
鞠	1
焖	1
窜	1
烁	1
簿	1
绮	1
幢	1
蝇	1
皓	1
耸	1
啃	1
裴	1
钝	1
槐	1
咀	1
焙	1
拧	1
淄	1
柑	1
坯	1
渭	1
莽	1
慑	1
酚	1
谛	1
掺	1
掐	1
僻	1
嬉	1
汀	1
唾	1
恺	1
檐	1
朽	1
瀚	1
炳	1
珀	1
韬	1
佟	1
锣	1
臻	1
寇	1
斐	1
鹊	1
闫	1
狙	1
蜕	1
凿	1
阎	1
痣	1
怯	1
哒	1
姗	1
豚	1
碘	1
帧	1
陇	1
跋	1
疚	1
柬	1
汲	1
囤	1
阮	1
苓	1
娴	1
芥	1
怼	1
蚝	1
烊	1
襟	1
拣	1
嵩	1
雏	1
咧	1
躬	1
烙	1
汾	1
擀	1
拽	1
粟	1
乍	1
濒	1
琉	1
颅	1
朦	1
诡	1
囚	1
歹	1
漳	1
掷	1
胧	1
恬	1
挛	1
瞪	1
婿	1
褶	1
钰	1
晏	1
锥	1
噬	1
腮	1
鳄	1
唉	1
龈	1
糜	1
辫	1
滕	1
剃	1
簧	1
癣	1
瞳	1
恕	1
峨	1
蔗	1
庇	1
俪	1
毗	1
鹃	1
辗	1
滇	1
垦	1
钛	1
沮	1
秧	1
硒	1
辙	1
噢	1
眨	1
黯	1
猝	1
羲	1
睾	1
缭	1
棺	1
丐	1
舜	1
妾	1
猩	1
簇	1
悸	1
樟	1
邯	1
颓	1
匮	1
溅	1
缉	1
藉	1
拎	1
揪	1
惶	1
砥	1
萱	1
媲	1
咐	1
啼	1
茸	1
眶	1
跻	1
秽	1
炬	1
辄	1
峭	1
