数	12
成	8
在	7
字	7
生	7
输	7
用	6
请	6
新	6
文	6
页	6
示	6
期	6
注	6
设	6
名	5
时	5
件	5
不	5
下	5
分	5
加	5
置	5
方	5
能	5
认	5
如	5
，	5
周	5
的	4
中	4
据	4
码	4
入	4
功	4
上	4
户	4
取	4
有	4
出	4
是	4
除	4
类	4
理	4
以	4
存	4
品	4
始	4
面	4
果	4
提	4
发	4
关	4
务	4
商	4
查	4
更	4
确	4
自	4
结	4
命	4
黑	4
雅	4
日	3
一	3
为	3
间	3
号	3
回	3
作	3
表	3
息	3
行	3
定	3
改	3
修	3
元	3
录	3
单	3
位	3
法	3
建	3
例	3
载	3
点	3
动	3
图	3
式	3
删	3
登	3
接	3
开	3
事	3
可	3
要	3
小	3
选	3
明	3
编	3
求	3
器	3
序	3
化	3
消	3
否	3
使	3
机	3
对	3
参	3
证	3
题	3
格	3
空	3
管	3
我	3
正	3
意	3
送	3
计	3
源	3
系	3
询	3
符	3
当	3
其	3
验	3
料	3
服	3
手	3
默	3
监	3
听	3
软	3
初	3
年	2
个	2
失	2
败	2
信	2
本	2
型	2
前	2
称	2
大	2
度	2
到	2
密	2
国	2
错	2
者	2
误	2
重	2
第	2
地	2
目	2
代	2
标	2
列	2
网	2
万	2
最	2
返	2
所	2
内	2
体	2
通	2
保	2
量	2
函	2
部	2
性	2
和	2
金	2
公	2
午	2
片	2
态	2
主	2
全	2
今	2
来	2
说	2
容	2
段	2
時	2
交	2
过	2
电	2
程	2
常	2
条	2
情	2
实	2
组	2
版	2
址	2
获	2
记	2
同	2
权	2
进	2
试	2
传	2
述	2
员	2
报	2
他	2
無	2
添	2
线	2
处	2
道	2
章	2
库	2
支	2
长	2
付	2
路	2
完	2
象	2
则	2
京	2
辑	2
限	2
创	2
项	2
北	2
笑	2
任	2
相	2
微	2
册	2
联	2
增	2
解	2
价	2
藏	2
择	2
索	2
资	2
产	2
串	2
布	2
击	2
亿	2
配	2
统	2
连	2
节	2
退	2
間	2
问	2
备	2
或	2
话	2
视	2
需	2
闭	2
效	2
移	2
按	2
排	2
首	2
記	2
额	2
并	2
异	2
束	2
链	2
评	2
邮	2
义	2
司	2
频	2
径	2
详	2
论	2
络	2
治	2
声	2
没	2
核	2
享	2
宋	2
箱	2
钟	2
审	2
钮	2
们	2
若	2
月	1
人	1
市	1
区	1
县	1
值	1
此	1
次	1
后	1
了	1
于	1
円	1
天	1
已	1
会	1
色	1
未	1
口	1
合	1
车	1
操	1
二	1
业	1
集	1
多	1
无	1
这	1
制	1
将	1
状	1
高	1
子	1
三	1
从	1
家	1
秒	1
现	1
转	1
力	1
学	1
外	1
调	1
工	1
平	1
等	1
得	1
收	1
安	1
订	1
应	1
看	1
原	1
知	1
级	1
水	1
好	1
物	1
放	1
经	1
描	1
模	1
之	1
台	1
显	1
州	1
画	1
共	1
海	1
比	1
至	1
你	1
与	1
影	1
读	1
告	1
美	1
女	1
山	1
复	1
南	1
必	1
城	1
近	1
利	1
总	1
社	1
西	1
先	1
然	1
键	1
写	1
签	1
因	1
别	1
心	1
指	1
整	1
四	1
断	1
角	1
头	1
步	1
门	1
导	1
客	1
右	1
像	1
特	1
非	1
省	1
造	1
姓	1
由	1
包	1
东	1
款	1
启	1
而	1
填	1
释	1
持	1
向	1
算	1
江	1
里	1
份	1
责	1
科	1
民	1
男	1
族	1
站	1
県	1
换	1
素	1
都	1
超	1
店	1
起	1
隐	1
拉	1
米	1
引	1
语	1
土	1
直	1
每	1
後	1
变	1
基	1
場	1
待	1
规	1
政	1
也	1
介	1
五	1
执	1
木	1
打	1
活	1
播	1
该	1
展	1
具	1
志	1
言	1
购	1
但	1
星	1
两	1
左	1
考	1
构	1
報	1
球	1
音	1
端	1
搜	1
投	1
立	1
属	1
火	1
清	1
账	1
就	1
费	1
案	1
控	1
广	1
历	1
及	1
計	1
止	1
么	1
货	1
测	1
阳	1
队	1
技	1
场	1
少	1
形	1
稿	1
英	1
游	1
供	1
推	1
税	1
私	1
景	1
去	1
华	1
話	1
番	1
环	1
张	1
開	1
种	1
易	1
您	1
再	1
板	1
連	1
真	1
流	1
余	1
见	1
给	1
局	1
优	1
书	1
思	1
見	1
動	1
运	1
样	1
（	1
销	1
即	1
只	1
老	1
岁	1
找	1
稍	1
达	1
院	1
価	1
気	1
约	1
速	1
停	1
反	1
票	1
十	1
身	1
含	1
率	1
汽	1
专	1
歳	1
関	1
议	1
雷	1
些	1
界	1
陆	1
倍	1
読	1
检	1
还	1
析	1
企	1
友	1
”	1
简	1
問	1
装	1
感	1
哈	1
何	1
预	1
尔	1
