的	789
▁	450
一	240
不	188
在	187
人	184
有	177
是	163
了	137
大	120
我	119
中	109
为	99
生	97
上	90
这	85
国	84
发	79
出	76
用	73
定	72
分	71
会	71
可	70
对	70
理	70
年	70
法	69
学	69
和	68
个	67
行	66
以	65
他	65
地	63
要	62
动	62
本	61
能	60
公	58
产	58
时	56
成	56
到	56
体	56
所	55
下	55
业	55
于	54
性	54
说	53
来	53
同	52
得	51
e	50
就	50
事	50
民	50
方	49
经	48
过	47
高	47
十	47
最	46
工	46
化	46
也	45
心	45
实	44
合	44
主	44
你	44
多	43
子	43
们	42
第	42
其	42
作	41
现	41
面	41
电	41
数	40
外	40
着	40
t	39
资	39
水	39
前	38
自	38
看	38
文	37
内	37
机	37
期	37
后	36
应	36
制	36
度	35
小	35
情	35
意	35
重	35
三	35
力	35
进	34
量	34
务	34
关	34
无	34
物	34
天	34
表	33
管	33
利	33
么	32
二	32
好	32
当	31
点	31
种	31
全	31
道	31
很	31
家	31
政	31
计	30
加	30
两	30
没	30
开	30
部	30
日	30
起	30
新	29
明	29
市	29
权	29
代	28
o	28
入	28
长	28
变	28
然	28
者	28
之	28
原	28
金	28
而	28
i	27
如	27
信	27
都	27
平	27
司	27
想	27
a	26
那	26
里	26
正	26
还	26
身	26
p	25
更	25
程	25
收	25
建	24
从	24
保	24
任	24
相	24
共	24
教	24
气	24
n	23
s	23
果	23
结	23
通	23
因	23
品	23
样	23
特	23
手	23
此	23
受	23
知	23
级	23
见	23
她	23
血	23
取	22
存	22
目	22
等	22
标	22
次	22
形	22
立	22
四	22
社	22
m	21
间	21
位	21
提	21
解	21
单	21
色	21
别	21
价	21
总	21
与	21
月	21
病	21
d	20
u	20
回	20
使	20
义	20
格	20
常	20
并	20
基	20
放	20
流	20
被	20
让	20
感	20
光	20
院	20
风	20
l	19
件	19
交	19
证	19
项	19
论	19
展	19
传	19
报	19
去	19
费	19
西	19
头	19
质	19
约	19
美	19
师	19
设	18
处	18
指	18
接	18
图	18
注	18
已	18
什	18
效	18
向	18
规	18
股	18
安	18
百	18
真	18
东	18
每	17
口	17
案	17
区	17
比	17
造	17
增	17
确	17
员	17
把	17
北	17
活	17
清	17
各	17
海	17
老	17
科	17
术	17
据	16
元	16
转	16
值	16
例	16
式	16
选	16
复	16
问	16
系	16
构	16
源	16
限	16
话	16
导	16
几	16
给	16
反	16
书	16
五	16
广	16
万	16
审	16
治	16
营	16
南	16
素	15
组	15
算	15
类	15
名	15
记	15
认	15
消	15
集	15
线	15
条	15
商	15
或	15
思	15
只	15
预	15
深	15
决	15
告	15
非	15
场	15
层	15
精	15
未	15
款	15
观	15
诉	15
税	15
字	14
节	14
统	14
语	14
但	14
持	14
承	14
引	14
视	14
率	14
门	14
历	14
做	14
省	14
太	14
强	14
儿	14
研	14
职	14
益	14
置	13
容	13
h	13
型	13
连	13
服	13
改	13
题	13
考	13
命	13
离	13
先	13
优	13
准	13
额	13
易	13
近	13
议	13
至	13
房	13
带	13
女	13
技	13
企	13
究	13
济	13
律	13
险	13
施	13
眼	13
住	13
克	13
列	12
r	12
打	12
将	12
执	12
调	12
除	12
完	12
达	12
网	12
少	12
何	12
控	12
具	12
边	12
备	12
整	12
联	12
布	12
快	12
识	12
差	12
白	12
适	12
专	12
责	12
华	12
医	12
害	12
战	12
黄	12
x	11
g	11
创	11
c	11
初	11
路	11
状	11
直	11
配	11
模	11
失	11
器	11
供	11
简	11
支	11
按	11
些	11
由	11
均	11
界	11
速	11
微	11
便	11
影	11
声	11
步	11
压	11
温	11
神	11
料	11
监	11
激	11
又	11
马	11
斯	11
育	11
疗	11
极	11
财	11
办	11
党	11
象	10
息	10
参	10
示	10
请	10
判	10
功	10
属	10
况	10
验	10
述	10
号	10
己	10
照	10
首	10
续	10
际	10
习	10
装	10
终	10
怎	10
积	10
损	10
策	10
防	10
细	10
依	10
今	10
低	10
周	10
助	10
哪	10
投	10
干	10
世	10
史	10
养	10
农	10
委	10
爱	10
亲	10
药	10
争	10
热	10
千	10
户	9
试	9
环	9
态	9
包	9
密	9
显	9
段	9
运	9
范	9
则	9
句	9
满	9
足	9
超	9
付	9
维	9
留	9
减	9
另	9
写	9
再	9
购	9
v	9
切	9
才	9
推	9
校	9
销	9
听	9
越	9
男	9
食	9
山	9
尔	9
六	9
孩	9
领	9
众	9
土	9
江	9
古	9
纳	9
需	8
测	8
求	8
查	8
称	8
断	8
片	8
异	8
随	8
候	8
较	8
母	8
客	8
空	8
角	8
排	8
境	8
及	8
许	8
护	8
某	8
城	8
充	8
域	8
止	8
临	8
景	8
份	8
采	8
互	8
举	8
车	8
张	8
负	8
走	8
球	8
阶	8
核	8
占	8
货	8
吃	8
染	8
远	8
补	8
觉	8
讼	8
银	8
材	8
劳	8
族	8
青	8
阳	8
担	8
九	8
早	8
债	8
军	8
七	8
酸	8
符	7
获	7
否	7
换	7
P	7
含	7
修	7
根	7
检	7
签	7
像	7
编	7
必	7
即	7
击	7
词	7
该	7
它	7
评	7
票	7
础	7
概	7
致	7
划	7
固	7
协	7
京	7
归	7
买	7
英	7
半	7
音	7
射	7
双	7
往	7
花	7
升	7
仅	7
难	7
红	7
跟	7
拉	7
独	7
石	7
死	7
健	7
患	7
故	7
团	7
症	7
轻	7
村	7
州	7
融	7
售	7
察	7
良	7
吸	7
伤	7
液	7
痛	7
紧	7
脑	7
油	7
夏	7
德	7
士	7
烈	7
八	7
脸	7
H	6
y	6
码	6
S	6
输	6
f	6
印	6
始	6
径	6
录	6
错	6
读	6
默	6
序	6
响	6
移	6
围	6
待	6
订	6
板	6
载	6
继	6
释	6
频	6
课	6
似	6
台	6
味	6
若	6
志	6
k	6
申	6
播	6
典	6
父	6
缓	6
批	6
介	6
黑	6
刻	6
乐	6
宝	6
康	6
织	6
艺	6
富	6
裁	6
严	6
谢	6
居	6
毒	6
善	6
突	6
革	6
尽	6
念	6
净	6
予	6
河	6
官	6
托	6
污	6
苏	6
借	6
纪	6
急	6
刚	6
估	6
米	6
董	6
脉	6
偿	6
透	6
聚	6
租	6
腹	6
笑	6
甲	6
误	5
送	5
找	5
描	5
令	5
键	5
端	5
征	5
且	5
启	5
括	5
游	5
余	5
扩	5
右	5
绝	5
言	5
免	5
账	5
略	5
够	5
遇	5
队	5
画	5
局	5
底	5
演	5
附	5
拿	5
散	5
缺	5
献	5
享	5
庭	5
府	5
培	5
福	5
卫	5
稳	5
媒	5
障	5
园	5
汉	5
挥	5
竟	5
势	5
慢	5
智	5
丽	5
春	5
兴	5
渐	5
床	5
伙	5
央	5
竞	5
夫	5
罗	5
破	5
犯	5
罪	5
侵	5
违	5
室	5
顾	5
糖	5
混	5
弟	5
著	5
菌	5
怕	5
盟	5
刑	5
蒙	5
既	5
县	5
毫	5
火	5
幅	5
肠	5
卖	5
冲	5
延	5
凝	5
秘	5
谁	5
草	5
宁	5
骨	5
阴	5
巴	5
汇	5
膜	5
杀	5
兰	5
返	4
询	4
储	4
库	4
登	4
择	4
杂	4
针	4
索	4
答	4
链	4
坐	4
册	4
顺	4
析	4
版	4
绘	4
追	4
唯	4
假	4
左	4
殊	4
授	4
普	4
弹	4
陆	4
般	4
绩	4
缩	4
触	4
毕	4
背	4
探	4
私	4
希	4
望	4
欢	4
降	4
午	4
末	4
波	4
截	4
倒	4
博	4
封	4
友	4
群	4
浮	4
藏	4
侧	4
币	4
叶	4
云	4
王	4
坚	4
宣	4
幸	4
综	4
尤	4
皮	4
彩	4
胞	4
落	4
饮	4
永	4
蛋	4
植	4
纷	4
逐	4
爸	4
婚	4
危	4
励	4
摄	4
酒	4
熟	4
拍	4
尚	4
贷	4
衡	4
乡	4
武	4
斗	4
席	4
招	4
苦	4
姐	4
亮	4
罚	4
欧	4
洲	4
尿	4
铁	4
贸	4
舞	4
灵	4
皇	4
帝	4
奶	4
脏	4
券	4
妇	4
殖	4
麻	4
馆	4
岛	4
却	4
久	4
爷	4
鉴	4
诗	4
缴	4
哥	4
靠	4
伸	4
寿	4
繁	4
疑	4
遭	4
陷	4
恐	4
诚	4
遗	4
燃	4
镇	4
露	4
钢	4
虚	4
折	4
朝	4
氨	4
剧	4
阻	4
阿	4
抗	4
肢	4
毛	4
脊	4
孙	4
蒸	4
副	4
届	4
摇	4
F	3
函	3
R	3
循	3
址	3
块	3
败	3
束	3
矩	3
阵	3
页	3
训	3
练	3
虑	3
距	3
退	3
络	3
章	3
姓	3
拟	3
戏	3
档	3
菜	3
滤	3
递	3
辑	3
填	3
暴	3
停	3
旋	3
详	3
站	3
寻	3
隔	3
抽	3
滑	3
遍	3
框	3
架	3
喜	3
树	3
牌	3
套	3
哈	3
番	3
锁	3
映	3
轮	3
累	3
牛	3
座	3
暂	3
静	3
蓝	3
吧	3
扣	3
呼	3
歌	3
曲	3
警	3
笔	3
跑	3
飞	3
绍	3
虽	3
疫	3
幼	3
妈	3
赛	3
疾	3
迎	3
丰	3
秀	3
筑	3
促	3
旅	3
汽	3
绪	3
肯	3
困	3
辆	3
践	3
涉	3
履	3
曾	3
驶	3
握	3
纠	3
愿	3
堂	3
楚	3
晚	3
醒	3
伴	3
睛	3
乎	3
岗	3
忆	3
召	3
谓	3
刺	3
讨	3
梦	3
软	3
鼓	3
迅	3
浙	3
讯	3
督	3
松	3
亿	3
川	3
趋	3
妻	3
休	3
佳	3
岁	3
悉	3
庆	3
圳	3
泛	3
葡	3
萄	3
眠	3
香	3
肌	3
呈	3
奋	3
旧	3
洁	3
诊	3
氧	3
聘	3
湖	3
彻	3
彼	3
洗	3
漂	3
碍	3
肿	3
肥	3
林	3
季	3
胜	3
焦	3
韩	3
炎	3
润	3
浪	3
遵	3
祖	3
贫	3
敢	3
烦	3
仿	3
佛	3
贵	3
攻	3
宫	3
抑	3
塑	3
穿	3
腔	3
洋	3
腐	3
航	3
禁	3
扶	3
漫	3
途	3
巨	3
凭	3
爆	3
拓	3
惊	3
伟	3
赔	3
威	3
颗	3
慕	3
怀	3
亚	3
摩	3
陕	3
甘	3
肃	3
粒	3
缘	3
陈	3
艰	3
晨	3
坦	3
粉	3
焊	3
溶	3
冠	3
赁	3
筹	3
脾	3
胃	3
哲	3
腺	3
肾	3
兵	3
诱	3
淋	3
胆	3
醇	3
颈	3
椎	3
沉	3
鲜	3
恶	3
沿	3
匆	3
麦	3
弥	3
胰	3
俗	3
剂	3
偷	3
荷	3
抵	3
押	3
膀	3
泽	3
乳	3
田	3
湿	3
嘴	3
唐	3
废	3
碳	3
酬	3
鲁	3
徐	3
滋	3
乙	3
烯	3
柴	3
淡	3
髓	3
晶	3
圈	3
胡	3
鱼	3
呵	3
辩	3
寒	3
呗	3
缝	3
辨	3
忙	3
伊	3
舌	3
啊	3
弗	3
é	3
Ụ	3
C	2
B	2
O	2
串	2
添	2
操	2
删	2
访	2
闭	2
搜	2
插	2
须	2
窗	2
I	2
颜	2
钮	2
割	2
尝	2
剩	2
饰	2
允	2
龄	2
逻	2
宽	2
覆	2
盖	2
避	2
骤	2
屏	2
幕	2
钟	2
z	2
扫	2
翻	2
译	2
您	2
耗	2
邮	2
尾	2
乘	2
替	2
赋	2
短	2
叉	2
顶	2
奇	2
星	2
盘	2
偶	2
卡	2
倍	2
零	2
拼	2
池	2
脚	2
店	2
圆	2
梯	2
阅	2
拆	2
隐	2
刷	2
班	2
吗	2
钱	2
朋	2
帮	2
努	2
甚	2
惯	2
童	2
肤	2
闻	2
拥	2
荐	2
措	2
搭	2
咨	2
恢	2
驾	2
沟	2
掌	2
撑	2
趣	2
垃	2
圾	2
慧	2
暖	2
旦	2
衣	2
锻	2
炼	2
绿	2
街	2
娱	2
雄	2
姻	2
弃	2
亡	2
蔬	2
贡	2
伍	2
巧	2
脂	2
肪	2
鸡	2
苹	2
屋	2
械	2
挑	2
睡	2
疼	2
仍	2
涨	2
港	2
俄	2
肉	2
谐	2
玻	2
璃	2
尊	2
绕	2
饭	2
瞬	2
懂	2
纤	2
乏	2
泌	2
邀	2
匀	2
拒	2
欣	2
赏	2
矛	2
盾	2
贯	2
津	2
晰	2
徽	2
瘤	2
玉	2
昨	2
坏	2
森	2
奏	2
冬	2
咖	2
啡	2
仔	2
丈	2
兄	2
奉	2
肺	2
蹈	2
辅	2
燥	2
渠	2
聪	2
闲	2
守	2
跌	2
敏	2
搅	2
拌	2
驱	2
李	2
耐	2
柔	2
壤	2
魂	2
湾	2
婴	2
杭	2
抓	2
镜	2
豆	2
姑	2
娘	2
厘	2
弘	2
扬	2
赶	2
宇	2
宙	2
孤	2
尺	2
寸	2
灾	2
疆	2
诺	2
厂	2
芯	2
馈	2
曝	2
秩	2
奖	2
硕	2
谨	2
慎	2
咱	2
咳	2
嗽	2
宜	2
篮	2
跃	2
桃	2
纯	2
疲	2
胁	2
粮	2
刘	2
郁	2
赖	2
癌	2
讲	2
贴	2
稍	2
餐	2
雨	2
婆	2
惠	2
奈	2
野	2
孕	2
惧	2
浓	2
胎	2
妨	2
宅	2
挖	2
掘	2
烧	2
酵	2
肚	2
仰	2
妹	2
旁	2
牺	2
牲	2
祝	2
胖	2
悔	2
凌	2
炸	2
轨	2
饲	2
冷	2
辐	2
淀	2
盈	2
菩	2
萨	2
涵	2
怪	2
逾	2
扰	2
敌	2
泻	2
巩	2
浸	2
泡	2
诸	2
杯	2
垂	2
锅	2
擦	2
泥	2
宗	2
抱	2
妊	2
娠	2
琴	2
慰	2
吐	2
齿	2
吨	2
赢	2
震	2
橡	2
胶	2
糊	2
倾	2
杨	2
怖	2
盲	2
仪	2
忍	2
渗	2
犹	2
豫	2
硬	2
幽	2
仲	2
忠	2
迁	2
脱	2
凤	2
凰	2
卵	2
巢	2
乃	2
厚	2
穷	2
君	2
姜	2
荣	2
孔	2
慈	2
牡	2
丹	2
陶	2
瓷	2
堪	2
纽	2
黎	2
吹	2
磁	2
泪	2
筛	2
淘	2
渡	2
丝	2
拾	2
潜	2
勇	2
煤	2
炭	2
亏	2
弯	2
捷	2
尼	2
宪	2
纺	2
秋	2
饱	2
醉	2
杆	2
丧	2
愤	2
怒	2
舆	2
夜	2
躺	2
黏	2
晕	2
篇	2
伏	2
署	2
谈	2
忽	2
惑	2
螺	2
抬	2
乾	2
隆	2
拔	2
乱	2
腊	2
胱	2
撤	2
赵	2
岸	2
振	2
拇	2
穴	2
疏	2
腰	2
讶	2
纸	2
宏	2
催	2
肩	2
迟	2
横	2
灭	2
吴	2
骑	2
柱	2
邦	2
耕	2
熙	2
船	2
舶	2
筋	2
钻	2
捞	2
欠	2
粗	2
糙	2
挂	2
澳	2
袋	2
朵	2
牵	2
喘	2
翰	2
泰	2
嫌	2
稀	2
廓	2
奠	2
披	2
硫	2
恰	2
蓄	2
魔	2
磷	2
侦	2
脆	2
浑	2
膝	2
瑞	2
鼠	2
薪	2
猪	2
艾	2
顿	2
囊	2
哭	2
雪	2
溯	2
盯	2
滚	2
戴	2
棵	2
洪	2
朱	2
臣	2
纵	2
衍	2
廷	2
碱	2
烟	2
荧	2
竣	2
伯	2
剖	2
垄	2
胸	2
闷	2
悬	2
喝	2
芪	2
痰	2
颇	2
嘱	2
丁	2
氯	2
儒	2
雍	2
籍	2
廉	2
伦	2
沥	2
宋	2
丙	2
颁	2
郑	2
腑	2
滞	2
浆	2
奴	2
隶	2
茯	2
苓	2
玛	2
耳	2
抹	2
叙	2
刀	2
梁	2
馏	2
吓	2
胀	2
嘻	2
溢	2
叫	2
援	2
曹	2
跨	2
颅	2
咬	2
牙	2
龙	2
苔	2
邓	2
募	2
契	2
睁	2
杜	2
救	2
沈	2
贪	2
眉	2
桂	2
枝	2
煎	2
袁	2
奥	2
雅	2
掏	2
祛	2
辞	2
秦	2
崔	2
盐	2
洛	2
嘉	2
靖	2
莫	2
轩	2
寄	2
雷	2
侯	2
派	2
兑	2
瓦	2
T	2
Q	2
Z	2
Á	2
ỗ	2
ẩ	2
ư	2
L	2
ợ	2
<	1
0	1
8	1
>	1
D	1
匹	1
秒	1
跳	1
枚	1
掉	1
爬	1
堆	1
箱	1
夹	1
轴	1
為	1
邻	1
逆	1
绑	1
玩	1
抛	1
無	1
偏	1
猜	1
呢	1
木	1
虫	1
詞	1
卷	1
戳	1
剪	1
厨	1
携	1
羡	1
簧	1
溃	1
疡	1
呕	1
茄	1
慨	1
媳	1
缆	1
骼	1
萎	1
怜	1
迫	1
娩	1
栓	1
哮	1
褐	1
胳	1
膊	1
敦	1
煌	1
悸	1
膨	1
趴	1
孢	1
贿	1
芩	1
陛	1
辕	1
茶	1
楼	1
礼	1
灯	1
沙	1
冰	1
狗	1
盛	1
桥	1
弱	1
吉	1
汤	1
赞	1
忘	1
齐	1
肝	1
峰	1
厅	1
迷	1
舒	1
恩	1
陪	1
甜	1
唱	1
敬	1
哦	1
腿	1
墙	1
啦	1
聊	1
苗	1
朗	1
炒	1
凉	1
勤	1
稿	1
旗	1
瓜	1
梅	1
庄	1
圣	1
恋	1
凡	1
羊	1
辛	1
猫	1
珍	1
晓	1
磨	1
纹	1
壁	1
欲	1
暗	1
摆	1
槽	1
潮	1
舍	1
肖	1
贝	1
塞	1
紫	1
残	1
谷	1
迹	1
扎	1
塔	1
鼻	1
乌	1
锋	1
亦	1
珠	1
虎	1
矿	1
泉	1
薄	1
仙	1
滴	1
鞋	1
骗	1
挺	1
煮	1
抢	1
铺	1
豪	1
灰	1
仁	1
瓶	1
辣	1
妙	1
赚	1
碎	1
仓	1
涂	1
喷	1
昌	1
宿	1
辉	1
杰	1
桌	1
洞	1
冒	1
蜜	1
鸟	1
壮	1
尖	1
裂	1
腾	1
尘	1
汗	1
闹	1
悲	1
愈	1
墨	1
冻	1
迪	1
誉	1
竹	1
搞	1
踏	1
艳	1
盆	1
裤	1
逃	1
恒	1
徒	1
谱	1
郭	1
漏	1
浅	1
牢	1
碰	1
奔	1
悦	1
宾	1
井	1
拜	1
刊	1
壳	1
荡	1
栏	1
挡	1
狂	1
烂	1
兼	1
祥	1
巡	1
瘦	1
粘	1
汁	1
衰	1
氏	1
卧	1
丨	1
劲	1
忧	1
馨	1
燕	1
旺	1
锦	1
斤	1
芳	1
佩	1
溪	1
摸	1
斑	1
晋	1
碗	1
葱	1
饼	1
撞	1
夺	1
驻	1
闪	1
坡	1
呀	1
啥	1
拖	1
谋	1
枪	1
耀	1
剑	1
鸣	1
摘	1
幻	1
凯	1
莲	1
炉	1
坛	1
飘	1
曼	1
雾	1
铜	1
皆	1
宠	1
柳	1
岩	1
酱	1
娃	1
烤	1
帅	1
卜	1
棒	1
戒	1
姆	1
菲	1
丢	1
寺	1
袭	1
勒	1
阔	1
辽	1
蜂	1
娜	1
厉	1
叔	1
雕	1
忌	1
鬼	1
莱	1
怨	1
熬	1
熊	1
盒	1
羽	1
弄	1
崇	1
兔	1
筒	1
俊	1
亩	1
韵	1
钙	1
吊	1
斜	1
砖	1
垫	1
役	1
蒜	1
棉	1
芽	1
堵	1
屈	1
虾	1
盗	1
搬	1
挤	1
腻	1
陵	1
嫩	1
赴	1
叠	1
俱	1
臂	1
浴	1
撒	1
孝	1
捐	1
萌	1
抚	1
赠	1
芝	1
喂	1
泄	1
浩	1
昆	1
酷	1
拳	1
扮	1
洒	1
魏	1
灌	1
株	1
猛	1
阀	1
霞	1
毁	1
钓	1
捕	1
贤	1
砂	1
蛇	1
逼	1
粥	1
朴	1
迈	1
乔	1
岭	1
翠	1
狱	1
夕	1
叹	1
坑	1
卓	1
祭	1
桶	1
遥	1
牧	1
涛	1
桑	1
玲	1
恼	1
劝	1
揭	1
塘	1
孟	1
逢	1
御	1
喊	1
帽	1
傅	1
衬	1
赤	1
拨	1
窝	1
嫁	1
凸	1
恨	1
晴	1
浇	1
贺	1
傲	1
荒	1
鹏	1
鸭	1
碑	1
岳	1
炮	1
懒	1
翼	1
绳	1
埋	1
霜	1
箭	1
苍	1
贾	1
郎	1
遮	1
兽	1
搏	1
墓	1
枣	1
罐	1
夸	1
棋	1
稻	1
疯	1
愁	1
邪	1
舟	1
昂	1
碧	1
浦	1
妥	1
冯	1
扇	1
猴	1
狼	1
咽	1
鹿	1
畏	1
舰	1
吵	1
蔡	1
勃	1
狮	1
亭	1
庙	1
堡	1
俩	1
梨	1
咸	1
欺	1
霍	1
骂	1
缸	1
惨	1
柏	1
耶	1
锡	1
莉	1
逸	1
卢	1
呆	1
鸿	1
霉	1
芬	1
埃	1
吕	1
玄	1
湘	1
瓣	1
扭	1
醋	1
虹	1
慌	1
臭	1
禅	1
摊	1
辰	1
茂	1
锐	1
袖	1
菊	1
泵	1
咪	1
踩	1
涌	1
勿	1
挣	1
彭	1
犬	1
凹	1
栋	1
扑	1
葛	1
芒	1
翔	1
梗	1
膏	1
铭	1
勾	1
漆	1
姨	1
枯	1
纱	1
敲	1
劣	1
蒋	1
丑	1
汪	1
嘛	1
丘	1
丸	1
笼	1
伐	1
寂	1
棚	1
伪	1
娇	1
酶	1
淮	1
傻	1
凶	1
滩	1
昏	1
赫	1
罢	1
蒂	1
渔	1
沃	1
潘	1
漠	1
泼	1
渣	1
侠	1
刮	1
曰	1
杏	1
芦	1
拘	1
抄	1
铝	1
寨	1
钩	1
骄	1
祸	1
趁	1
唇	1
殿	1
姚	1
伽	1
暨	1
裕	1
钉	1
饿	1
缠	1
狠	1
躲	1
赌	1
铸	1
窄	1
敷	1
掩	1
琳	1
丛	1
蓬	1
鼎	1
萧	1
鑫	1
蕴	1
猎	1
喉	1
剥	1
蝶	1
弦	1
竖	1
氢	1
铃	1
戚	1
泊	1
沫	1
崩	1
扔	1
苑	1
粤	1
蕾	1
糟	1
翅	1
耍	1
吞	1
卑	1
庞	1
兆	1
捧	1
逊	1
鹤	1
削	1
妃	1
仇	1
窃	1
谦	1
伞	1
誓	1
哀	1
沸	1
匙	1
沪	1
轰	1
妖	1
帕	1
韦	1
吾	1
葬	1
揉	1
炖	1
橘	1
鹰	1
阁	1
藤	1
蓉	1
坪	1
遂	1
茅	1
枕	1
恭	1
摔	1
荆	1
硅	1
凑	1
弧	1
灶	1
庸	1
莎	1
疮	1
蛮	1
佐	1
秉	1
娟	1
狭	1
尸	1
撰	1
捡	1
枢	1
薇	1
茎	1
钾	1
撕	1
坎	1
捉	1
坝	1
劫	1
橙	1
畜	1
坠	1
僧	1
沾	1
歇	1
痴	1
穆	1
羞	1
嵌	1
叛	1
灸	1
皱	1
钠	1
龟	1
扁	1
辱	1
赐	1
妮	1
惹	1
桐	1
蜡	1
詹	1
溜	1
斥	1
瑶	1
踢	1
雀	1
歧	1
胺	1
缅	1
琼	1
仗	1
戈	1
薛	1
桩	1
谭	1
昭	1
晃	1
旱	1
婉	1
柯	1
翁	1
硝	1
氮	1
狐	1
斩	1
罕	1
鄂	1
蹲	1
侨	1
蒲	1
铅	1
琪	1
蜀	1
砸	1
扯	1
兹	1
哟	1
颂	1
禽	1
拐	1
捏	1
雁	1
彦	1
娶	1
贼	1
渝	1
敞	1
颠	1
砍	1
叮	1
瑟	1
沐	1
酮	1
赣	1
醛	1
僵	1
殷	1
弊	1
淑	1
矮	1
卿	1
冀	1
酯	1
厢	1
吟	1
屁	1
崖	1
雌	1
拦	1
饶	1
莞	1
瞧	1
弓	1
酥	1
屠	1
宰	1
颤	1
愚	1
窑	1
邵	1
熔	1
妄	1
饥	1
寡	1
俯	1
昔	1
澄	1
穗	1
冈	1
禄	1
澜	1
骚	1
鞭	1
艘	1
雯	1
瘀	1
稚	1
逗	1
锥	1
惟	1
苯	1
挨	1
邹	1
闸	1
夷	1
腕	1
暮	1
襄	1
闽	1
尹	1
鲍	1
卒	1
杉	1
遣	1
脐	1
矣	1
歪	1
雇	1
勘	1
贞	1
窦	1
冥	1
邱	1
皂	1
滥	1
爵	1
咏	1
掀	1
郡	1
贬	1
脓	1
钦	1
浊	1
甩	1
兮	1
屯	1
绞	1
恤	1
茨	1
棘	1
勋	1
禹	1
絮	1
灼	1
姬	1
廖	1
咒	1
咋	1
拱	1
笨	1
蚕	1
倪	1
侍	1
兜	1
倩	1
镀	1
恳	1
奸	1
哄	1
堤	1
岂	1
肋	1
斋	1
跪	1
挪	1
豹	1
俞	1
虞	1
栅	1
揽	1
卤	1
淳	1
韶	1
奕	1
鳞	1
汝	1
棱	1
肘	1
氟	1
蔚	1
哇	1
碘	1
樊	1
甫	1
怠	1
爹	1
咯	1
笛	1
喇	1
镁	1
岚	1
磕	1
芙	1
嫂	1
丫	1
嗯	1
捣	1
瞎	1
憋	1
冤	1
酚	1
郝	1
瞒	1
茜	1
尧	1
蹦	1
淫	1
驴	1
巫	1
龚	1
痹	1
凄	1
喀	1
祁	1
隋	1
嗜	1
墩	1
砌	1
捂	1
骆	1
槐	1
倚	1
仆	1
挠	1
這	1
乞	1
酰	1
幢	1
靶	1
聂	1
朔	1
哗	1
哎	1
顷	1
缔	1
吼	1
贱	1
烷	1
秧	1
炙	1
喵	1
茵	1
焉	1
國	1
垮	1
哉	1
眸	1
唑	1
歼	1
凋	1
炳	1
钧	1
掺	1
厄	1
锚	1
窥	1
晗	1
唾	1
厥	1
涅	1
芥	1
學	1
苷	1
斧	1
卯	1
撇	1
秃	1
戊	1
咕	1
髋	1
轧	1
帧	1
仄	1
啼	1
怯	1
萱	1
晏	1
凿	1
阮	1
吏	1
陡	1
钛	1
狄	1
裴	1
襟	1
咧	1
耸	1
诡	1
哼	1
啪	1
尉	1
鄙	1
斐	1
漾	1
佟	1
眨	1
阎	1
滇	1
愣	1
呜	1
凛	1
磺	1
驯	1
靳	1
诏	1
鞘	1
芷	1
惶	1
妞	1
晦	1
砚	1
炽	1
叩	1
岑	1
唉	1
褒	1
宸	1
潼	1
喃	1
赃	1
瞪	1
羌	1
孰	1
俺	1
眯	1
嘶	1
嚷	1
吱	1
膈	1
哩	1
咔	1
荀	1
憎	1
悖	1
廿	1
筱	1
氰	1
肱	1
婶	1
冗	1
衙	1
吡	1
皎	1
搂	1
骶	1
脘	1
砧	1
瞿	1
桡	1
嘀	1
砾	1
蔺	1
歆	1
枳	1
瞥	1
髂	1
幺	1
噶	1
吭	1
苡	1
翌	1
窈	1
彗	1
翎	1
灏	1
抿	1
钎	1
怔	1
噗	1
N	1
U	1
š	1
	1
b	1
ö	1
X	1
楞	1
