的	1852
▁	687
一	674
人	589
不	425
有	405
行	403
是	384
了	347
中	321
在	314
法	308
大	259
本	258
为	256
出	251
定	249
上	241
生	239
第	232
理	228
十	219
会	215
学	213
日	210
用	209
个	207
国	205
和	205
院	204
我	204
民	201
执	198
公	195
年	195
以	191
发	190
二	189
被	183
市	180
可	179
分	176
告	175
这	174
业	172
下	168
要	167
事	166
于	159
数	156
到	153
条	150
时	147
案	147
合	147
作	145
方	145
自	144
诉	144
请	141
后	139
成	139
地	138
对	137
多	135
家	134
来	133
开	132
原	130
能	130
子	130
小	129
经	128
高	128
产	125
实	125
文	124
动	124
工	123
长	122
书	121
三	121
题	120
同	119
就	117
期	116
之	115
主	113
选	113
力	113
你	113
务	112
内	112
化	112
月	112
现	111
好	111
百	111
面	111
起	109
体	109
提	108
区	108
审	106
意	106
所	105
程	104
得	104
说	104
性	104
关	103
部	103
点	103
机	102
解	102
过	101
司	100
水	100
间	98
向	98
科	98
限	97
通	97
他	97
名	97
道	97
新	97
物	96
全	95
代	94
表	94
重	93
四	93
规	91
管	91
建	91
心	91
信	90
也	90
应	89
进	88
员	88
电	88
无	88
明	88
五	87
加	86
品	85
情	85
政	85
前	85
款	85
其	84
量	84
刑	84
判	83
件	83
度	83
等	83
知	82
平	82
最	82
次	82
交	82
天	82
网	81
车	81
申	80
决	80
利	80
制	80
律	79
还	79
项	79
处	79
效	79
正	79
保	79
外	79
入	77
金	77
如	76
都	76
结	76
式	75
位	75
证	74
相	73
当	73
与	73
们	72
服	72
安	72
据	71
立	71
看	71
回	71
么	69
比	69
议	69
特	69
确	68
并	67
供	66
海	66
问	65
任	65
质	65
着	65
教	64
资	64
计	64
场	64
者	64
南	64
西	64
房	64
社	63
某	63
种	63
认	62
设	62
常	62
形	62
收	62
商	62
号	62
息	61
查	61
线	61
组	60
费	60
身	60
很	59
手	59
果	58
样	58
受	58
美	58
省	58
权	58
罪	57
东	57
给	57
路	57
将	57
已	56
目	56
记	56
支	56
单	56
义	56
七	56
总	56
裁	55
因	55
委	55
由	55
山	55
想	55
展	54
术	54
共	54
系	54
参	54
级	54
口	54
从	53
两	52
元	52
里	52
未	52
取	52
色	52
去	52
没	51
考	51
依	51
六	51
技	50
然	50
答	50
达	50
传	50
复	50
做	50
局	50
己	49
华	49
基	49
适	49
治	49
准	49
住	49
调	49
强	49
报	49
尔	49
容	48
财	48
类	48
型	48
直	48
接	48
风	48
花	48
研	47
择	47
标	47
而	47
真	47
运	47
值	47
感	47
县	47
打	47
求	46
专	46
字	46
州	46
该	46
份	46
门	46
再	46
率	46
气	46
t	45
算	45
价	45
注	45
少	45
庭	45
清	45
光	45
此	44
装	44
导	44
指	44
头	44
积	43
格	43
职	43
图	43
变	43
章	43
先	43
带	43
育	42
活	42
〇	42
较	42
非	42
具	42
户	42
创	42
列	42
村	42
离	42
减	42
流	42
联	42
女	42
料	41
示	41
师	41
营	41
完	41
万	41
别	41
农	41
更	41
江	41
几	41
球	41
角	41
统	40
但	40
予	40
办	40
器	40
斯	40
转	40
马	40
北	39
城	39
极	39
医	39
讼	38
持	38
老	38
视	38
首	38
九	38
病	38
爱	38
党	38
使	37
游	37
即	37
送	37
各	37
只	37
王	37
监	37
放	37
什	36
究	36
需	36
世	36
影	36
队	36
干	36
白	36
节	36
版	35
及	35
台	35
终	35
识	35
付	35
犯	35
精	35
述	35
检	35
至	35
见	35
八	35
整	35
阳	35
反	35
预	35
企	34
根	34
简	34
范	34
备	34
源	34
包	34
论	34
思	34
称	34
语	34
每	34
改	34
约	34
太	34
银	33
序	33
那	33
围	33
借	33
酒	33
店	33
话	33
客	33
领	33
广	33
养	33
副	33
战	33
周	33
克	33
构	32
集	32
股	32
必	32
许	32
造	32
张	32
观	32
景	32
热	32
照	31
界	31
存	31
控	31
初	31
故	31
细	31
越	31
林	31
士	31
您	31
红	31
血	31
拉	31
或	30
儿	30
演	30
配	30
引	29
始	29
履	29
友	29
责	29
连	29
材	29
护	29
步	29
察	29
属	29
推	29
布	29
婚	29
言	29
读	29
协	29
深	29
素	29
边	29
亚	29
何	28
纷	28
些	28
校	28
态	28
断	28
增	28
置	28
助	28
空	28
音	28
均	28
除	28
录	28
半	28
片	28
油	28
火	28
析	27
纠	27
介	27
投	27
历	27
撤	27
易	27
罚	27
评	27
近	27
落	27
词	27
防	27
军	27
把	27
济	26
族	26
习	26
环	26
载	26
神	26
按	26
显	26
随	26
乐	26
满	26
米	26
切	26
批	26
星	26
留	26
e	25
境	25
团	25
销	25
双	25
试	25
土	25
微	25
维	25
让	25
害	25
失	25
像	25
奖	25
千	25
功	24
际	24
疗	24
o	24
状	24
消	24
担	24
今	24
码	24
优	24
赛	24
段	24
快	24
便	24
异	24
排	24
兴	24
博	24
纳	24
卡	24
况	23
怎	23
喜	23
觉	23
模	23
承	23
登	23
速	23
错	23
命	23
温	23
纪	23
象	23
例	23
往	23
石	23
又	23
京	22
获	22
划	22
致	22
食	22
低	22
压	22
她	22
河	22
青	22
差	22
古	22
编	22
曲	22
修	22
声	22
德	22
层	22
货	22
吃	22
巴	22
候	21
戏	21
采	21
劳	21
负	21
域	21
才	21
施	21
课	21
香	21
底	21
难	21
举	21
室	21
药	21
志	21
额	21
味	21
写	21
云	21
听	21
余	21
楼	21
欢	20
艺	20
险	20
验	20
仅	20
卫	20
充	20
输	20
买	20
李	20
势	20
免	20
争	20
止	20
轻	20
园	20
亲	20
眼	20
龙	20
钱	20
画	20
抗	20
府	19
符	19
站	19
升	19
驾	19
核	19
众	19
征	19
居	19
坐	19
奇	19
晚	19
宁	19
剧	19
延	19
换	19
走	19
端	19
假	19
i	18
响	18
络	18
织	18
孩	18
m	18
望	18
释	18
续	18
阅	18
足	18
英	18
坚	18
购	18
击	18
互	18
移	18
债	18
死	18
陈	18
歌	18
男	18
愿	18
吸	18
湖	18
令	18
签	18
附	18
板	18
兰	18
木	18
健	17
否	17
普	17
驶	17
严	17
n	17
独	17
含	17
伤	17
卖	17
哈	17
固	17
守	17
停	17
黄	17
票	17
缺	17
餐	17
镇	17
短	17
托	16
康	16
s	16
超	16
测	16
找	16
床	16
降	16
武	16
遇	16
则	16
益	16
玩	16
典	16
追	16
毒	16
零	16
春	16
破	16
波	16
馆	16
笔	16
占	16
班	16
早	16
盘	16
私	16
汉	15
且	15
函	15
牌	15
策	15
毕	15
融	15
富	15
封	15
临	15
群	15
它	15
宝	15
远	15
订	15
印	15
刻	15
密	15
宜	15
缓	15
却	15
折	15
届	15
酸	15
d	14
p	14
朋	14
绍	14
史	14
售	14
庆	14
频	14
距	14
徒	14
询	14
福	14
若	14
绝	14
刘	14
概	14
损	14
索	14
贵	14
违	14
押	14
激	14
讲	14
射	14
疑	14
谈	14
草	14
毛	14
筑	13
键	13
右	13
智	13
哪	13
贷	13
督	13
鉴	13
夫	13
涉	13
念	13
讨	13
仔	13
背	13
良	13
席	13
辖	13
句	13
伴	13
套	13
航	13
菜	13
警	13
洗	13
累	13
季	13
退	13
奥	13
朝	13
拿	13
汇	13
笑	13
烟	13
础	12
般	12
够	12
l	12
患	12
综	12
须	12
币	12
苏	12
针	12
宣	12
误	12
另	12
植	12
略	12
母	12
妈	12
偿	12
贸	12
粉	12
递	12
曾	12
症	12
播	12
黑	12
补	12
彩	12
辩	12
归	12
穿	12
乡	12
尽	12
块	12
圆	12
遭	12
税	12
跟	12
箱	12
怀	12
透	12
篇	12
钢	12
尼	12
树	12
侧	12
夜	12
田	12
括	11
操	11
c	11
帮	11
旅	11
川	11
享	11
授	11
详	11
危	11
皮	11
启	11
悔	11
甲	11
豆	11
官	11
遵	11
a	11
储	11
诊	11
尚	11
似	11
籍	11
待	11
飞	11
著	11
紧	11
扬	11
鲜	11
吧	11
邮	11
招	11
庄	11
牛	11
阿	11
久	11
静	11
雨	11
脱	11
齐	11
骨	11
冷	11
座	11
聚	11
剂	11
钟	10
荐	10
培	10
左	10
革	10
媒	10
阶	10
竞	10
页	10
练	10
善	10
疫	10
探	10
抚	10
染	10
弃	10
饰	10
映	10
g	10
唤	10
松	10
衣	10
r	10
览	10
租	10
晋	10
荣	10
誉	10
羁	10
藏	10
胜	10
液	10
裂	10
岁	10
厂	10
亮	10
秘	10
唱	10
架	10
欠	10
肉	10
糖	10
奶	10
派	10
乘	10
抵	10
恶	10
杀	10
顶	10
轮	10
迷	10
磨	10
希	9
软	9
继	9
训	9
童	9
址	9
央	9
咨	9
稳	9
脑	9
杂	9
港	9
避	9
吉	9
趣	9
突	9
添	9
陆	9
幕	9
丽	9
慢	9
熟	9
摄	9
访	9
岛	9
伙	9
顺	9
券	9
圈	9
饮	9
冠	9
径	9
迟	9
仍	9
库	9
梦	9
净	9
堂	9
拒	9
顾	9
贯	9
档	9
沙	9
途	9
硬	9
饭	9
暖	9
烈	9
赢	9
哥	9
冲	9
纯	9
缩	9
夏	9
威	9
礼	9
皇	9
旗	9
炎	9
遗	9
弹	9
侵	9
救	9
散	9
秋	9
乌	9
抽	9
h	8
械	8
丰	8
障	8
父	8
妻	8
困	8
丝	8
绿	8
蒙	8
辑	8
乎	8
触	8
挑	8
午	8
逐	8
永	8
污	8
罗	8
佳	8
励	8
谢	8
氧	8
攻	8
杨	8
盖	8
惠	8
寻	8
败	8
混	8
爸	8
厅	8
链	8
靠	8
毫	8
嫌	8
刚	8
鸡	8
讯	8
洋	8
姐	8
麻	8
肥	8
漫	8
灵	8
苦	8
既	8
敏	8
镜	8
急	8
贫	8
忘	8
妇	8
u	8
剩	8
幅	8
冰	8
菌	8
牙	8
昌	8
魔	8
隐	8
偶	8
铺	8
隔	8
露	8
末	8
赞	8
填	8
叶	8
谱	8
滑	8
催	8
唐	8
矿	8
宽	8
废	8
浴	8
跑	8
迹	8
纸	8
脚	8
俗	8
淡	8
盐	8
膜	8
萨	8
弱	8
滋	8
汽	7
浙	7
措	7
虑	7
狱	7
董	7
描	7
陪	7
肤	7
挥	7
幸	7
迎	7
街	7
搜	7
欧	7
洲	7
献	7
扣	7
屏	7
润	7
铁	7
斗	7
仲	7
翻	7
盟	7
弟	7
洁	7
恋	7
坏	7
拼	7
醒	7
夺	7
殖	7
呼	7
舞	7
拘	7
痛	7
浓	7
禁	7
辨	7
震	7
舍	7
截	7
默	7
徐	7
暂	7
摩	7
辈	7
帝	7
耳	7
贴	7
孙	7
刊	7
爆	7
绘	7
诗	7
厚	7
谁	7
胡	7
爷	7
胶	7
乙	7
诸	7
亦	7
野	7
桃	7
峰	7
锅	7
幻	7
脸	7
岸	7
宫	7
伦	7
湿	7
筹	7
灯	7
晶	7
淋	7
阻	7
鲁	7
阴	7
珠	7
泡	7
肠	7
盛	7
杰	7
偏	7
墙	7
拥	6
闻	6
促	6
恢	6
绩	6
践	6
辆	6
楚	6
疾	6
冻	6
束	6
掌	6
蛋	6
幼	6
惯	6
尺	6
亡	6
谓	6
驳	6
池	6
趋	6
渐	6
缴	6
扩	6
盗	6
召	6
巧	6
搭	6
拍	6
译	6
甘	6
轴	6
辅	6
虚	6
彻	6
倍	6
塑	6
肿	6
脂	6
携	6
尊	6
凝	6
赵	6
鼠	6
暴	6
窗	6
拓	6
诚	6
叫	6
浪	6
耗	6
扮	6
尿	6
柔	6
抛	6
扫	6
脉	6
怕	6
骗	6
昆	6
缘	6
抓	6
腐	6
恐	6
澳	6
焦	6
残	6
贝	6
替	6
肺	6
孕	6
佛	6
丁	6
椒	6
伟	6
振	6
醉	6
浦	6
珍	6
阵	6
燃	6
烧	6
伸	6
惊	6
繁	6
踪	6
灾	6
倾	6
朗	6
纵	6
桥	6
宾	6
溶	6
潜	6
涂	6
荷	6
梅	6
貌	6
桌	6
勇	6
抱	6
慎	6
洛	6
泉	6
卷	6
迁	6
伊	6
腺	6
圣	6
癌	6
腹	6
忍	6
惩	6
沉	6
莫	6
仙	6
沿	6
泽	6
迫	6
挺	6
尘	6
顿	6
敬	6
纹	6
雪	6
驻	6
枝	6
霸	6
渊	6
努	5
徽	5
秀	5
圳	5
胞	5
津	5
册	5
厘	5
屋	5
肯	5
握	5
尤	5
亿	5
竟	5
颜	5
泛	5
寸	5
赔	5
姻	5
估	5
雄	5
唯	5
窃	5
拟	5
杭	5
允	5
衡	5
账	5
葡	5
萄	5
刺	5
舒	5
旦	5
遍	5
悉	5
俱	5
返	5
玉	5
仪	5
涨	5
抑	5
婴	5
涯	5
敢	5
吴	5
懂	5
巨	5
姓	5
宿	5
刷	5
腾	5
滨	5
奋	5
滤	5
聘	5
赏	5
婆	5
宗	5
坦	5
睡	5
柱	5
役	5
脏	5
割	5
妹	5
炸	5
轨	5
诞	5
豪	5
锁	5
倒	5
辛	5
冬	5
蓝	5
祝	5
扰	5
壮	5
掉	5
蓄	5
宋	5
梯	5
矩	5
淀	5
孤	5
插	5
忽	5
茶	5
晨	5
援	5
凡	5
横	5
啥	5
邻	5
耐	5
兼	5
麦	5
潮	5
锋	5
嘉	5
抢	5
畅	5
腰	5
穷	5
肇	5
螺	5
乳	5
搞	5
拖	5
蜜	5
塞	5
兵	5
弦	5
吾	5
瓜	5
鱼	5
辞	5
妙	5
袖	5
廉	5
雷	5
巡	5
肝	5
薪	5
恰	5
悠	5
虫	5
勤	5
碳	5
牢	5
薄	5
惑	5
隆	5
胃	5
挂	5
契	5
廷	5
颁	5
颈	5
逃	5
壁	5
丙	5
悬	5
迪	5
摊	5
陵	5
淮	5
晓	5
莱	5
<	4
>	4
虽	4
殊	4
龄	4
循	4
B	4
O	4
瓣	4
辽	4
绪	4
忆	4
逾	4
芯	4
硕	4
疆	4
纤	4
休	4
肃	4
宠	4
厦	4
署	4
邀	4
驱	4
S	4
匀	4
鼓	4
剥	4
碍	4
烦	4
厨	4
吗	4
炼	4
赖	4
旧	4
寿	4
疼	4
萝	4
匹	4
娘	4
昨	4
旋	4
沈	4
聊	4
郑	4
祖	4
肌	4
彼	4
耕	4
旨	4
丛	4
扶	4
涵	4
苗	4
拌	4
泌	4
串	4
腔	4
凭	4
赶	4
捕	4
瓷	4
y	4
怪	4
捷	4
惜	4
陷	4
仿	4
箭	4
辣	4
贩	4
暗	4
跃	4
郁	4
坡	4
酬	4
旁	4
煤	4
琐	4
逝	4
雅	4
凌	4
枚	4
玄	4
椭	4
磁	4
陌	4
佐	4
拨	4
赋	4
丹	4
猪	4
碎	4
阐	4
桂	4
氨	4
栏	4
姆	4
欲	4
摸	4
醇	4
艰	4
坊	4
劫	4
妨	4
拆	4
番	4
脾	4
诱	4
恒	4
牧	4
倡	4
炉	4
胎	4
噪	4
灭	4
喝	4
呵	4
朵	4
犹	4
羽	4
泪	4
跨	4
灰	4
乱	4
饱	4
杆	4
壳	4
肖	4
紫	4
浩	4
胆	4
披	4
灌	4
猫	4
炒	4
尾	4
嵌	4
颖	4
袭	4
囊	4
谋	4
揭	4
甜	4
杜	4
隶	4
叔	4
埃	4
幂	4
墨	4
啊	4
纲	4
茫	4
悟	4
叠	4
遥	4
衰	4
踏	4
奔	4
卸	4
榜	4
峡	4
勘	4
跳	4
胰	4
兽	4
叙	4
锦	4
秦	4
I	4
缝	4
搬	4
闪	4
锐	4
汗	4
膀	4
呢	4
嘴	4
棋	4
肢	4
汤	4
崇	4
浮	4
腿	4
伪	4
燕	4
艾	4
吞	4
铃	4
挪	4
扭	4
祠	4
胺	4
仁	4
募	4
苯	4
薯	4
/	3
x	3
f	3
甚	3
H	3
湾	3
娱	3
P	3
贡	3
璃	3
迅	3
韩	3
伍	3
岗	3
垃	3
圾	3
俄	3
浏	3
赁	3
覆	3
谐	3
逻	3
呈	3
乏	3
兄	3
陕	3
尝	3
绕	3
森	3
瘤	3
晰	3
肪	3
寓	3
漂	3
氛	3
诺	3
闭	3
妆	3
牺	3
牲	3
卜	3
仓	3
泥	3
厉	3
奏	3
馈	3
燥	3
莞	3
纺	3
馨	3
篮	3
擎	3
颗	3
粒	3
锡	3
诈	3
锈	3
眠	3
癫	3
痫	3
搅	3
狂	3
掘	3
朱	3
轿	3
泳	3
拔	3
糕	3
逮	3
敌	3
厌	3
扎	3
奈	3
耀	3
蚀	3
叉	3
擅	3
饲	3
淘	3
黎	3
纽	3
齿	3
冒	3
摘	3
谅	3
奉	3
炭	3
跌	3
郭	3
御	3
泰	3
忙	3
彰	3
酵	3
淄	3
卓	3
癜	3
梁	3
愈	3
辉	3
煌	3
琴	3
谊	3
沂	3
罩	3
吐	3
槽	3
糊	3
宏	3
敦	3
骑	3
擦	3
恩	3
船	3
腻	3
弘	3
碰	3
撞	3
疲	3
胀	3
谨	3
酌	3
杯	3
芝	3
舰	3
侣	3
潍	3
吹	3
筛	3
茄	3
谷	3
秉	3
芜	3
畜	3
阔	3
姿	3
歉	3
钻	3
蜂	3
堪	3
瑞	3
钥	3
匙	3
浸	3
佩	3
戴	3
摆	3
暑	3
赌	3
弥	3
慰	3
赤	3
漏	3
吵	3
劣	3
狗	3
鼻	3
闹	3
邯	3
郸	3
斜	3
歧	3
丢	3
娃	3
蒸	3
伏	3
稿	3
莆	3
烯	3
愉	3
伯	3
偷	3
悲	3
曹	3
欺	3
菇	3
岩	3
侦	3
弯	3
溃	3
唿	3
堆	3
胖	3
乒	3
乓	3
赠	3
漠	3
捐	3
兑	3
剖	3
雕	3
痕	3
羊	3
葱	3
袋	3
悄	3
滴	3
溪	3
尖	3
姜	3
葛	3
艳	3
脆	3
霉	3
椅	3
猜	3
乾	3
仇	3
侠	3
柜	3
烤	3
菲	3
忧	3
尸	3
绑	3
帐	3
枢	3
堡	3
毁	3
硫	3
奢	3
匆	3
寄	3
酷	3
挣	3
株	3
狐	3
孔	3
邓	3
滚	3
肾	3
樱	3
椎	3
蓬	3
蚌	3
埠	3
悦	3
隙	3
卵	3
芒	3
牵	3
蔽	3
亩	3
奠	3
湘	3
瓶	3
翅	3
枣	3
滩	3
柿	3
哭	3
洪	3
姚	3
裤	3
铜	3
旬	3
妥	3
柳	3
潇	3
拜	3
塔	3
帅	3
庞	3
泄	3
逆	3
稀	3
饼	3
摇	3
缀	3
廊	3
佣	3
乔	3
讽	3
绵	3
浆	3
襄	3
髓	3
烘	3
嘲	3
喷	3
雾	3
鬼	3
膝	3
蕴	3
埔	3
寨	3
杉	3
痘	3
婷	3
狠	3
栓	3
菠	3
宴	3
刀	3
嘿	3
涛	3
沧	3
掩	3
坞	3
乖	3
匈	3
岭	3
侯	3
淇	3
碗	3
吁	3
嘻	3
衅	3
芳	3
辜	3
氏	3
杏	3
弊	3
萧	3
削	3
鸟	3
瓦	3
呜	3
翩	3
啦	3
v	2
苹	2
沟	2
玻	2
睛	2
骤	2
慧	2
矛	2
盾	2
坛	2
渠	2
闲	2
咖	2
啡	2
撑	2
蔬	2
F	2
删	2
哲	2
宅	2
垂	2
瞬	2
帧	2
壤	2
锻	2
赚	2
框	2
宇	2
宙	2
蹈	2
沒	2
粮	2
姑	2
斤	2
欣	2
魅	2
胁	2
魂	2
辐	2
秩	2
凤	2
凰	2
疯	2
挖	2
丈	2
怖	2
陶	2
盈	2
墅	2
咱	2
钮	2
聪	2
橡	2
曝	2
栽	2
夹	2
稍	2
傅	2
尴	2
尬	2
焊	2
吨	2
怜	2
玫	2
瑰	2
渗	2
缆	2
仰	2
憾	2
褐	2
恼	2
汰	2
碑	2
巩	2
隧	2
舆	2
牡	2
渡	2
乃	2
寂	2
寞	2
舶	2
惧	2
啤	2
厕	2
锥	2
腊	2
膨	2
顷	2
酱	2
翰	2
罢	2
抖	2
稻	2
矫	2
卧	2
邦	2
渴	2
妊	2
娠	2
拯	2
绎	2
幽	2
崛	2
戚	2
肚	2
佬	2
柠	2
檬	2
羡	2
慕	2
梳	2
槛	2
粹	2
扇	2
巅	2
豫	2
慈	2
姨	2
沫	2
亏	2
蝴	2
蝶	2
葫	2
芦	2
醛	2
洞	2
泼	2
咳	2
嗽	2
嘛	2
丧	2
韵	2
伐	2
狮	2
裹	2
怨	2
莲	2
芙	2
蓉	2
君	2
垄	2
畴	2
忠	2
柴	2
钓	2
溉	2
咪	2
骄	2
傲	2
烹	2
饪	2
媳	2
卉	2
蕉	2
夕	2
滞	2
筋	2
詹	2
愤	2
怒	2
衍	2
別	2
冶	2
诠	2
阀	2
撼	2
荧	2
睐	2
剪	2
w	2
拾	2
崩	2
棉	2
澡	2
疡	2
衔	2
祥	2
菩	2
晒	2
宪	2
虎	2
砖	2
冯	2
渲	2
夸	2
菊	2
瑜	2
伽	2
撰	2
逼	2
兔	2
抄	2
橄	2
榄	2
枸	2
杞	2
铸	2
纱	2
熬	2
蚂	2
蚁	2
搏	2
莓	2
涤	2
泻	2
坤	2
逍	2
逊	2
虹	2
帽	2
熊	2
韭	2
屈	2
吕	2
盲	2
荡	2
鞋	2
柏	2
沃	2
盒	2
竣	2
熙	2
锂	2
蜘	2
蛛	2
闺	2
勉	2
惕	2
逢	2
僵	2
碌	2
峻	2
慨	2
粗	2
糙	2
焰	2
屁	2
劲	2
铝	2
灿	2
烂	2
驰	2
裕	2
灸	2
蘑	2
忌	2
堵	2
蔡	2
呕	2
潘	2
侈	2
膳	2
讶	2
魏	2
躺	2
辟	2
帖	2
凸	2
寒	2
懈	2
麒	2
麟	2
菏	2
竭	2
遣	2
弈	2
磷	2
狭	2
窄	2
彭	2
孵	2
侨	2
盯	2
狸	2
鞍	2
饺	2
葩	2
抬	2
翡	2
翠	2
叹	2
卢	2
沥	2
爽	2
勃	2
D	2
A	2
茅	2
糯	2
巢	2
渔	2
袁	2
徘	2
徊	2
刹	2
匿	2
蒋	2
簧	2
阱	2
抹	2
邢	2
凑	2
丘	2
畸	2
捉	2
迄	2
骼	2
糟	2
胸	2
卑	2
缸	2
瀑	2
喻	2
鄂	2
脖	2
潭	2
粘	2
贺	2
漆	2
迭	2
捞	2
榆	2
叛	2
鸣	2
巾	2
绽	2
哺	2
辰	2
殴	2
昏	2
颠	2
崔	2
陀	2
萎	2
堰	2
鸿	2
蔓	2
绸	2
邪	2
恭	2
衬	2
衫	2
玛	2
渝	2
挤	2
卦	2
黏	2
廓	2
氯	2
漓	2
娩	2
惫	2
贾	2
纬	2
馒	2
赡	2
珊	2
瑚	2
臣	2
猴	2
缚	2
杠	2
胱	2
蒜	2
缅	2
甸	2
梗	2
涌	2
洱	2
祸	2
挫	2
溯	2
哮	2
喘	2
毯	2
澎	2
湃	2
孢	2
戒	2
湛	2
砂	2
寝	2
敛	2
臂	2
耽	2
奸	2
硅	2
肩	2
凉	2
勾	2
帷	2
汪	2
雇	2
沌	2
旺	2
洒	2
晕	2
懒	2
稚	2
栖	2
掀	2
秒	2
瞒	2
拇	2
帘	2
枪	2
挽	2
瞄	2
咽	2
喉	2
棱	2
筷	2
勿	2
缠	2
侮	2
辱	2
棵	2
酰	2
吻	2
骚	2
琉	2
芹	2
耍	2
裙	2
闵	2
洽	2
旱	2
碱	2
氓	2
荔	2
紊	2
罕	2
疏	2
歷	2
汛	2
邂	2
逅	2
萃	2
嫉	2
妒	2
奴	2
柬	2
屿	2
浑	2
棕	2
敞	2
铅	2
拭	2
棠	2
烁	2
矶	2
帜	2
喇	2
叭	2
膏	2
哔	2
哩	2
聆	2
粤	2
喂	2
抉	2
螃	2
蟹	2
穴	2
腌	2
暧	2
昧	2
儒	2
汁	2
桶	2
坪	2
蔷	2
薇	2
盼	2
孟	2
澄	2
菱	2
榴	2
沸	2
潢	2
鹅	2
沐	2
曙	2
绒	2
凋	2
俊	2
轰	2
斥	2
饶	2
梭	2
朴	2
弛	2
毗	2
郊	2
挡	2
彝	2
盆	2
鸳	2
鸯	2
躁	2
枯	2
瘦	2
薛	2
谜	2
棚	2
傍	2
艇	2
拦	2
胚	2
躲	2
桑	2
芽	2
娜	2
芬	2
绣	2
荒	2
猎	2
琢	2
虐	2
禺	2
秸	2
秆	2
皱	2
渤	2
缤	2
谭	2
耦	2
痹	2
攀	2
尹	2
摧	2
厢	2
塘	2
睿	2
凯	2
扑	2
镀	2
锌	2
澈	2
仑	2
曼	2
轼	2
谎	2
蛙	2
遏	2
谣	2
镑	2
泵	2
玲	2
珑	2
爵	2
衷	2
煮	2
揽	2
焙	2
澜	2
谴	2
韧	2
侃	2
泊	2
贿	2
睦	2
夯	2
肴	2
祭	2
祀	2
踊	2
笼	2
酿	2
暨	2
韶	2
恨	2
溢	2
钩	2
炬	2
骁	2
棒	2
逛	2
拳	2
碾	2
钝	2
绳	2
耶	2
稣	2
蝙	2
蝠	2
颇	2
瑕	2
疵	2
贤	2
橱	2
翔	2
泣	2
胳	2
膊	2
坎	2
坷	2
傻	2
滥	2
宵	2
酪	2
趁	2
璀	2
璨	2
屉	2
琵	2
琶	2
昼	2
霄	2
髦	2
扁	2
梧	2
桐	2
虾	2
镶	2
脊	2
屠	2
茂	2
剑	2
肛	2
鹦	2
鹉	2
睫	2
矢	2
橘	2
匠	2
鹃	2
钠	2
诀	2
崖	2
磅	2
岳	2
勋	2
咫	2
霹	2
雳	2
驭	2
嫁	2
窒	2
涡	2
瘙	2
痒	2
荆	2
捧	2
淆	2
丫	2
莎	2
俩	2
竹	2
垫	2
慌	2
瞻	2
疤	2
廖	2
诅	2
咒	2
邹	2
贼	2
斑	2
坑	2
3	1
4	1
5	1
0	1
C	1
8	1
J	1
V	1
井	1
霞	1
勒	1
哦	1
寺	1
浅	1
鹏	1
亭	1
舟	1
弄	1
呀	1
碧	1
郎	1
皆	1
苍	1
斌	1
霜	1
鑫	1
骂	1
愁	1
莉	1
眉	1
飘	1
萍	1
栋	1
孝	1
阁	1
翼	1
鹤	1
霍	1
蒂	1
炮	1
殿	1
鹿	1
狼	1
晴	1
鼎	1
赫	1
妖	1
迈	1
庙	1
墓	1
韦	1
吊	1
萌	1
赴	1
遂	1
娟	1
鸭	1
轩	1
酶	1
弗	1
咸	1
柯	1
旭	1
翁	1
撒	1
蛇	1
琳	1
苑	1
兹	1
彦	1
铭	1
琼	1
吟	1
磊	1
毅	1
逸	1
兆	1
帕	1
雁	1
爬	1
嫩	1
惨	1
丑	1
闽	1
丸	1
娇	1
冀	1
喊	1
梨	1
埋	1
邵	1
劝	1
渣	1
昂	1
靖	1
彬	1
瑶	1
暮	1
岂	1
淑	1
筒	1
坝	1
蛮	1
猛	1
臭	1
窝	1
馀	1
帆	1
卿	1
舌	1
穆	1
钙	1
贪	1
戈	1
煎	1
藤	1
僧	1
沪	1
犬	1
昭	1
罐	1
呆	1
昔	1
壶	1
禅	1
咬	1
巷	1
唇	1
赣	1
缐	1
咏	1
妃	1
邱	1
哀	1
皖	1
兮	1
敲	1
曰	1
鹰	1
遮	1
凶	1
穗	1
惟	1
氢	1
怡	1
汝	1
郡	1
枕	1
醋	1
吓	1
贞	1
枫	1
妮	1
冈	1
撕	1
殷	1
葬	1
酯	1
幢	1
踩	1
阜	1
斋	1
痴	1
雀	1
粥	1
瑟	1
茎	1
闷	1
柄	1
夷	1
庐	1
蕾	1
扯	1
钦	1
蒲	1
仕	1
莹	1
冥	1
钉	1
倚	1
刮	1
氮	1
畏	1
闯	1
奎	1
龟	1
琪	1
蜀	1
禽	1
沾	1
屯	1
愧	1
敷	1
谦	1
锤	1
烫	1
羞	1
庸	1
鲍	1
侍	1
浇	1
颂	1
茨	1
虞	1
弧	1
鳞	1
歇	1
邑	1
龚	1
栈	1
嗯	1
饿	1
伞	1
斩	1
惹	1
俞	1
姬	1
闫	1
甫	1
屡	1
熔	1
弓	1
踢	1
誓	1
樊	1
楠	1
橙	1
坠	1
扔	1
藻	1
黔	1
笋	1
郝	1
酮	1
耿	1
摔	1
巫	1
裸	1
苔	1
灶	1
禹	1
咋	1
诵	1
桩	1
爹	1
宰	1
砍	1
勺	1
赐	1
晖	1
砸	1
闸	1
焕	1
栗	1
炫	1
壹	1
倪	1
炖	1
堤	1
卒	1
倩	1
蜡	1
禄	1
祁	1
尧	1
仗	1
屑	1
雌	1
禾	1
肆	1
窑	1
凹	1
媚	1
婉	1
昊	1
沁	1
琦	1
氟	1
塌	1
畔	1
愚	1
疹	1
亨	1
媛	1
倦	1
矣	1
涩	1
硝	1
疮	1
渭	1
痰	1
垒	1
鞭	1
娥	1
匪	1
閒	1
竖	1
贮	1
淳	1
漳	1
阮	1
顽	1
酥	1
腕	1
岚	1
烛	1
拱	1
爪	1
凄	1
舱	1
揉	1
矮	1
炳	1
啼	1
魄	1
蚕	1
骏	1
笛	1
晃	1
汀	1
勐	1
捡	1
捏	1
豹	1
刃	1
饥	1
耻	1
逗	1
鸦	1
汕	1
驿	1
祛	1
冉	1
俯	1
籽	1
宛	1
杖	1
雯	1
蕊	1
棘	1
窦	1
庵	1
霖	1
溜	1
哎	1
瞎	1
钾	1
馅	1
甩	1
袍	1
蹄	1
歪	1
寡	1
妄	1
沛	1
娶	1
葵	1
啸	1
鸽	1
拂	1
棍	1
妍	1
呗	1
復	1
觅	1
吏	1
挨	1
巍	1
絮	1
蔚	1
牟	1
芭	1
祈	1
莺	1
锯	1
熏	1
哉	1
聂	1
赃	1
喀	1
甄	1
滕	1
哇	1
朔	1
沦	1
蠢	1
艘	1
蝉	1
奕	1
拐	1
渺	1
裴	1
嘱	1
煲	1
梓	1
堕	1
颅	1
贱	1
黛	1
粪	1
檐	1
於	1
裔	1
蹲	1
阑	1
泸	1
鬓	1
蚊	1
贬	1
雍	1
涧	1
颤	1
腥	1
烷	1
隋	1
靶	1
翟	1
衢	1
睁	1
稽	1
垦	1
佑	1
藉	1
窥	1
彤	1
浊	1
跪	1
陇	1
喔	1
戳	1
冤	1
茜	1
焚	1
眸	1
皂	1
舅	1
彪	1
骆	1
缕	1
仆	1
芸	1
轧	1
丞	1
乞	1
砌	1
瘾	1
绥	1
栅	1
寥	1
喧	1
琅	1
淹	1
酚	1
魁	1
笨	1
镁	1
稠	1
掏	1
荫	1
榨	1
曦	1
碟	1
丨	1
阙	1
钧	1
娄	1
旷	1
卤	1
翘	1
淫	1
睹	1
袜	1
挚	1
兜	1
肋	1
绞	1
圭	1
椰	1
皓	1
璐	1
诡	1
扒	1
屎	1
泗	1
庚	1
蛾	1
鲤	1
璧	1
猿	1
瞧	1
槐	1
姥	1
躯	1
苟	1
沼	1
焉	1
鸥	1
绮	1
鳍	1
缔	1
咯	1
垢	1
徵	1
皋	1
崎	1
孜	1
苷	1
芋	1
嗟	1
灼	1
犀	1
俭	1
驴	1
靓	1
尉	1
哑	1
攒	1
趟	1
峨	1
晏	1
瞳	1
渍	1
吼	1
剔	1
簿	1
铲	1
搓	1
梵	1
嵩	1
哄	1
乍	1
茹	1
叮	1
鲸	1
汾	1
凿	1
娅	1
飙	1
盏	1
竿	1
嗜	1
麓	1
诏	1
鄙	1
坟	1
瘫	1
楷	1
岐	1
暇	1
襟	1
蹭	1
煳	1
篱	1
驼	1
窟	1
捣	1
磕	1
岑	1
缪	1
桦	1
脓	1
嚼	1
掷	1
钛	1
昕	1
哟	1
霆	1
寇	1
涅	1
藕	1
臀	1
嫂	1
釉	1
颌	1
笙	1
懵	1
厄	1
甬	1
墩	1
扛	1
篆	1
怅	1
後	1
寅	1
覃	1
晾	1
阎	1
桔	1
眷	1
嚣	1
裳	1
舜	1
噬	1
採	1
斐	1
靡	1
鸾	1
呐	1
抒	1
粟	1
纶	1
瘀	1
筝	1
狄	1
戎	1
壑	1
喵	1
哨	1
唉	1
钰	1
斧	1
雏	1
垣	1
佰	1
瀚	1
盡	1
汶	1
掺	1
钞	1
肽	1
颐	1
茵	1
篷	1
桓	1
薰	1
挠	1
伺	1
蹦	1
窍	1
哼	1
掠	1
玺	1
梢	1
炜	1
玮	1
撩	1
蝇	1
唑	1
捆	1
赎	1
苞	1
陋	1
嘎	1
濮	1
拙	1
榕	1
蛟	1
簇	1
憩	1
朽	1
惭	1
嗓	1
坯	1
俏	1
藩	1
秤	1
瑾	1
恳	1
恍	1
蝎	1
悍	1
樟	1
旌	1
萤	1
溺	1
萼	1
晟	1
穹	1
颍	1
恤	1
嗨	1
柚	1
檀	1
愣	1
鹭	1
蜗	1
蔗	1
趴	1
榻	1
锚	1
怼	1
泾	1
枉	1
莽	1
汲	1
洼	1
哒	1
窜	1
舔	1
嗣	1
涕	1
碘	1
敖	1
豁	1
涟	1
亥	1
圃	1
瞩	1
肘	1
煞	1
荟	1
裘	1
脐	1
焖	1
厥	1
珀	1
宸	1
绚	1
靳	1
砚	1
迦	1
妾	1
町	1
週	1
坂	1
啪	1
贰	1
茸	1
庶	1
眩	1
鞘	1
亢	1
羹	1
拢	1
芥	1
殇	1
箫	1
熨	1
谍	1
叨	1
戊	1
跋	1
搁	1
沭	1
樵	1
臻	1
瓯	1
崭	1
淤	1
苛	1
噩	1
滁	1
萱	1
拽	1
滔	1
瘟	1
鲨	1
咕	1
霾	1
匡	1
囚	1
铬	1
秃	1
鹊	1
饵	1
歹	1
盔	1
豚	1
孰	1
韬	1
颊	1
菁	1
鞠	1
辊	1
憋	1
僚	1
沽	1
扉	1
禧	1
孽	1
僻	1
樽	1
烽	1
柑	1
祺	1
犁	1
冕	1
茗	1
绅	1
髮	1
绛	1
蒿	1
绊	1
炙	1
濒	1
漱	1
熄	1
時	1
蛤	1
墟	1
毋	1
茧	1
玖	1
觞	1
倘	1
秧	1
歼	1
渚	1
怯	1
砺	1
诛	1
峪	1
祷	1
褪	1
颓	1
耸	1
懿	1
浣	1
刁	1
靴	1
啰	1
磺	1
辙	1
瞭	1
晦	1
腋	1
揣	1
宦	1
晗	1
莘	1
钳	1
煜	1
贻	1
溅	1
讳	1
烨	1
嘟	1
凳	1
睢	1
滇	1
黯	1
羟	1
镍	1
苓	1
聋	1
郴	1
撇	1
趾	1
岱	1
蕃	1
拧	1
闰	1
陂	1
窖	1
褚	1
潼	1
铂	1
赘	1
迢	1
仟	1
婧	1
珂	1
眺	1
哗	1
癣	1
璋	1
筐	1
焯	1
奚	1
漾	1
鄞	1
怠	1
礁	1
兀	1
捂	1
恕	1
侄	1
躬	1
凛	1
垮	1
袅	1
蠕	1
陨	1
羲	1
筱	1
俘	1
绰	1
迥	1
盎	1
酣	1
扳	1
挟	1
棺	1
蕨	1
绷	1
涪	1
拷	1
蓟	1
咀	1
蜕	1
驯	1
锰	1
剁	1
陡	1
纂	1
寐	1
姊	1
蚝	1
憨	1
姗	1
悼	1
嗅	1
兢	1
磐	1
嘘	1
粽	1
栾	1
璇	1
昱	1
劈	1
胥	1
嬉	1
嫣	1
簪	1
惬	1
岔	1
藓	1
琛	1
亳	1
孚	1
俺	1
霓	1
寰	1
遐	1
飒	1
冢	1
芷	1
霏	1
鳄	1
棹	1
猩	1
淼	1
烙	1
唾	1
筠	1
钗	1
霁	1
泓	1
羌	1
瀛	1
镖	1
萦	1
氪	1
笃	1
妞	1
笺	1
恺	1
唔	1
瞪	1
隅	1
筵	1
峥	1
忻	1
痔	1
釜	1
佼	1
栩	1
伶	1
辄	1
瑛	1
汐	1
挛	1
祯	1
杳	1
螨	1
惰	1
蟾	1
褶	1
戟	1
婺	1
佟	1
啃	1
狙	1
苇	1
槟	1
拣	1
炊	1
晤	1
徙	1
螂	1
庇	1
锣	1
糜	1
咧	1
粱	1
硒	1
鳌	1
貂	1
曳	1
疱	1
绯	1
溧	1
缉	1
醚	1
茬	1
剃	1
峭	1
札	1
眶	1
譬	1
睑	1
谏	1
悖	1
遁	1
瞿	1
娴	1
浒	1
峙	1
慷	1
叁	1
滦	1
皎	1
亟	1
佈	1
辕	1
茉	1
泠	1
馏	1
澹	1
楔	1
莒	1
铣	1
動	1
鸠	1
蘸	1
桨	1
屹	1
驹	1
眯	1
喃	1
钵	1
腑	1
個	1
烃	1
钊	1
赊	1
夭	1
掰	1
掖	1
摹	1
耘	1
浚	1
沅	1
柒	1
婿	1
谒	1
剿	1
撸	1
恬	1
酋	1
炽	1
胧	1
掐	1
侬	1
嵴	1
汹	1
虏	1
眨	1
痉	1
瓢	1
朦	1
龈	1
刨	1
冗	1
浔	1
巳	1
偈	1
嫖	1
嘶	1
毙	1
涝	1
诫	1
抠	1
侗	1
戮	1
瓮	1
峦	1
怂	1
藜	1
妳	1
厮	1
芪	1
谬	1
砥	1
開	1
叟	1
慑	1
毓	1
楞	1
熠	1
噢	1
腮	1
偃	1
谩	1
稼	1
氰	1
匮	1
捍	1
踝	1
癖	1
睾	1
褒	1
臧	1
楂	1
邸	1
芍	1
酉	1
玥	1
骇	1
仄	1
笠	1
彷	1
痊	1
蟠	1
磋	1
锄	1
廿	1
卯	1
鱿	1
挝	1
铵	1
椿	1
喱	1
煸	1
咚	1
祇	1
吡	1
狩	1
洮	1
阈	1
斛	1
缨	1
辗	1
扼	1
棣	1
腱	1
淌	1
圩	1
啧	1
籁	1
屌	1
袂	1
谯	1
偕	1
崽	1
轶	1
猕	1
诶	1
呦	1
場	1
炯	1
髋	1
間	1
註	1
芮	1
豌	1
芡	1
谛	1
娣	1
惆	1
拎	1
俨	1
卞	1
恪	1
昵	1
漯	1
慵	1
潺	1
叩	1
囤	1
溴	1
裏	1
丐	1
猥	1
憧	1
啶	1
疚	1
箔	1
懦	1
宕	1
匯	1
唧	1
噜	1
憬	1
毡	1
硼	1
铎	1
漪	1
痣	1
跻	1
羯	1
嬛	1
狡	1
荚	1
悚	1
煽	1
淬	1
斟	1
唠	1
湄	1
秽	1
璞	1
鲈	1
姣	1
诣	1
猝	1
発	1
虔	1
匣	1
鲫	1
汞	1
荼	1
篡	1
缭	1
揪	1
擒	1
铠	1
邳	1
忱	1
悸	1
铮	1
悴	1
霭	1
骸	1
攸	1
弼	1
沖	1
啄	1
丶	1
遴	1
麽	1
荀	1
惶	1
衙	1
蓓	1
稷	1
擀	1
胫	1
揍	1
夙	1
燮	1
曜	1
嗷	1
骥	1
濛	1
濯	1
鬟	1
榛	1
柘	1
窘	1
阪	1
琥	1
黍	1
捅	1
拈	1
俐	1
妓	1
枭	1
捲	1
瞰	1
辍	1
幹	1
莅	1
憎	1
壬	1
斓	1
嫦	1
岫	1
嵘	1
蔑	1
陛	1
蕙	1
戍	1
熹	1
薏	1
茯	1
蟑	1
缥	1
喽	1
這	1
朕	1
郯	1
馋	1
熘	1
嘅	1
讷	1
嚷	1
榭	1
侥	1
隘	1
設	1
隽	1
脯	1
疣	1
弋	1
溟	1
邃	1
晁	1
婪	1
婵	1
痪	1
殡	1
夔	1
昙	1
粳	1
嫡	1
禀	1
矜	1
祐	1
沮	1
実	1
綦	1
會	1
翌	1
悯	1
膛	1
砾	1
咐	1
業	1
瘘	1
嵊	1
竺	1
槎	1
疙	1
撬	1
瘩	1
闾	1
崧	1
淅	1
豉	1
痞	1
痢	1
骅	1
惮	1
蔺	1
骋	1
婕	1
疝	1
見	1
娓	1
傣	1
毂	1
憔	1
荞	1
葆	1
犊	1
颚	1
涿	1
楹	1
缈	1
湍	1
恣	1
寮	1
粑	1
镰	1
嘤	1
濑	1
榔	1
咔	1
酝	1
伫	1
戌	1
記	1
镯	1
撮	1
蛊	1
曆	1
換	1
骖	1
蒉	1
喒	1
馄	1
岡	1
畱	1
鼗	1
浹	1
絡	1
榮	1
鶿	1
聖	1
厭	1
瞅	1
咊	1
竄	1
蓮	1
嚴	1
鹗	1
癟	1
顂	1
馴	1
鈽	1
衇	1
垧	1
纍	1
膿	1
廣	1
啎	1
療	1
奂	1
嶼	1
疬	1
鹁	1
漬	1
鐳	1
巖	1
儻	1
鹧	1
産	1
嘯	1
矾	1
墾	1
寵	1
蔣	1
鳙	1
鶇	1
駢	1
閹	1
斵	1
紡	1
曉	1
鏤	1
偪	1
铖	1
閶	1
齲	1
縂	1
鰾	1
籃	1
讕	1
猻	1
瀘	1
尲	1
減	1
赓	1
棖	1
钷	1
蘞	1
縷	1
坜	1
餡	1
飫	1
嘔	1
獼	1
殤	1
糸	1
撅	1
賕	1
蹤	1
隻	1
棃	1
圍	1
焘	1
觎	1
騾	1
绡	1
蒐	1
匱	1
儂	1
锬	1
紺	1
諭	1
潄	1
俟	1
齬	1
舻	1
齊	1
堖	1
媪	1
啖	1
鷥	1
牆	1
匲	1
渾	1
狽	1
饧	1
玨	1
堙	1
啭	1
鯖	1
彈	1
镞	1
圹	1
懶	1
飈	1
處	1
啗	1
發	1
谟	1
鲴	1
筚	1
傭	1
鉸	1
鮮	1
樺	1
婶	1
偾	1
緙	1
嗶	1
躒	1
讜	1
鍃	1
颯	1
勛	1
芗	1
違	1
璎	1
钫	1
纟	1
欽	1
銓	1
卹	1
蕭	1
玀	1
檁	1
廟	1
筍	1
锘	1
磧	1
鳧	1
澁	1
鳋	1
燦	1
鹪	1
鳃	1
綱	1
鴣	1
餈	1
鉋	1
睪	1
癥	1
談	1
遲	1
斮	1
蹕	1
谔	1
經	1
絀	1
顳	1
剋	1
薔	1
紙	1
畊	1
莶	1
嫺	1
贐	1
锟	1
诽	1
熱	1
嬰	1
呌	1
撟	1
檻	1
濃	1
漸	1
铉	1
帶	1
湯	1
贊	1
糰	1
蓡	1
爗	1
縞	1
菓	1
輻	1
匳	1
銫	1
箧	1
顛	1
粧	1
敕	1
揫	1
閤	1
籲	1
銻	1
铥	1
艤	1
敍	1
淥	1
冁	1
黲	1
糶	1
餧	1
閥	1
僑	1
祕	1
訌	1
粵	1
梘	1
驺	1
潆	1
觊	1
銠	1
點	1
拕	1
镡	1
镫	1
裊	1
諺	1
辚	1
醼	1
譎	1
獭	1
輝	1
鐿	1
耧	1
夥	1
顋	1
靜	1
蕒	1
潰	1
欄	1
癧	1
絏	1
無	1
飯	1
聹	1
礫	1
暢	1
萬	1
蕲	1
齏	1
紼	1
滿	1
頇	1
眥	1
員	1
絝	1
鬩	1
撵	1
铼	1
鋰	1
麐	1
沓	1
餍	1
鋇	1
镩	1
蔞	1
緄	1
歿	1
顧	1
僉	1
潑	1
跞	1
趸	1
虱	1
鎮	1
傷	1
皸	1
缳	1
鰵	1
慫	1
槃	1
魉	1
靂	1
骷	1
槨	1
绾	1
铱	1
儕	1
鮚	1
咙	1
驵	1
钌	1
搂	1
搥	1
恻	1
綴	1
閙	1
攬	1
體	1
拮	1
擾	1
鋜	1
埚	1
綆	1
敗	1
庫	1
莧	1
驗	1
荛	1
埛	1
蜖	1
槓	1
顰	1
麯	1
穽	1
瞘	1
該	1
摅	1
偽	1
坰	1
蓽	1
餿	1
殻	1
雖	1
瓌	1
隱	1
櫨	1
狹	1
譔	1
僥	1
綺	1
鳅	1
璉	1
陝	1
斂	1
壽	1
濬	1
氈	1
鸢	1
鲠	1
懲	1
韞	1
烴	1
閫	1
殚	1
種	1
査	1
獾	1
幀	1
鯛	1
倐	1
廩	1
愽	1
楦	1
铰	1
禪	1
摟	1
瘉	1
覘	1
堯	1
鄲	1
鴯	1
識	1
誚	1
巵	1
長	1
鍔	1
細	1
臯	1
犛	1
偺	1
銃	1
製	1
喑	1
屦	1
铄	1
謄	1
鲼	1
蛺	1
鈔	1
堊	1
陗	1
茑	1
輭	1
讫	1
幣	1
擴	1
鬉	1
綸	1
兇	1
奬	1
驽	1
鞑	1
壘	1
鲭	1
垆	1
腼	1
齶	1
鄉	1
呪	1
锆	1
泝	1
蝈	1
靭	1
踡	1
蟇	1
緣	1
沄	1
郃	1
骢	1
難	1
褳	1
諤	1
钿	1
嶁	1
犧	1
詬	1
災	1
扡	1
靈	1
釅	1
腽	1
鰌	1
灕	1
纰	1
擯	1
嬤	1
竪	1
衊	1
孿	1
曏	1
桿	1
饗	1
瓔	1
廁	1
蛲	1
複	1
齪	1
覇	1
鷳	1
堅	1
鏽	1
甌	1
棂	1
洶	1
饉	1
榿	1
確	1
櫛	1
鏢	1
兒	1
鐙	1
莜	1
驢	1
獸	1
魷	1
彌	1
遝	1
緜	1
鵲	1
桡	1
轳	1
讞	1
撺	1
嗎	1
閔	1
縊	1
紉	1
眡	1
褂	1
錦	1
虵	1
鑤	1
処	1
橥	1
轟	1
灘	1
較	1
轸	1
隉	1
羨	1
鬦	1
鍘	1
鏹	1
唚	1
詭	1
槀	1
眦	1
穀	1
睜	1
護	1
鵂	1
綰	1
壠	1
羶	1
戆	1
統	1
錨	1
鑒	1
築	1
颱	1
芲	1
瑋	1
郵	1
様	1
貛	1
爾	1
費	1
暫	1
謹	1
麸	1
罎	1
覽	1
盞	1
铨	1
媧	1
犷	1
雰	1
澱	1
鹺	1
蕪	1
鯧	1
镱	1
蓦	1
绱	1
碁	1
緯	1
墉	1
馔	1
躪	1
诙	1
擼	1
悳	1
蕋	1
颮	1
锊	1
剴	1
實	1
燒	1
躑	1
錯	1
柟	1
嚳	1
摳	1
擧	1
螄	1
呛	1
湧	1
羈	1
櫚	1
連	1
踫	1
轔	1
羃	1
駁	1
榉	1
迆	1
軋	1
隸	1
炝	1
釵	1
躥	1
規	1
搨	1
柩	1
範	1
苈	1
薊	1
卮	1
載	1
鐲	1
騃	1
姙	1
鹼	1
驚	1
掃	1
刧	1
勖	1
剳	1
陸	1
挲	1
嗥	1
討	1
論	1
侶	1
巒	1
嘰	1
奁	1
頷	1
枏	1
質	1
趕	1
崂	1
懍	1
殘	1
寫	1
駙	1
課	1
搆	1
癰	1
觌	1
怱	1
袄	1
唄	1
鲧	1
讁	1
預	1
贲	1
皷	1
趲	1
鎚	1
飱	1
欵	1
繩	1
冺	1
鉑	1
烏	1
鼃	1
谵	1
蜆	1
蠔	1
効	1
硷	1
媿	1
瑙	1
缧	1
屜	1
騏	1
獫	1
邐	1
鱧	1
皲	1
語	1
伥	1
俛	1
鋤	1
垭	1
鼈	1
燉	1
韓	1
撾	1
栎	1
掙	1
痨	1
谿	1
燬	1
鮃	1
舉	1
壟	1
珲	1
鳝	1
襲	1
門	1
脛	1
踯	1
諡	1
斷	1
鳩	1
飚	1
纩	1
铋	1
諐	1
巗	1
兌	1
搾	1
獃	1
燻	1
跸	1
濘	1
謬	1
瘋	1
賦	1
駿	1
呙	1
阗	1
缛	1
璽	1
歛	1
撈	1
抟	1
滷	1
卍	1
墖	1
甦	1
蟁	1
嶴	1
鉤	1
寬	1
蕁	1
鸌	1
闶	1
縵	1
夀	1
鳕	1
殫	1
鄧	1
厣	1
轾	1
嘗	1
筞	1
钤	1
嬝	1
齟	1
謎	1
詮	1
嶇	1
淵	1
绀	1
阍	1
哓	1
菑	1
厴	1
郏	1
揀	1
眾	1
锭	1
謐	1
煑	1
軍	1
搇	1
覓	1
砀	1
钁	1
鴈	1
鉅	1
囀	1
黃	1
訂	1
劄	1
鉀	1
緻	1
黿	1
鬱	1
創	1
谘	1
飼	1
彫	1
懨	1
稜	1
鯿	1
蠑	1
鍼	1
肷	1
鲔	1
賽	1
傾	1
鯔	1
刪	1
鲐	1
纫	1
謨	1
蜺	1
灩	1
頁	1
迻	1
邝	1
诘	1
讓	1
訢	1
貰	1
翹	1
稺	1
勢	1
蔹	1
島	1
擕	1
鷯	1
诨	1
酧	1
壄	1
緦	1
縈	1
儘	1
娆	1
潿	1
國	1
诒	1
輒	1
縉	1
匭	1
輿	1
禩	1
癤	1
剀	1
绠	1
绋	1
諱	1
淛	1
疇	1
髖	1
鍰	1
諏	1
钶	1
雜	1
淒	1
儸	1
醖	1
摣	1
竈	1
嵝	1
鷼	1
颼	1
籤	1
歡	1
證	1
辔	1
齇	1
嚏	1
岘	1
彆	1
讪	1
鏜	1
辯	1
咼	1
铯	1
攖	1
瘿	1
毆	1
盪	1
幬	1
陧	1
勻	1
鰹	1
歗	1
谝	1
鞌	1
狀	1
蹿	1
帚	1
颏	1
酽	1
勞	1
餅	1
礬	1
韋	1
凼	1
懾	1
綹	1
闩	1
誑	1
堦	1
龉	1
锇	1
饈	1
嶄	1
渌	1
踬	1
掼	1
義	1
購	1
詵	1
饊	1
钍	1
賍	1
糧	1
韁	1
纭	1
忤	1
擊	1
芈	1
溈	1
鲷	1
荮	1
抡	1
啮	1
鵰	1
準	1
鈴	1
攆	1
妬	1
阊	1
慟	1
撿	1
膠	1
燴	1
旂	1
鄖	1
鈑	1
娛	1
鄘	1
麤	1
饍	1
搀	1
鞵	1
剛	1
構	1
鳆	1
蔼	1
紿	1
铡	1
圓	1
謀	1
憮	1
壻	1
慪	1
澩	1
諦	1
虿	1
簾	1
薮	1
谙	1
撦	1
葯	1
頓	1
钹	1
掸	1
軸	1
獪	1
嫔	1
滲	1
鴰	1
纜	1
賻	1
餾	1
羣	1
樞	1
辏	1
慙	1
鳗	1
瑯	1
遡	1
們	1
浍	1
肧	1
廠	1
鰓	1
監	1
輇	1
滠	1
棄	1
緊	1
顆	1
躦	1
埳	1
謔	1
敵	1
膾	1
碼	1
贽	1
縶	1
偘	1
唸	1
钴	1
飇	1
籴	1
龐	1
觏	1
鯡	1
愆	1
許	1
錠	1
撐	1
殮	1
電	1
僕	1
鑵	1
碜	1
豔	1
嘠	1
暠	1
鵠	1
謊	1
臕	1
頻	1
闱	1
聞	1
歸	1
營	1
鸬	1
晻	1
郦	1
鐐	1
蝨	1
鎿	1
轵	1
聶	1
湻	1
攛	1
祗	1
饅	1
饃	1
缢	1
癆	1
缫	1
巰	1
刦	1
碷	1
玑	1
挢	1
骡	1
鞉	1
獘	1
垛	1
觸	1
殒	1
窭	1
聲	1
莴	1
閲	1
貓	1
凜	1
錾	1
琿	1
畧	1
钣	1
骊	1
轉	1
皜	1
曠	1
鄔	1
資	1
掄	1
邨	1
関	1
蕷	1
篓	1
艙	1
镗	1
遞	1
灃	1
讖	1
閌	1
櫻	1
钏	1
翫	1
虛	1
薑	1
枞	1
鈞	1
華	1
翳	1
輜	1
揹	1
頹	1
鸩	1
泯	1
巯	1
脈	1
黪	1
鹋	1
楨	1
懕	1
谳	1
甖	1
窶	1
飃	1
驟	1
譭	1
鏚	1
鏷	1
惥	1
唕	1
緔	1
亯	1
騍	1
枨	1
餒	1
鹄	1
鈐	1
鳐	1
稅	1
锞	1
澆	1
鑼	1
韪	1
編	1
諢	1
癅	1
溆	1
競	1
崙	1
钔	1
堘	1
囙	1
颦	1
铛	1
練	1
晳	1
羗	1
膩	1
紀	1
陘	1
铧	1
塏	1
猨	1
勦	1
巋	1
犇	1
杩	1
謠	1
蟲	1
腸	1
餌	1
鷚	1
糁	1
鋸	1
啑	1
鬚	1
繆	1
詶	1
毵	1
達	1
攝	1
醫	1
鵝	1
籠	1
蕆	1
瘗	1
飜	1
琱	1
蒓	1
荜	1
況	1
僂	1
躊	1
綳	1
莼	1
闥	1
險	1
氹	1
畢	1
馊	1
瀠	1
緞	1
淨	1
餳	1
樓	1
讵	1
寘	1
饷	1
尋	1
壩	1
锾	1
櫞	1
獰	1
砜	1
顫	1
薩	1
嚇	1
綢	1
賃	1
蘢	1
鸫	1
詒	1
贅	1
檣	1
順	1
缜	1
鍍	1
鄕	1
囬	1
齒	1
訁	1
岅	1
铘	1
蘤	1
蚘	1
齧	1
噲	1
轺	1
崑	1
锝	1
襆	1
袠	1
飠	1
錟	1
鈄	1
蓋	1
驷	1
錢	1
蝟	1
薦	1
髏	1
頦	1
舘	1
齡	1
學	1
皺	1
稆	1
亵	1
蹵	1
戋	1
風	1
锫	1
綑	1
濁	1
欒	1
銪	1
畫	1
詆	1
殓	1
擷	1
櫂	1
鹂	1
頭	1
釦	1
恿	1
濤	1
殭	1
褴	1
誒	1
脫	1
鍶	1
強	1
癮	1
鸛	1
哢	1
蕘	1
诮	1
籼	1
哝	1
燈	1
劒	1
椤	1
耬	1
廂	1
藹	1
暎	1
鬁	1
袒	1
觶	1
趱	1
僱	1
嬾	1
魇	1
閽	1
俪	1
嶧	1
庻	1
覿	1
縐	1
麗	1
婬	1
钨	1
筦	1
泺	1
谀	1
钐	1
镝	1
當	1
郄	1
躳	1
谗	1
鳥	1
砧	1
谚	1
鑿	1
瘖	1
稭	1
鯁	1
琹	1
甎	1
績	1
盇	1
爛	1
執	1
銑	1
擄	1
閭	1
舣	1
痖	1
镏	1
鼋	1
宮	1
鸷	1
賣	1
睏	1
淶	1
嵐	1
朢	1
產	1
嘸	1
霑	1
陽	1
頜	1
豬	1
钎	1
獨	1
薺	1
倣	1
覩	1
顔	1
東	1
鳜	1
軟	1
逩	1
锼	1
鏘	1
覜	1
鲋	1
昰	1
縋	1
貞	1
鍬	1
翺	1
穨	1
誕	1
遜	1
蜋	1
儵	1
絆	1
惻	1
骯	1
谆	1
參	1
鐺	1
铞	1
迴	1
塊	1
灄	1
靣	1
粺	1
鍁	1
螢	1
韆	1
諜	1
弪	1
骝	1
鯝	1
唢	1
釺	1
條	1
狲	1
賤	1
藥	1
釷	1
挐	1
毘	1
癢	1
谶	1
鞒	1
骘	1
锒	1
詛	1
萇	1
蟆	1
餓	1
劊	1
喾	1
埙	1
嫰	1
恠	1
鸵	1
龌	1
繢	1
卐	1
獲	1
灧	1
脗	1
攣	1
籪	1
辘	1
轢	1
冱	1
攄	1
銱	1
嫻	1
啬	1
徇	1
穭	1
禍	1
辤	1
壜	1
梱	1
綾	1
槔	1
耮	1
绗	1
氩	1
輯	1
億	1
陳	1
鷦	1
竅	1
亖	1
舖	1
薌	1
茲	1
騣	1
試	1
篩	1
粃	1
詢	1
牓	1
縱	1
棲	1
蝳	1
廐	1
觐	1
垴	1
纘	1
賑	1
鳊	1
劢	1
祿	1
鲲	1
鶻	1
嬪	1
緒	1
鲇	1
躚	1
籢	1
鱘	1
庑	1
慼	1
頌	1
蝾	1
獎	1
紗	1
齎	1
搗	1
軺	1
噉	1
釀	1
羆	1
銥	1
貴	1
癱	1
皿	1
觕	1
艦	1
衮	1
燾	1
賬	1
钺	1
頗	1
嵛	1
蟻	1
閂	1
騫	1
箏	1
肅	1
颳	1
戶	1
岽	1
轲	1
齦	1
辳	1
隣	1
陉	1
邺	1
灣	1
籮	1
橋	1
糴	1
瀝	1
譜	1
銦	1
髕	1
怳	1
誨	1
摜	1
躏	1
嫒	1
鴆	1
箠	1
諄	1
裦	1
癯	1
澐	1
娲	1
塒	1
璢	1
鸎	1
闢	1
罋	1
诰	1
譖	1
赙	1
紂	1
龛	1
覈	1
蹰	1
篤	1
鱈	1
峴	1
憐	1
潛	1
蜥	1
賂	1
懣	1
瑤	1
镦	1
頎	1
蛱	1
驂	1
擞	1
蕓	1
獋	1
紇	1
櫧	1
潤	1
贶	1
瀨	1
節	1
蓣	1
鰐	1
顱	1
燿	1
鍇	1
脶	1
夾	1
閎	1
驤	1
鸹	1
憤	1
鐧	1
擡	1
鲢	1
審	1
闖	1
嬷	1
豎	1
篠	1
濕	1
倆	1
擇	1
滸	1
沤	1
鯪	1
闆	1
谥	1
慘	1
軼	1
蟶	1
軫	1
箦	1
逈	1
繅	1
缁	1
諉	1
揮	1
瀾	1
禿	1
帼	1
縑	1
鲺	1
髣	1
勳	1
踴	1
繪	1
櫫	1
韉	1
葷	1
灋	1
鈦	1
艱	1
濾	1
閱	1
鑔	1
厰	1
敘	1
铈	1
堝	1
綏	1
紋	1
賭	1
匄	1
臘	1
瀲	1
馓	1
垩	1
凟	1
珏	1
賉	1
挱	1
銬	1
缦	1
侖	1
昜	1
鉦	1
伕	1
饌	1
鯗	1
團	1
渙	1
硖	1
術	1
擣	1
嘵	1
訴	1
糇	1
埘	1
槧	1
崠	1
阋	1
籥	1
漣	1
瓏	1
銹	1
蛔	1
溫	1
锛	1
詎	1
镒	1
龆	1
涣	1
镅	1
褻	1
锸	1
墝	1
鎰	1
砻	1
織	1
單	1
堑	1
跴	1
鲽	1
盌	1
負	1
蹚	1
驁	1
鎩	1
迤	1
賈	1
诤	1
辁	1
詞	1
係	1
黴	1
忾	1
榈	1
領	1
阯	1
蛏	1
膻	1
勸	1
鰍	1
钅	1
鯫	1
窪	1
嚐	1
孫	1
呖	1
蘊	1
鸲	1
凫	1
厍	1
譚	1
铀	1
郧	1
來	1
衕	1
樅	1
竊	1
憑	1
慣	1
卻	1
簖	1
椗	1
怆	1
驥	1
樷	1
镥	1
鲂	1
勵	1
虧	1
鲰	1
擻	1
滗	1
鑌	1
叢	1
鈅	1
伛	1
譾	1
鶩	1
騎	1
彎	1
帥	1
鹚	1
覷	1
跥	1
疿	1
饨	1
觇	1
臝	1
牽	1
鈣	1
駛	1
艹	1
蟣	1
廚	1
檳	1
鲦	1
譙	1
誦	1
飩	1
嘑	1
爲	1
縫	1
厲	1
樁	1
鴝	1
閑	1
駭	1
螡	1
遺	1
鋮	1
釘	1
尅	1
跄	1
隴	1
貿	1
釋	1
鄆	1
荥	1
痠	1
啣	1
掽	1
槳	1
瓚	1
鎢	1
韤	1
藺	1
遷	1
铷	1
農	1
悶	1
礦	1
哜	1
镭	1
忏	1
砲	1
饯	1
徹	1
轅	1
鉗	1
垜	1
谂	1
蜷	1
傑	1
鹑	1
鎖	1
桢	1
損	1
茕	1
腦	1
榷	1
輛	1
曖	1
沣	1
栉	1
斃	1
韙	1
滎	1
琍	1
猙	1
鵞	1
虮	1
渦	1
駐	1
玆	1
馕	1
蝸	1
淚	1
碛	1
鼕	1
親	1
絃	1
嘖	1
牋	1
铢	1
鳶	1
責	1
鈎	1
濫	1
輥	1
臚	1
郤	1
哶	1
蒔	1
淩	1
縹	1
諧	1
峒	1
懌	1
鈾	1
殞	1
騭	1
騙	1
貲	1
藎	1
顥	1
粬	1
瀕	1
縛	1
钜	1
讐	1
傧	1
餽	1
鼇	1
輕	1
雛	1
茏	1
鏃	1
侪	1
賜	1
幫	1
垲	1
墳	1
濶	1
铹	1
鲎	1
鹱	1
锪	1
鈥	1
貪	1
閘	1
釔	1
嘜	1
鷗	1
闔	1
煉	1
櫺	1
嶠	1
飢	1
觋	1
燜	1
椁	1
炀	1
併	1
匃	1
徠	1
穌	1
苎	1
癄	1
鹆	1
箋	1
臓	1
贜	1
攷	1
僞	1
倫	1
翶	1
蓧	1
贄	1
鹈	1
艫	1
諳	1
盤	1
讌	1
誠	1
錸	1
蔆	1
馁	1
紲	1
镢	1
嗩	1
膚	1
賞	1
馍	1
孼	1
刭	1
貝	1
漢	1
掳	1
碸	1
竝	1
肮	1
鉍	1
軀	1
糝	1
鍥	1
诔	1
聼	1
煥	1
龅	1
喚	1
钒	1
辂	1
缯	1
園	1
翱	1
聰	1
钕	1
醬	1
鋥	1
譫	1
铒	1
儼	1
墪	1
斕	1
隄	1
題	1
鉭	1
鏞	1
亱	1
窺	1
猬	1
赆	1
誄	1
棰	1
鈮	1
珮	1
隨	1
觯	1
缙	1
噦	1
潔	1
洩	1
剝	1
穉	1
匵	1
悭	1
殀	1
疠	1
穑	1
氬	1
蓴	1
習	1
刿	1
浃	1
汎	1
闋	1
牦	1
荨	1
鄶	1
谤	1
鬮	1
埜	1
緝	1
凖	1
跡	1
煅	1
鋁	1
隂	1
轂	1
黉	1
逦	1
蹣	1
瓒	1
糢	1
炤	1
澀	1
覲	1
綽	1
調	1
閨	1
覔	1
視	1
盍	1
訶	1
膑	1
赅	1
晔	1
鹛	1
飓	1
蘇	1
鴇	1
脃	1
鱔	1
黌	1
誰	1
鯇	1
鉬	1
踐	1
撓	1
慮	1
覺	1
饣	1
骣	1
駘	1
襍	1
礪	1
铆	1
墻	1
朧	1
摈	1
鲒	1
鳓	1
悤	1
撫	1
罷	1
麵	1
秌	1
镨	1
谡	1
傖	1
貽	1
璣	1
鋌	1
煒	1
醞	1
頑	1
鯉	1
赉	1
繞	1
缄	1
齑	1
牠	1
鐮	1
慇	1
泷	1
鲡	1
禦	1
罰	1
騰	1
牘	1
賛	1
慚	1
詔	1
颔	1
鏈	1
鯤	1
倀	1
趙	1
恹	1
饫	1
轍	1
鲩	1
燁	1
覬	1
綃	1
孌	1
漿	1
疴	1
贳	1
蹑	1
攢	1
蹏	1
駮	1
議	1
隖	1
贓	1
譟	1
鱭	1
詡	1
矴	1
竇	1
镐	1
買	1
軻	1
挿	1
鼹	1
嚨	1
鞦	1
傯	1
滬	1
穅	1
阆	1
縭	1
僅	1
椟	1
匟	1
燙	1
诟	1
缃	1
骈	1
絷	1
阖	1
惏	1
銚	1
噥	1
敭	1
轭	1
攏	1
阃	1
訟	1
遠	1
毧	1
呂	1
鑾	1
遼	1
囌	1
儀	1
壞	1
蜨	1
藍	1
撥	1
曄	1
紹	1
缽	1
獅	1
憂	1
硃	1
礮	1
鋒	1
囘	1
臨	1
绲	1
緘	1
塗	1
銖	1
縧	1
癒	1
甕	1
繯	1
鋝	1
餃	1
塢	1
類	1
绌	1
獺	1
隷	1
摑	1
賚	1
韝	1
拄	1
衛	1
墜	1
磽	1
廢	1
閩	1
绻	1
鐘	1
絎	1
鳎	1
儐	1
閣	1
鐨	1
鑥	1
極	1
諫	1
協	1
颞	1
饩	1
鐦	1
餬	1
戧	1
盧	1
話	1
绉	1
將	1
傥	1
緋	1
顦	1
蛕	1
櫓	1
咝	1
钯	1
鲛	1
遊	1
熒	1
儺	1
貧	1
讒	1
恆	1
鎳	1
臺	1
柺	1
鋏	1
絲	1
鮞	1
嬙	1
挾	1
請	1
涞	1
跼	1
輞	1
菴	1
峽	1
帙	1
烩	1
襠	1
揚	1
嶺	1
瘻	1
磚	1
鍤	1
鉕	1
絹	1
紱	1
怿	1
剷	1
瘪	1
麪	1
網	1
偵	1
芻	1
韻	1
罴	1
層	1
爍	1
貯	1
櫝	1
針	1
鱉	1
糉	1
捨	1
镆	1
証	1
專	1
莳	1
掴	1
躕	1
幑	1
諾	1
補	1
釙	1
咛	1
騁	1
粜	1
絕	1
脣	1
啟	1
誣	1
瀆	1
橈	1
亁	1
瘍	1
諒	1
鈈	1
阨	1
籐	1
铍	1
妝	1
側	1
趨	1
謝	1
訐	1
閻	1
娿	1
檝	1
逕	1
癭	1
嗁	1
鈡	1
屬	1
價	1
孃	1
亾	1
骠	1
鴨	1
儷	1
鐒	1
谑	1
胭	1
髅	1
駟	1
蚬	1
賡	1
勝	1
鼴	1
飭	1
興	1
鵶	1
荭	1
賾	1
鹹	1
儈	1
據	1
肎	1
轷	1
輸	1
頂	1
餷	1
納	1
診	1
麅	1
塤	1
礎	1
蛻	1
渎	1
跖	1
俁	1
稈	1
聍	1
誥	1
鈁	1
徴	1
鵬	1
郓	1
鋻	1
敺	1
疘	1
驛	1
匕	1
馬	1
悅	1
铿	1
憇	1
盜	1
蘚	1
欞	1
狥	1
慄	1
佔	1
瑩	1
锑	1
竢	1
毉	1
臍	1
鉞	1
機	1
鉢	1
岖	1
嗫	1
扦	1
熾	1
騶	1
绺	1
鹞	1
镬	1
煩	1
茔	1
簽	1
诧	1
竚	1
蕢	1
鴕	1
閾	1
憫	1
縣	1
撄	1
現	1
枴	1
荳	1
訦	1
鐠	1
榖	1
糹	1
脩	1
硗	1
醻	1
偻	1
譯	1
鋼	1
鏡	1
鶘	1
乗	1
獁	1
簣	1
鎧	1
妷	1
褸	1
崍	1
猂	1
痱	1
綵	1
轄	1
晉	1
廈	1
慴	1
歟	1
陻	1
栀	1
釁	1
诓	1
囵	1
噁	1
儁	1
棗	1
澇	1
铗	1
羢	1
佇	1
滌	1
坿	1
褲	1
擰	1
輪	1
煇	1
裣	1
適	1
飛	1
餼	1
壎	1
賫	1
測	1
籩	1
終	1
謗	1
鳴	1
齄	1
篳	1
懷	1
鰠	1
錄	1
噹	1
捻	1
踌	1
瓈	1
蔭	1
檸	1
赝	1
亞	1
篋	1
顏	1
珐	1
銘	1
閧	1
氲	1
獵	1
誖	1
額	1
鸝	1
臸	1
缏	1
胷	1
矚	1
驀	1
鈰	1
磯	1
鹸	1
祢	1
鲟	1
誌	1
鉉	1
讚	1
骟	1
诎	1
鈷	1
還	1
莊	1
撃	1
鞾	1
懔	1
窓	1
鳔	1
艕	1
組	1
毿	1
趂	1
緡	1
齋	1
檾	1
戔	1
兗	1
漲	1
結	1
襢	1
腳	1
蟬	1
鍛	1
缒	1
鍩	1
鉈	1
鹨	1
諷	1
笾	1
譁	1
釬	1
鶓	1
顢	1
鬃	1
徃	1
貺	1
廬	1
鰥	1
剄	1
椀	1
從	1
衞	1
鬢	1
銳	1
釗	1
歎	1
綿	1
羅	1
耡	1
筧	1
潁	1
鎦	1
锉	1
妪	1
蝕	1
詘	1
講	1
筯	1
蘂	1
矙	1
襖	1
鑪	1
橼	1
玳	1
鸪	1
梟	1
潷	1
鲵	1
張	1
遙	1
鯰	1
覰	1
瓊	1
賀	1
紈	1
虬	1
鍵	1
曇	1
飾	1
鈍	1
繰	1
喬	1
颀	1
誆	1
暉	1
繃	1
慂	1
缰	1
選	1
騅	1
嘮	1
蓆	1
腡	1
嬀	1
說	1
遌	1
暱	1
鰲	1
蔔	1
镂	1
儔	1
狍	1
録	1
姉	1
繳	1
瘧	1
蛳	1
嵗	1
頸	1
鏗	1
緩	1
擋	1
汙	1
邊	1
問	1
諂	1
珎	1
槿	1
窩	1
贋	1
欏	1
駝	1
毬	1
鮪	1
鹎	1
煢	1
餑	1
奮	1
吳	1
诼	1
簡	1
噓	1
鎘	1
赜	1
賢	1
蹌	1
龋	1
墮	1
運	1
骒	1
鏇	1
櫈	1
柵	1
癘	1
钇	1
輅	1
馱	1
顸	1
疖	1
鈺	1
鈸	1
櫥	1
夘	1
褓	1
桤	1
鏟	1
棬	1
慍	1
諍	1
蕕	1
縴	1
誤	1
淺	1
鷀	1
颶	1
贏	1
燐	1
關	1
際	1
辦	1
惱	1
柽	1
涠	1
禮	1
荪	1
纖	1
魎	1
虜	1
蟄	1
滯	1
韃	1
鰱	1
臤	1
旾	1
慳	1
摯	1
枧	1
鯴	1
缟	1
騸	1
崗	1
鰩	1
俦	1
駔	1
鈳	1
倖	1
碇	1
圎	1
搖	1
恡	1
撣	1
鱷	1
償	1
裌	1
刍	1
淪	1
膽	1
瞼	1
穡	1
噝	1
詼	1
媯	1
狈	1
鷹	1
爺	1
栊	1
谠	1
崢	1
镳	1
鑲	1
鞴	1
潯	1
犂	1
佥	1
瞖	1
奩	1
澤	1
驅	1
釣	1
馑	1
幗	1
鎇	1
鄺	1
昇	1
濟	1
锍	1
绢	1
惡	1
黷	1
辢	1
誘	1
繮	1
嬭	1
绔	1
栁	1
欤	1
綁	1
瑪	1
鸸	1
硶	1
粝	1
爭	1
臋	1
贛	1
釓	1
誼	1
悫	1
寧	1
緐	1
鏨	1
懟	1
阒	1
龜	1
辠	1
葒	1
憶	1
跹	1
鹵	1
離	1
苁	1
闈	1
錛	1
圜	1
鏑	1
啞	1
腫	1
粦	1
婭	1
簒	1
備	1
袞	1
叡	1
撚	1
襯	1
谪	1
蠆	1
鷙	1
牐	1
欑	1
痾	1
車	1
鵡	1
黽	1
鮎	1
儅	1
氷	1
頤	1
唫	1
烖	1
劇	1
儲	1
奪	1
璦	1
榦	1
飽	1
頡	1
遯	1
續	1
姪	1
檩	1
屢	1
硯	1
嚦	1
訊	1
喲	1
潴	1
绫	1
誊	1
鞏	1
塵	1
讥	1
帱	1
窮	1
梔	1
葤	1
屆	1
滟	1
殺	1
妩	1
繡	1
歐	1
館	1
楓	1
椶	1
賅	1
鋶	1
過	1
讎	1
報	1
叽	1
挞	1
戀	1
桺	1
蹒	1
壯	1
缋	1
熗	1
眎	1
濱	1
倉	1
軌	1
鱗	1
鮒	1
觔	1
谲	1
維	1
餱	1
餛	1
軾	1
鐝	1
儹	1
戠	1
痐	1
呓	1
谫	1
涖	1
項	1
镓	1
镌	1
冐	1
與	1
讴	1
輔	1
懽	1
莢	1
噅	1
诜	1
須	1
娬	1
喋	1
鲑	1
羋	1
艢	1
蓀	1
怄	1
赇	1
馳	1
財	1
琯	1
灑	1
酈	1
鍋	1
渑	1
喦	1
蠻	1
闞	1
漵	1
鏵	1
進	1
骜	1
盃	1
恸	1
劃	1
櫪	1
铽	1
牀	1
鉄	1
歲	1
禰	1
簷	1
闼	1
黾	1
赈	1
铳	1
線	1
嚮	1
謼	1
雝	1
謂	1
繙	1
計	1
廵	1
镲	1
灤	1
搶	1
闇	1
荬	1
鐃	1
懑	1
椠	1
餹	1
獷	1
臟	1
槩	1
莸	1
紐	1
鴿	1
佀	1
鑭	1
驄	1
濰	1
敂	1
圖	1
贗	1
窰	1
皁	1
諸	1
滅	1
鲻	1
缲	1
躰	1
藶	1
诖	1
緥	1
劌	1
瘂	1
銕	1
內	1
蓠	1
韌	1
虯	1
蕎	1
螘	1
铫	1
钬	1
偸	1
釕	1
齷	1
跤	1
铌	1
銮	1
饋	1
鹳	1
鸱	1
峩	1
賴	1
蹺	1
鱟	1
緗	1
滙	1
踰	1
铕	1
迺	1
侩	1
縯	1
鵯	1
鮁	1
纓	1
餞	1
鹕	1
侷	1
钼	1
婁	1
訓	1
鍫	1
屨	1
罇	1
櫬	1
楥	1
姍	1
垵	1
嫱	1
鶥	1
蠣	1
檯	1
躜	1
嶗	1
崬	1
飧	1
铴	1
鏌	1
衖	1
鋪	1
閿	1
绐	1
櫃	1
綣	1
腖	1
擲	1
廼	1
烬	1
鬆	1
俣	1
蒌	1
镪	1
蹴	1
繕	1
陰	1
屍	1
嚶	1
蟎	1
镉	1
牴	1
鵑	1
汚	1
懇	1
骐	1
鹇	1
訪	1
鞽	1
蓯	1
犢	1
燭	1
賮	1
數	1
蓥	1
镙	1
凍	1
誅	1
馐	1
鉻	1
頫	1
愨	1
鲚	1
鍆	1
謫	1
臥	1
髌	1
銣	1
囅	1
篹	1
臠	1
攩	1
糠	1
缎	1
筆	1
鷓	1
秈	1
硨	1
朶	1
鰷	1
廹	1
藷	1
涇	1
戰	1
躶	1
颃	1
嫵	1
締	1
媮	1
岙	1
腭	1
蟀	1
覯	1
諗	1
瞇	1
滄	1
錮	1
爐	1
麩	1
詩	1
碪	1
顬	1
僊	1
釒	1
瑠	1
阚	1
檢	1
嚻	1
箇	1
狷	1
锴	1
鹣	1
霧	1
異	1
裥	1
釩	1
櫳	1
斲	1
鴉	1
刽	1
輟	1
诌	1
鎵	1
喪	1
夢	1
饬	1
丟	1
闕	1
勗	1
埶	1
嚥	1
愷	1
誹	1
鯀	1
錈	1
癲	1
戩	1
錚	1
缗	1
畝	1
鞯	1
裆	1
錫	1
鶚	1
龃	1
鈧	1
禱	1
勱	1
檜	1
鴛	1
軹	1
襝	1
苧	1
隕	1
胪	1
崐	1
颢	1
戼	1
箩	1
轹	1
鶯	1
雙	1
骀	1
緇	1
龔	1
钽	1
薙	1
詣	1
疉	1
鯨	1
鋟	1
撳	1
桧	1
蔾	1
鎋	1
婀	1
囪	1
橹	1
铪	1
顯	1
缱	1
鋱	1
頊	1
靥	1
箸	1
劉	1
謙	1
疟	1
刼	1
蹠	1
躡	1
氣	1
驸	1
憚	1
騮	1
願	1
谇	1
偉	1
躓	1
厩	1
阉	1
颉	1
鑹	1
辮	1
絨	1
邬	1
鐋	1
郐	1
馭	1
寀	1
鞀	1
璿	1
锗	1
麞	1
糾	1
禎	1
鯢	1
鑽	1
厠	1
蕿	1
鬨	1
谌	1
厙	1
蘺	1
槍	1
觀	1
騷	1
棟	1
釃	1
颧	1
絛	1
罂	1
钭	1
壙	1
銩	1
馇	1
軲	1
嬌	1
蠱	1
詐	1
锃	1
棧	1
躋	1
癬	1
戗	1
绁	1
鲞	1
轆	1
苋	1
顎	1
魚	1
懸	1
苘	1
銼	1
坵	1
龊	1
龍	1
綜	1
閉	1
缍	1
穫	1
鏝	1
緤	1
铩	1
養	1
並	1
谖	1
輦	1
裝	1
訝	1
氳	1
廕	1
氌	1
貢	1
谕	1
帬	1
锢	1
铑	1
輩	1
彥	1
跺	1
揸	1
粇	1
枥	1
愛	1
鬥	1
飑	1
嗆	1
稗	1
紅	1
穩	1
轡	1
鉺	1
沍	1
嫋	1
锏	1
骧	1
鋦	1
眍	1
帻	1
駒	1
鲆	1
臙	1
鎬	1
錇	1
铟	1
扪	1
傳	1
鷺	1
獄	1
紮	1
楊	1
軒	1
巔	1
衆	1
痙	1
聩	1
賊	1
囯	1
廪	1
俠	1
蝦	1
赂	1
愠	1
鱖	1
瘺	1
殁	1
瀉	1
箒	1
潋	1
峝	1
楳	1
顙	1
愍	1
圅	1
揿	1
魯	1
鰒	1
鬧	1
箨	1
綈	1
鑣	1
獧	1
謖	1
輳	1
廄	1
嶽	1
滾	1
搉	1
謌	1
秕	1
閼	1
煆	1
幞	1
晝	1
哕	1
绨	1
宂	1
唛	1
耢	1
兠	1
猃	1
揑	1
讀	1
鰨	1
捫	1
訃	1
纥	1
餘	1
醜	1
説	1
籌	1
弔	1
詠	1
荤	1
痈	1
嘍	1
匝	1
譽	1
銜	1
缣	1
謳	1
蕚	1
筴	1
閃	1
桊	1
蜴	1
鐫	1
艪	1
嬋	1
莖	1
纨	1
厀	1
掛	1
軤	1
邁	1
馮	1
閬	1
賺	1
颺	1
牍	1
剮	1
飨	1
皰	1
鐸	1
閏	1
亷	1
郟	1
円	1
咴	1
榇	1
蠅	1
篑	1
軛	1
碩	1
犸	1
韫	1
嗚	1
胨	1
滢	1
赀	1
鮑	1
墰	1
奐	1
鲶	1
鶼	1
紕	1
務	1
猶	1
埡	1
漚	1
書	1
簫	1
夠	1
樣	1
檉	1
詰	1
瑣	1
繭	1
驘	1
楫	1
瀅	1
繦	1
繼	1
碭	1
對	1
錁	1
垻	1
搯	1
毀	1
憲	1
纊	1
鑄	1
緍	1
氇	1
餚	1
貶	1
鹫	1
峄	1
瘡	1
锷	1
氂	1
鼉	1
橤	1
為	1
闃	1
砗	1
鬀	1
锨	1
譴	1
紓	1
鈕	1
鍺	1
鰭	1
擁	1
鰈	1
泞	1
迩	1
缡	1
蠶	1
轫	1
霤	1
擬	1
萲	1
罸	1
喆	1
綻	1
恥	1
鸕	1
騐	1
兎	1
靦	1
钪	1
導	1
繽	1
舩	1
蛴	1
裡	1
噴	1
稱	1
轤	1
錳	1
鈀	1
綬	1
戇	1
镛	1
簍	1
阏	1
徕	1
暈	1
濺	1
獻	1
衹	1
蔴	1
倏	1
鲥	1
勅	1
罈	1
訣	1
鲳	1
奧	1
缾	1
鶉	1
钋	1
曡	1
顼	1
鷲	1
怃	1
衚	1
貳	1
霽	1
镊	1
躉	1
矁	1
誶	1
橛	1
職	1
讛	1
簞	1
臒	1
籜	1
诩	1
嗇	1
諛	1
哙	1
緹	1
龀	1
荊	1
賔	1
兖	1
純	1
塟	1
祑	1
呒	1
觑	1
巠	1
鳳	1
齙	1
罏	1
緶	1
積	1
詧	1
壺	1
瀦	1
鑰	1
鑑	1
鹾	1
唣	1
鹽	1
飪	1
橫	1
螞	1
溼	1
贍	1
馥	1
衝	1
蛎	1
玅	1
葉	1
賓	1
訛	1
鹘	1
萊	1
闊	1
劍	1
悵	1
痳	1
橰	1
聵	1
塍	1
薈	1
蔥	1
騗	1
冊	1
鴦	1
嶸	1
捶	1
銀	1
裠	1
瑷	1
襪	1
鮌	1
颿	1
讹	1
隊	1
厤	1
襁	1
蘭	1
煖	1
鋨	1
貨	1
阄	1
擠	1
鲅	1
諼	1
釧	1
犖	1
粰	1
徬	1
誡	1
珉	1
灝	1
谧	1
廝	1
纾	1
脇	1
谄	1
變	1
曬	1
鹌	1
蠍	1
骛	1
饴	1
噸	1
雲	1
飴	1
缑	1
诹	1
蝼	1
賠	1
钡	1
撲	1
镄	1
塋	1
惲	1
欖	1
窯	1
頃	1
笕	1
狞	1
埯	1
鱓	1
饑	1
滛	1
湣	1
詁	1
慾	1
凃	1
幾	1
肐	1
攙	1
鵪	1
凱	1
幘	1
脅	1
硤	1
糍	1
螻	1
賁	1
赕	1
疊	1
漁	1
矇	1
攔	1
謁	1
壚	1
鳇	1
應	1
氾	1
镧	1
憊	1
鶴	1
苌	1
殼	1
锖	1
磣	1
蠟	1
鹬	1
驃	1
阬	1
膘	1
诃	1
牎	1
戬	1
韜	1
緬	1
鵜	1
軔	1
澠	1
訥	1
塚	1
紳	1
販	1
骓	1
檔	1
亙	1
誇	1
塹	1
栌	1
愦	1
癇	1
簀	1
钆	1
鉆	1
缮	1
堃	1
涼	1
沩	1
齠	1
驊	1
聳	1
謅	1
鍀	1
讅	1
澮	1
剐	1
椏	1
駡	1
貸	1
綠	1
覡	1
咩	1
廡	1
讦	1
鬍	1
錕	1
绦	1
鴟	1
託	1
絳	1
瘅	1
鵒	1
詫	1
闌	1
豐	1
筩	1
穎	1
饢	1
縲	1
弳	1
聾	1
鐔	1
愴	1
瀟	1
钸	1
飕	1
櫟	1
鮐	1
總	1
諞	1
獐	1
鸚	1
嬈	1
醤	1
亂	1
飆	1
譌	1
鉿	1
偬	1
債	1
蛰	1
阌	1
羥	1
帳	1
澗	1
懞	1
籟	1
陣	1
響	1
灏	1
蒞	1
麥	1
樑	1
繒	1
擺	1
颥	1
鰣	1
攤	1
諶	1
囈	1
蟈	1
釤	1
貍	1
骾	1
釐	1
囂	1
荦	1
壢	1
懼	1
邇	1
瀋	1
鎪	1
僨	1
绶	1
繫	1
臉	1
鄒	1
則	1
咿	1
镔	1
蘆	1
賸	1
骽	1
龕	1
疎	1
號	1
聯	1
訕	1
輊	1
锱	1
蹧	1
箬	1
缇	1
钚	1
彊	1
鷂	1
膁	1
孪	1
壓	1
髩	1
饝	1
雞	1
瘓	1
娈	1
壇	1
囁	1
銷	1
圇	1
讣	1
宼	1
癉	1
卺	1
骞	1
綞	1
柹	1
艷	1
煙	1
嘆	1
驍	1
囱	1
擱	1
簮	1
橜	1
鐵	1
欬	1
鰳	1
罌	1
伧	1
墊	1
縚	1
礱	1
寶	1
斬	1
艸	1
锩	1
頰	1
諠	1
愜	1
驕	1
觴	1
薟	1
鼍	1
铊	1
谰	1
鱸	1
樸	1
魴	1
厛	1
繚	1
藼	1
饜	1
妫	1
糲	1
飲	1
炕	1
師	1
讠	1
飄	1
繈	1
戹	1
謾	1
撻	1
澂	1
標	1
嬡	1
醃	1
徑	1
諑	1
錐	1
覦	1
浈	1
傴	1
彙	1
堿	1
摻	1
蟋	1
餵	1
癡	1
蒇	1
鸨	1
枒	1
儉	1
豈	1
蘿	1
铤	1
驏	1
黨	1
鎸	1
婦	1
鷰	1
餻	1
冪	1
纏	1
雠	1
評	1
煬	1
箪	1
蘋	1
級	1
鋣	1
兩	1
棊	1
痺	1
輾	1
鋯	1
賧	1
锎	1
彿	1
靚	1
荠	1
钲	1
鎣	1
龇	1
颟	1
瞞	1
脹	1
闳	1
靨	1
籬	1
鯊	1
鈉	1
濼	1
絢	1
缂	1
艣	1
闚	1
蠐	1
镎	1
寜	1
衺	1
恽	1
凴	1
鴻	1
駕	1
峤	1
嚕	1
認	1
邏	1
釹	1
橢	1
崳	1
辫	1
腎	1
綉	1
幃	1
鏍	1
帏	1
塼	1
錙	1
吝	1
攜	1
谮	1
騖	1
铙	1
傢	1
榪	1
鲕	1
訖	1
謚	1
辇	1
葠	1
鱝	1
昬	1
齔	1
巹	1
橇	1
纔	1
彞	1
區	1
愾	1
鸺	1
诬	1
溝	1
鸶	1
诿	1
饒	1
乹	1
顴	1
詿	1
燄	1
觝	1
穢	1
癞	1
鄰	1
傘	1
駑	1
狰	1
鲣	1
燼	1
蘄	1
優	1
幟	1
瀧	1
冄	1
泶	1
譆	1
纡	1
繖	1
赍	1
鑊	1
虖	1
蟯	1
崃	1
瀏	1
鑷	1
綫	1
齣	1
銲	1
鬭	1
吚	1
塲	1
殯	1
轱	1
鵓	1
牕	1
鹩	1
饞	1
鸞	1
鮭	1
閆	1
幙	1
鑛	1
罵	1
氫	1
诲	1
彗	1
稟	1
慶	1
蕩	1
跷	1
阕	1
鲮	1
萵	1
湊	1
琺	1
鈹	1
階	1
倸	1
凣	1
诳	1
縟	1
湞	1
緱	1
驮	1
紜	1
锵	1
嚀	1
傚	1
勣	1
锹	1
镤	1
襇	1
铐	1
紆	1
鋃	1
鋅	1
鎂	1
寢	1
锔	1
鷄	1
鯽	1
鲱	1
鈿	1
褛	1
捄	1
銅	1
颛	1
茘	1
鼬	1
瀰	1
煗	1
矯	1
錶	1
繾	1
闡	1
槑	1
閡	1
螎	1
吣	1
膃	1
糞	1
貫	1
嚙	1
渖	1
裢	1
鄴	1
霛	1
決	1
拏	1
簑	1
黩	1
賄	1
鮫	1
潙	1
鷸	1
闐	1
虺	1
麼	1
舄	1
媼	1
廻	1
絞	1
貼	1
勌	1
顓	1
峯	1
镘	1
耑	1
睠	1
藪	1
桠	1
尷	1
駱	1
諮	1
媽	1
蒼	1
錆	1
剹	1
槕	1
緲	1
撷	1
縮	1
鳘	1
給	1
噠	1
勁	1
贖	1
摶	1
亘	1
喫	1
癩	1
鎊	1
蠏	1
鰻	1
聽	1
鹜	1
篛	1
攪	1
姦	1
訏	1
鳏	1
辋	1
襤	1
睞	1
颡	1
骰	1
岿	1
嫗	1
贈	1
斫	1
鄭	1
戯	1
脔	1
魘	1
樹	1
憒	1
紥	1
慤	1
鍊	1
櫸	1
缵	1
蔦	1
诋	1
驪	1
桮	1
埰	1
鱅	1
荩	1
繹	1
環	1
懃	1
琏	1
髒	1
戲	1
蓑	1
礙	1
輓	1
銨	1
葦	1
懺	1
瑉	1
轎	1
覻	1
靄	1
傩	1
擔	1
齜	1
槼	1
氊	1
瘞	1
蘐	1
韮	1
镣	1
殲	1
狯	1
約	1
樂	1
鑠	1
詳	1
诂	1
纣	1
撡	1
鱺	1
樯	1
鷴	1
鰉	1
彜	1
辭	1
劑	1
嚌	1
頒	1
頽	1
鳢	1
權	1
潟	1
賒	1
锶	1
薹	1
縝	1
匦	1
譏	1
餉	1
鐓	1
纈	1
藝	1
醕	1
臏	1
躍	1
紛	1
蝯	1
摺	1
鳖	1
嘩	1
舊	1
缬	1
缌	1
蔕	1
陞	1
鉚	1
錘	1
雋	1
帀	1
囑	1
悽	1
態	1
鍾	1
嬸	1
酾	1
啓	1
睬	1
鉛	1
锲	1
绂	1
讧	1
饽	1
蹟	1
猡	1
廳	1
槠	1
頏	1
阂	1
辎	1
锓	1
脍	1
