，	2954
的	2653
、	1183
一	937
 	836
不	756
是	739
了	736
。	674
人	612
有	528
在	486
大	445
上	407
中	383
我	369
这	357
会	349
个	336
和	315
为	311
生	303
来	302
出	295
要	293
用	268
国	268
学	266
到	266
自	258
子	254
下	252
可	251
以	249
时	247
就	247
发	247
年	239
能	239
地	239
行	237
他	221
家	219
本	218
分	213
多	209
业	208
成	203
好	202
理	201
定	201
着	201
对	195
也	195
作	194
小	192
你	191
得	191
日	189
事	188
说	186
心	184
高	183
工	183
面	182
性	182
们	180
法	179
过	177
力	177
方	172
于	171
么	168
道	167
天	167
都	166
公	164
动	164
全	162
市	161
化	161
开	161
主	160
后	159
新	159
所	159
实	156
手	155
点	155
体	154
现	152
经	151
合	148
之	147
部	145
看	145
者	144
意	144
长	143
进	140
文	140
前	138
重	138
加	137
产	137
入	136
想	136
无	136
同	134
如	134
情	134
最	133
水	132
度	131
里	131
内	129
数	127
当	126
机	126
金	126
然	125
相	125
三	125
还	123
“	123
没	122
第	121
品	120
通	120
外	120
名	120
建	120
关	118
电	117
起	116
知	116
身	116
期	115
而	114
比	114
那	113
去	113
物	113
表	112
位	112
民	111
代	110
其	109
明	109
很	109
制	109
保	109
教	108
量	107
社	106
正	106
安	106
信	105
区	105
场	105
管	104
二	104
解	103
目	102
利	102
特	102
间	101
应	100
资	100
等	99
回	99
感	98
己	97
次	97
展	97
务	97
果	96
头	96
气	95
种	94
将	93
常	93
口	93
样	91
政	90
车	90
平	89
交	89
十	89
基	88
此	88
两	88
打	87
只	86
美	85
设	85
立	85
山	85
月	84
提	84
格	84
与	83
活	83
程	83
向	83
接	83
什	83
因	82
网	82
色	82
更	81
问	81
题	81
海	81
件	80
受	80
计	80
先	80
老	80
从	78
商	78
科	78
西	78
光	77
原	76
院	76
被	75
真	75
女	75
员	75
直	75
任	75
门	75
处	75
使	74
做	74
她	73
结	73
世	73
报	73
质	73
总	73
取	72
系	71
式	71
少	71
流	71
强	71
单	71
已	70
司	70
给	70
路	70
容	70
风	70
（	70
元	69
万	69
服	69
神	69
几	69
但	68
各	68
料	68
指	67
见	67
眼	67
些	66
收	66
导	66
太	66
病	66
斯	66
：	66
话	64
变	64
价	64
东	64
记	64
技	63
育	63
考	62
集	62
术	62
规	62
造	62
专	62
四	62
书	62
并	61
把	61
别	61
注	61
师	61
线	61
增	61
？	61
放	60
算	60
反	60
清	60
源	60
尔	60
”	60
業	59
据	59
空	59
条	59
南	59
快	59
再	58
示	58
形	58
息	58
城	58
传	58
走	58
配	58
限	58
深	58
视	58
士	58
持	57
白	57
医	57
声	57
求	56
何	56
完	56
必	56
影	56
研	56
组	56
校	56
近	56
器	56
投	56
项	56
战	56
低	56
步	56
由	55
让	55
标	55
非	55
认	55
治	55
觉	55
共	55
转	55
值	55
思	54
统	54
调	54
住	54
确	54
花	54
局	54
今	53
才	53
北	53
装	53
证	53
房	53
企	52
言	52
需	52
界	52
级	52
精	52
周	52
半	52
,	52
至	51
图	51
告	51
素	51
字	51
爱	51
义	51
型	50
类	50
选	50
儿	50
达	50
委	50
血	50
每	49
引	49
办	49
较	49
音	49
观	49
省	49
克	49
及	48
整	48
具	48
参	48
存	48
像	48
消	48
运	48
论	48
带	48
切	48
联	48
首	48
助	48
又	47
始	47
究	47
效	47
备	47
节	47
根	47
越	47
易	47
五	47
复	47
怎	47
领	47
华	47
营	47
支	46
施	46
查	46
望	46
权	46
京	46
布	46
语	46
股	46
马	46
议	46
候	45
台	45
率	45
准	45
送	45
税	45
该	44
费	44
断	44
境	44
创	44
广	44
友	44
识	44
显	44
笑	44
极	44
百	44
责	44
改	43
食	43
号	43
画	43
便	43
象	43
推	43
难	43
包	43
店	43
户	43
边	43
游	43
命	43
干	43
失	43
热	43
火	43
害	43
党	43
供	42
動	42
置	42
模	42
防	42
片	42
听	42
星	42
拉	42
微	42
客	41
速	41
试	41
球	41
习	41
未	41
落	41
站	41
济	41
早	41
土	41
列	41
致	41
职	41
或	40
案	40
功	40
修	40
优	40
军	40
构	40
村	40
発	39
张	39
决	39
除	39
味	39
江	39
德	39
段	38
足	38
即	38
环	38
请	38
林	38
农	38
离	38
吃	38
石	38
红	38
款	38
适	38
田	38
千	38
初	37
例	37
死	37
排	37
古	37
远	37
争	37
間	36
王	36
队	36
际	36
演	36
喜	36
往	36
护	36
养	36
势	36
层	36
章	36
木	36
亚	36
付	35
男	35
材	35
孩	35
照	35
超	35
连	35
随	35
满	35
称	35
欢	35
积	35
销	35
预	35
充	35
久	35
県	35
時	34
它	34
乐	34
许	34
控	34
响	34
属	34
温	34
府	34
青	34
差	34
轻	34
亲	34
双	34
角	34
留	34
简	34
紧	34
况	33
州	33
历	33
细	33
维	33
宝	33
油	33
皮	33
刻	33
波	33
写	32
英	32
室	32
景	32
急	32
米	31
团	31
众	31
压	31
赛	31
福	31
范	31
居	31
短	31
举	31
実	30
则	30
找	30
長	30
依	30
群	30
约	30
仅	30
阳	30
電	30
独	30
密	30
移	30
武	30
毛	30
副	30
気	29
開	29
介	29
却	29
現	29
采	29
评	29
升	29
检	29
無	29
族	29
酒	29
黑	29
印	29
负	29
尽	29
载	29
端	29
産	29
楼	29
卫	29
巴	29
板	28
击	28
药	28
课	28
免	28
编	28
河	28
務	28
八	28
東	28
绝	28
余	28
减	28
衣	28
额	28
退	28
哈	28
；	28
态	27
答	27
版	27
待	27
钱	27
跟	27
故	27
划	27
健	27
止	27
史	27
错	27
律	27
均	27
哪	27
富	27
围	27
野	27
否	27
监	27
官	27
員	27
六	27
兴	27
察	27
博	27
七	27
抗	27
|	27
場	26
状	26
且	26
验	26
記	26
底	26
益	26
份	26
承	26
突	26
龙	26
县	26
购	26
协	26
朝	26
另	26
执	26
停	26
坚	26
货	26
酸	26
沉	26
》	26
续	25
析	25
买	25
终	25
母	25
降	25
织	25
破	25
核	25
冷	25
吸	25
症	25
灵	25
晚	25
奇	25
异	25
洗	25
杀	25
兰	25
域	24
念	24
書	24
普	24
希	24
险	24
换	24
資	24
售	24
财	24
招	24
伤	24
調	24
背	24
玩	24
右	24
川	24
休	24
夜	24
警	24
静	24
诉	24
疑	24
假	24
脱	24
報	23
般	23
予	23
康	23
读	23
黄	23
似	23
严	23
班	23
讲	23
疗	23
您	23
左	23
句	23
码	23
脑	23
結	23
倒	23
苦	23
固	23
征	23
迷	23
後	22
良	22
機	22
测	22
获	22
善	22
経	22
志	22
夫	22
車	22
云	22
培	22
令	22
飞	22
激	22
旅	22
序	22
拿	22
妈	22
艺	22
痛	22
叫	22
肉	22
松	22
呼	22
谢	22
射	22
散	22
航	22
(	22
策	21
够	21
刚	21
約	21
牌	21
融	21
卡	21
索	21
帮	21
追	21
春	21
录	21
脸	21
婚	21
互	21
罗	21
络	21
季	21
曲	21
占	21
九	21
剧	21
稳	21
汉	21
透	21
救	21
惊	21
私	20
担	20
登	20
含	20
香	20
座	20
判	20
银	20
输	20
批	20
愿	20
典	20
谈	20
树	20
缺	20
奥	20
贵	20
厚	20
設	19
按	19
园	19
略	19
软	19
述	19
染	19
训	19
計	19
質	19
盘	19
菜	19
纪	19
慢	19
宣	19
彩	19
毕	19
冲	19
攻	19
液	19
草	19
促	19
甲	19
净	19
！	19
関	18
择	18
申	18
父	18
価	18
屋	18
歌	18
障	18
阿	18
括	18
补	18
概	18
著	18
套	18
毒	18
闻	18
湖	18
借	18
骨	18
穿	18
職	18
顺	18
纳	18
奖	18
午	18
卖	18
劳	18
托	18
皇	18
暗	18
抓	18
秘	18
默	18
幕	18
伙	18
対	17
吧	17
某	17
操	17
须	17
個	17
朋	17
番	17
苏	17
患	17
種	17
审	17
守	17
遇	17
镇	17
運	17
怕	17
既	17
乡	17
亮	17
迎	17
届	17
丝	17
牛	17
钟	17
収	17
楚	17
架	17
综	17
転	17
麻	17
偏	17
顿	17
遗	17
様	16
若	16
連	16
乎	16
戏	16
革	16
探	16
块	16
庭	16
票	16
智	16
返	16
兵	16
频	16
派	16
露	16
哥	16
词	16
页	16
拍	16
礼	16
键	16
欧	16
魔	16
床	16
宁	16
触	16
督	16
竞	16
杂	16
弱	16
怪	16
归	16
轮	16
宫	16
缓	16
餐	16
昨	16
勤	16
議	16
見	15
李	15
選	15
売	15
確	15
岁	15
曾	15
療	15
临	15
授	15
雨	15
姐	15
阶	15
粉	15
危	15
威	15
藏	15
笔	15
误	15
损	15
混	15
斗	15
挥	15
封	15
附	15
延	15
席	15
虑	15
掌	15
访	15
禁	15
顶	15
炎	15
虚	15
盖	15
隐	15
観	15
淡	15
闭	15
矿	15
啊	14
進	14
決	14
谁	14
検	14
幅	14
査	14
幸	14
符	14
汽	14
脚	14
末	14
株	14
丽	14
役	14
巨	14
乱	14
習	14
胜	14
饭	14
筑	14
阵	14
折	14
启	14
忙	14
尼	14
趣	14
券	14
伴	14
聚	14
震	14
規	14
烈	14
坏	14
灯	14
烟	14
鲜	14
嘴	14
跳	14
徒	14
牙	14
耐	14
宿	14
违	14
乳	14
缩	14
給	14
暖	14
懂	14
）	14
虽	13
認	13
继	13
題	13
語	13
夏	13
竟	13
亿	13
術	13
础	13
港	13
映	13
別	13
顾	13
営	13
靠	13
播	13
避	13
堂	13
熟	13
茶	13
帝	13
针	13
講	13
怀	13
秋	13
護	13
央	13
雷	13
睡	13
绿	13
旧	13
刺	13
疫	13
馆	13
渐	13
耳	13
翻	13
零	13
伊	13
恶	13
庆	13
冰	13
累	13
恋	13
尤	13
菌	13
妇	13
摄	13
冠	13
隔	13
毫	13
扬	13
荷	13
敬	13
々	13
話	12
験	12
強	12
甚	12
练	12
過	12
街	12
残	12
厂	12
費	12
永	12
弟	12
仍	12
宅	12
適	12
跑	12
硬	12
掉	12
束	12
梦	12
途	12
沙	12
丰	12
舞	12
洋	12
宗	12
签	12
逐	12
敢	12
専	12
犯	12
童	12
振	12
弹	12
糖	12
箱	12
優	12
忘	12
暴	12
横	12
醒	12
阴	12
钢	12
宜	12
贴	12
宽	12
豆	12
抽	12
胡	12
漫	12
订	12
寄	12
储	12
湿	12
滑	12
旁	12
圆	12
津	12
裁	12
阻	12
籍	12
摇	12
抵	12
览	12
迫	12
潜	12
邮	12
労	12
養	12
赞	12
浓	12
氧	12
摸	12
問	11
変	11
続	11
応	11
陈	11
铁	11
坐	11
叶	11
玉	11
刘	11
困	11
享	11
雪	11
線	11
植	11
距	11
绍	11
肯	11
戦	11
拥	11
献	11
绩	11
尚	11
释	11
陆	11
鱼	11
罪	11
媒	11
佛	11
盛	11
船	11
師	11
吉	11
達	11
倍	11
措	11
谷	11
島	11
爆	11
扩	11
池	11
佳	11
喝	11
讯	11
唐	11
败	11
践	11
齐	11
奶	11
娘	11
汇	11
亡	11
圈	11
篇	11
涨	11
伸	11
寻	11
纯	11
脂	11
润	11
赶	11
孙	11
凡	11
莫	11
剂	11
镜	11
肥	11
壁	11
饮	11
柔	11
挂	11
祖	11
忍	11
详	11
繁	11
膜	11
摩	11
墙	11
凝	11
奈	11
驾	11
截	11
灾	11
迹	11
闪	11
補	11
奋	11
暂	11
復	11
废	11
坦	11
誉	11
筹	11
廉	11
滋	11
呢	10
楽	10
製	10
库	10
備	10
握	10
询	10
態	10
門	10
談	10
替	10
為	10
洲	10
証	10
搭	10
剑	10
恐	10
抱	10
導	10
辑	10
诗	10
估	10
峰	10
爸	10
币	10
链	10
雅	10
纸	10
荣	10
蓝	10
宇	10
尊	10
幼	10
岛	10
妹	10
愛	10
稿	10
圣	10
盟	10
爷	10
毎	10
阅	10
谓	10
視	10
恩	10
添	10
租	10
険	10
換	10
唯	10
侧	10
薬	10
協	10
诚	10
弃	10
洛	10
唱	10
肤	10
涉	10
债	10
械	10
敏	10
忽	10
污	10
缘	10
侵	10
诊	10
递	10
诸	10
団	10
納	10
账	10
刑	10
尿	10
朗	10
肝	10
乌	10
岡	10
幻	10
貌	10
曜	10
災	10
呆	10
《	10
吗	9
円	9
秀	9
努	9
説	9
単	9
催	9
讨	9
胞	9
彼	9
丁	9
蛋	9
疾	9
冬	9
卷	9
井	9
册	9
遍	9
径	9
纷	9
園	9
仙	9
窗	9
饰	9
尾	9
図	9
祝	9
贸	9
袋	9
満	9
勇	9
婆	9
歩	9
逃	9
彻	9
惯	9
丹	9
蒙	9
磨	9
董	9
親	9
塞	9
庄	9
宋	9
洁	9
豪	9
募	9
晶	9
契	9
洞	9
論	9
虫	9
腰	9
沿	9
摆	9
診	9
鲁	9
耗	9
胸	9
泽	9
旗	9
統	9
抢	9
泛	9
羽	9
兼	9
賞	9
刊	9
妙	9
冒	9
闲	9
凭	9
鼻	9
桌	9
贫	9
俗	9
贯	9
腐	9
萨	9
孕	9
倾	9
赢	9
殖	9
圧	9
勒	9
癌	9
奔	9
纹	9
叹	9
悟	9
狠	9
盈	9
盗	9
糊	9
愈	9
郁	9
腺	9
淋	9
際	8
効	8
広	8
買	8
肌	8
援	8
細	8
録	8
額	8
試	8
伝	8
構	8
販	8
風	8
森	8
働	8
難	8
浪	8
減	8
址	8
厅	8
韩	8
励	8
仪	8
評	8
档	8
颜	8
携	8
刷	8
辆	8
歯	8
贷	8
燃	8
妻	8
惠	8
梅	8
召	8
鼓	8
兄	8
睛	8
甘	8
館	8
搜	8
衡	8
巧	8
拟	8
舒	8
迅	8
総	8
紫	8
悉	8
珠	8
熱	8
義	8
週	8
狂	8
瞬	8
聊	8
伦	8
灭	8
國	8
聘	8
烦	8
旦	8
迪	8
節	8
循	8
麦	8
請	8
覚	8
跌	8
脉	8
舍	8
肩	8
岸	8
郑	8
猪	8
郎	8
偿	8
権	8
绕	8
寿	8
辞	8
悲	8
會	8
兽	8
辈	8
腾	8
剩	8
溶	8
拓	8
扫	8
莱	8
跨	8
児	8
陪	8
帯	8
姆	8
従	8
拼	8
呵	8
戸	8
財	8
阪	8
這	8
菲	8
夺	8
齢	8
脏	8
庫	8
迟	8
農	8
忧	8
荡	8
拖	8
锦	8
畅	8
炭	8
耀	8
稀	8
遺	8
浦	8
牵	8
遥	8
組	7
載	7
割	7
類	7
杨	7
欲	7
挑	7
皆	7
町	7
刀	7
軽	7
頭	7
赤	7
徐	7
湾	7
薄	7
殊	7
屏	7
搞	7
烧	7
標	7
筋	7
処	7
浮	7
孔	7
焦	7
負	7
龄	7
潮	7
離	7
炼	7
岗	7
敌	7
辛	7
贝	7
挺	7
腹	7
秒	7
忆	7
逆	7
趋	7
怒	7
咨	7
杰	7
插	7
偶	7
泡	7
裂	7
隆	7
填	7
戴	7
藤	7
圳	7
墨	7
哭	7
創	7
扎	7
惜	7
拒	7
惑	7
覆	7
碎	7
削	7
胶	7
杜	7
塑	7
锋	7
尖	7
颗	7
骑	7
漂	7
啥	7
尘	7
驱	7
娜	7
旋	7
骗	7
順	7
稍	7
許	7
抬	7
宮	7
胃	7
滴	7
谋	7
犹	7
捷	7
損	7
肠	7
篮	7
纵	7
領	7
莉	7
薪	7
戒	7
绘	7
搬	7
袭	7
霸	7
恰	7
夕	7
悠	7
衰	7
踪	7
締	7
雇	7
椅	7
颈	7
肾	7
疏	7
%	7
艰	7
揭	7
轰	7
泄	7
妥	7
縮	7
睁	7
/	7
込	6
仕	6
違	6
氏	6
値	6
識	6
葉	6
寒	6
準	6
雄	6
赵	6
函	6
泉	6
張	6
桥	6
诺	6
杯	6
秦	6
御	6
積	6
覧	6
鸡	6
猫	6
姿	6
抑	6
渡	6
魅	6
朱	6
囲	6
岩	6
梁	6
乘	6
項	6
伯	6
署	6
課	6
珍	6
腿	6
枪	6
绪	6
両	6
眠	6
译	6
恢	6
極	6
扶	6
陷	6
踏	6
級	6
罚	6
歴	6
凌	6
眉	6
乙	6
赏	6
晨	6
驶	6
鉴	6
汗	6
興	6
姑	6
猛	6
漏	6
艾	6
乏	6
玄	6
拜	6
尝	6
剤	6
瓶	6
孤	6
允	6
嫌	6
複	6
甜	6
吐	6
瓦	6
疲	6
磁	6
柱	6
迁	6
碰	6
厉	6
鞋	6
測	6
胎	6
紙	6
宾	6
勢	6
拔	6
継	6
巡	6
桃	6
浙	6
熊	6
卒	6
浴	6
喊	6
跃	6
扰	6
殿	6
發	6
肿	6
妖	6
牧	6
陶	6
肺	6
逼	6
赔	6
遵	6
瓜	6
滚	6
拡	6
邀	6
轨	6
穷	6
匹	6
捕	6
丢	6
坡	6
埋	6
卵	6
澳	6
谱	6
赋	6
旨	6
挡	6
帅	6
梯	6
遠	6
榜	6
粘	6
牢	6
碳	6
舰	6
蓄	6
烂	6
柜	6
撤	6
貨	6
劣	6
浸	6
滞	6
悬	6
邻	6
扭	6
槽	6
堪	6
競	6
辨	6
該	6
弗	6
悄	6
學	6
滤	6
辩	6
阔	6
滨	6
衛	6
忌	6
慌	6
婦	6
辖	6
產	6
債	6
倡	6
淀	6
俱	6
)	6
.	6
「	6
読	5
増	5
描	5
終	5
購	5
済	5
君	5
係	5
荐	5
吴	5
鬼	5
塔	5
編	5
狗	5
姓	5
勝	5
響	5
沈	5
亦	5
飲	5
锁	5
晓	5
瑞	5
採	5
仿	5
築	5
丈	5
奏	5
遭	5
抜	5
勉	5
灰	5
辅	5
俄	5
偷	5
竹	5
盾	5
宏	5
劲	5
摘	5
欣	5
铺	5
履	5
凉	5
忠	5
胆	5
乃	5
浅	5
恒	5
锅	5
壮	5
赚	5
練	5
乾	5
泪	5
監	5
粗	5
仔	5
伏	5
塗	5
盐	5
仓	5
拳	5
郭	5
鸟	5
涂	5
纠	5
絶	5
佐	5
崎	5
浩	5
栄	5
燥	5
穴	5
則	5
拆	5
雑	5
斤	5
鉄	5
責	5
臭	5
碍	5
炒	5
氛	5
鼠	5
腔	5
爽	5
毁	5
谐	5
纤	5
尸	5
沢	5
驻	5
審	5
翼	5
弊	5
幽	5
杭	5
杆	5
硕	5
疯	5
崩	5
們	5
慰	5
蜜	5
弁	5
怨	5
欺	5
肖	5
鹿	5
雾	5
吓	5
惨	5
崇	5
埃	5
旬	5
昆	5
矩	5
弯	5
還	5
抛	5
辣	5
缝	5
诱	5
铃	5
謝	5
厌	5
饱	5
裤	5
晰	5
陽	5
醉	5
丧	5
齿	5
剪	5
涌	5
芝	5
脆	5
抖	5
蔵	5
拠	5
灌	5
廷	5
皱	5
肢	5
妊	5
賃	5
酵	5
輸	5
棋	5
泌	5
葡	5
捐	5
沃	5
伪	5
緊	5
胀	5
萄	5
纲	5
掩	5
膀	5
暇	5
勃	5
螺	5
颁	5
绵	5
颖	5
茫	5
畜	5
哼	5
嘿	5
託	5
醇	5
妨	5
賀	5
羞	5
誤	5
償	5
萝	5
臓	5
愧	5
庸	5
岐	5
瞪	5
嵌	5
鑑	5
肆	5
紹	4
環	4
駅	4
泰	4
虎	4
頼	4
伟	4
押	4
徴	4
呈	4
欠	4
択	4
寸	4
掲	4
伍	4
階	4
嘉	4
粒	4
顔	4
吨	4
弄	4
羊	4
泥	4
疼	4
銀	4
苗	4
扣	4
並	4
煤	4
於	4
汤	4
較	4
炸	4
闹	4
臣	4
尺	4
仲	4
洪	4
曼	4
赖	4
串	4
昌	4
堆	4
舗	4
丸	4
馬	4
來	4
叔	4
矛	4
擦	4
績	4
飛	4
框	4
邦	4
轴	4
咱	4
邪	4
奉	4
帰	4
娱	4
恨	4
維	4
辺	4
晋	4
乔	4
姜	4
屈	4
亏	4
栏	4
卓	4
仰	4
芸	4
蒸	4
泊	4
祥	4
炮	4
昭	4
肪	4
鸣	4
悔	4
罢	4
钻	4
裕	4
妆	4
朵	4
涵	4
佩	4
淘	4
箭	4
寝	4
垃	4
飘	4
圾	4
咬	4
傷	4
慣	4
經	4
浜	4
肃	4
厦	4
瘤	4
貸	4
臂	4
扑	4
浏	4
盆	4
拨	4
弥	4
酬	4
雕	4
爬	4
抹	4
傻	4
躲	4
痕	4
徽	4
顧	4
疆	4
迈	4
惧	4
筆	4
挣	4
辽	4
碗	4
挤	4
苍	4
敷	4
囊	4
慈	4
撒	4
抚	4
锐	4
慮	4
隊	4
耕	4
赴	4
旺	4
帐	4
瓷	4
純	4
婴	4
堡	4
葬	4
颇	4
仇	4
躺	4
陌	4
溢	4
扮	4
纽	4
鮮	4
狐	4
漠	4
唤	4
吞	4
裙	4
碑	4
诞	4
寂	4
猎	4
昏	4
芒	4
夸	4
脾	4
實	4
昂	4
吵	4
浑	4
闷	4
芽	4
涯	4
叠	4
怜	4
咳	4
蜂	4
驰	4
浆	4
绑	4
愣	4
穆	4
叙	4
沖	4
洒	4
執	4
峡	4
巾	4
剥	4
跡	4
愉	4
縄	4
隙	4
廃	4
斥	4
陸	4
渔	4
匆	4
爵	4
牲	4
椎	4
趁	4
駆	4
糟	4
併	4
侦	4
拦	4
膚	4
茨	4
爹	4
乖	4
惩	4
辱	4
饿	4
瑟	4
擅	4
喉	4
權	4
瞧	4
羡	4
幹	4
衍	4
氨	4
勘	4
丛	4
畏	4
宰	4
叛	4
脊	4
媳	4
郊	4
刹	4
奢	4
脖	4
誓	4
躁	4
詞	4
霉	4
奨	4
痴	4
繊	4
谅	4
揉	4
粹	4
凍	4
郵	4
渋	4
宛	4
躯	4
阐	4
隶	4
耻	4
奠	4
舎	4
疹	4
髓	4
懸	4
嘱	4
喫	4
稽	4
倦	4
涡	4
仑	4
咧	4
胰	4
漓	4
匈	4
％	4
聞	3
詳	3
異	3
簡	3
況	3
歳	3
乗	3
悪	3
魂	3
寺	3
坛	3
枚	3
吹	3
仁	3
啦	3
撮	3
粮	3
慧	3
柳	3
荒	3
絡	3
晴	3
凯	3
哲	3
訪	3
撑	3
辉	3
喷	3
祭	3
焼	3
撞	3
渠	3
織	3
枝	3
骂	3
曹	3
琴	3
層	3
黒	3
璃	3
燕	3
垂	3
删	3
對	3
俊	3
砂	3
辰	3
慕	3
逻	3
芯	3
铜	3
慎	3
討	3
怖	3
夹	3
撃	3
億	3
橋	3
絵	3
芳	3
聴	3
酷	3
缴	3
挖	3
魏	3
姻	3
躍	3
黎	3
炉	3
訳	3
玛	3
猜	3
悦	3
俩	3
宙	3
嗯	3
胖	3
披	3
墓	3
盤	3
岳	3
掘	3
暑	3
範	3
陵	3
蒂	3
厨	3
桂	3
華	3
瘦	3
苹	3
孟	3
艳	3
逸	3
赫	3
侯	3
凶	3
娃	3
昔	3
孝	3
韓	3
袖	3
須	3
傲	3
卧	3
宠	3
仮	3
骤	3
聪	3
栽	3
谨	3
腕	3
礎	3
昇	3
邓	3
伐	3
赠	3
敗	3
塩	3
輪	3
勾	3
柏	3
關	3
胁	3
肚	3
叉	3
愤	3
盯	3
锻	3
蔬	3
舌	3
轩	3
葛	3
樹	3
狱	3
冻	3
罩	3
奴	3
喂	3
遮	3
涛	3
豫	3
阁	3
針	3
侠	3
庞	3
漆	3
狭	3
吕	3
帖	3
雰	3
閉	3
遂	3
朴	3
泳	3
烤	3
恼	3
坊	3
稼	3
堵	3
丑	3
溜	3
兆	3
蒋	3
駐	3
讼	3
彰	3
濃	3
晃	3
湘	3
毅	3
赌	3
宴	3
懒	3
糕	3
桶	3
應	3
陕	3
劇	3
贪	3
虹	3
敦	3
扯	3
饼	3
馈	3
臨	3
妮	3
札	3
梨	3
殺	3
內	3
贼	3
歉	3
纺	3
膨	3
掃	3
薇	3
寓	3
姚	3
祉	3
晕	3
吻	3
稻	3
笼	3
粧	3
缠	3
垫	3
廊	3
椒	3
渊	3
馨	3
恭	3
姨	3
卸	3
壊	3
芬	3
咽	3
昼	3
稚	3
恵	3
尬	3
阀	3
揮	3
妃	3
娠	3
硫	3
倉	3
擎	3
卜	3
逊	3
柯	3
憾	3
訴	3
饲	3
噪	3
侍	3
捧	3
祈	3
滩	3
尴	3
腻	3
溃	3
煌	3
逝	3
凸	3
兑	3
杉	3
喘	3
誘	3
喻	3
卑	3
誕	3
紅	3
吟	3
熬	3
攀	3
吼	3
拘	3
蚀	3
哎	3
伺	3
貯	3
衫	3
翌	3
诈	3
衬	3
挽	3
猴	3
谊	3
雀	3
钥	3
僵	3
衷	3
岂	3
钮	3
坤	3
隣	3
漢	3
浄	3
丫	3
眸	3
樱	3
蕴	3
侣	3
頻	3
巩	3
盼	3
膏	3
屠	3
歧	3
團	3
裸	3
惟	3
煎	3
旱	3
竭	3
慨	3
蔽	3
怡	3
剖	3
嘲	3
衔	3
衝	3
禽	3
虐	3
蓬	3
塌	3
菩	3
沼	3
筛	3
颠	3
锈	3
婷	3
莞	3
蟹	3
瓣	3
媚	3
煙	3
枢	3
厕	3
帘	3
舅	3
烯	3
杏	3
埼	3
栓	3
橡	3
讽	3
樣	3
凹	3
兮	3
價	3
棵	3
嘻	3
酿	3
罕	3
痘	3
呜	3
濯	3
屡	3
阜	3
滥	3
沧	3
绒	3
幌	3
挪	3
冶	3
佣	3
顽	3
眯	3
涩	3
诵	3
谎	3
洽	3
郷	3
訂	3
昧	3
灸	3
賛	3
闺	3
喃	3
媛	3
僚	3
湛	3
诡	3
橘	3
棄	3
霆	3
懈	3
缀	3
茄	3
掠	3
甫	3
韧	3
敞	3
薯	3
辜	3
姥	3
稲	3
潟	3
垒	3
捂	3
鸦	3
續	3
咐	3
烁	3
恍	3
绽	3
啪	3
紛	3
柿	3
顷	3
琉	3
贿	3
倘	3
歹	3
嚣	3
剔	3
錯	3
乒	3
侈	3
嘟	3
迄	3
哮	3
肇	3
陋	3
賠	3
癜	3
挚	3
粋	3
梱	3
砰	3
寥	3
滔	3
啧	3
盔	3
坞	3
咚	3
翩	3
鉛	3
璋	3
瞩	3
淇	3
乓	3
兢	3
栃	3
糜	3
慑	3
嗡	3
嗓	3
佚	3
菠	3
惮	3
佼	3
願	2
側	2
払	2
沟	2
呀	2
豊	2
哦	2
嘛	2
扱	2
緒	2
凤	2
贡	2
誰	2
狼	2
萧	2
柄	2
軍	2
棒	2
玻	2
亩	2
斜	2
髪	2
莲	2
汁	2
盒	2
嫁	2
厳	2
挙	2
斑	2
煮	2
遣	2
僕	2
桑	2
傅	2
唇	2
霍	2
裏	2
卢	2
吊	2
丘	2
獲	2
棉	2
夢	2
贺	2
劝	2
脳	2
帽	2
贾	2
敵	2
汚	2
琳	2
扇	2
傾	2
摂	2
柴	2
魚	2
將	2
壳	2
拾	2
翔	2
袁	2
敲	2
娇	2
舟	2
咖	2
捉	2
遅	2
玲	2
劫	2
勧	2
莎	2
貴	2
冯	2
窓	2
晒	2
蔡	2
摊	2
網	2
棚	2
誌	2
匀	2
耶	2
吾	2
岭	2
紀	2
弘	2
盲	2
砖	2
筒	2
秩	2
锡	2
庙	2
頑	2
弦	2
兔	2
啡	2
窝	2
宪	2
坂	2
惹	2
渗	2
翠	2
哀	2
萌	2
當	2
韵	2
颤	2
膝	2
寧	2
斩	2
徹	2
逢	2
渴	2
鳥	2
铭	2
汪	2
預	2
蛮	2
壤	2
铝	2
凑	2
枯	2
屁	2
挨	2
麗	2
抄	2
嫩	2
爪	2
塘	2
儒	2
焰	2
纱	2
祸	2
戚	2
潘	2
僧	2
飾	2
蝶	2
塾	2
緑	2
淮	2
彭	2
熙	2
焊	2
酱	2
曝	2
厘	2
狮	2
寨	2
戈	2
腊	2
绳	2
渣	2
踢	2
矢	2
鸭	2
勿	2
狙	2
沫	2
沪	2
摔	2
貢	2
菊	2
裹	2
琪	2
讶	2
從	2
匠	2
沒	2
巷	2
冊	2
茅	2
泣	2
禅	2
轿	2
罐	2
巢	2
辐	2
挫	2
蕾	2
丙	2
撕	2
拌	2
骄	2
虾	2
仗	2
庁	2
菱	2
搏	2
腸	2
咸	2
訓	2
沸	2
翰	2
钓	2
氢	2
葱	2
弓	2
軟	2
坪	2
蹈	2
薛	2
赁	2
緩	2
婉	2
窄	2
谦	2
闘	2
憶	2
沐	2
徳	2
凄	2
碱	2
區	2
逛	2
巫	2
硅	2
茎	2
辟	2
闯	2
據	2
兩	2
汰	2
铸	2
艇	2
磷	2
桐	2
帳	2
愚	2
芦	2
綺	2
窃	2
灿	2
玫	2
枕	2
撰	2
菓	2
栈	2
贈	2
掏	2
歇	2
泼	2
閲	2
咒	2
龟	2
詹	2
钩	2
奸	2
鏡	2
呂	2
澄	2
墅	2
舆	2
匙	2
牺	2
凰	2
矯	2
搅	2
梳	2
妄	2
鹅	2
輩	2
痒	2
袍	2
梗	2
驳	2
浇	2
峻	2
蓉	2
瑰	2
坠	2
翁	2
翅	2
骚	2
荆	2
澡	2
屑	2
崖	2
琼	2
聯	2
缆	2
锤	2
娅	2
萬	2
銘	2
潭	2
拭	2
绣	2
麟	2
掀	2
瑜	2
氯	2
厢	2
匿	2
瀬	2
耍	2
條	2
陀	2
莹	2
處	2
蔓	2
渉	2
扁	2
啤	2
鞭	2
珊	2
坎	2
唉	2
迭	2
澜	2
癒	2
箇	2
匪	2
逾	2
粤	2
碌	2
侨	2
仆	2
誠	2
眨	2
贩	2
脈	2
垄	2
駄	2
圏	2
證	2
寡	2
仏	2
麼	2
趟	2
儀	2
笨	2
潇	2
咪	2
炫	2
蒜	2
撼	2
瞳	2
芙	2
逮	2
豚	2
蠢	2
叮	2
羅	2
啸	2
杠	2
俯	2
吁	2
谣	2
歓	2
巅	2
矫	2
瞒	2
貫	2
秉	2
卦	2
萎	2
舶	2
傍	2
拱	2
嫂	2
飼	2
黏	2
眺	2
铅	2
灶	2
勋	2
泻	2
寞	2
陛	2
伽	2
胺	2
蚁	2
剣	2
亨	2
隧	2
橙	2
菇	2
宵	2
譲	2
硝	2
噬	2
讓	2
崛	2
黛	2
惕	2
槛	2
慶	2
營	2
牡	2
踊	2
焚	2
绎	2
蜡	2
冤	2
怠	2
腫	2
耽	2
垢	2
鈴	2
趴	2
憩	2
甸	2
诀	2
專	2
蛛	2
贬	2
毯	2
潔	2
咕	2
單	2
竣	2
琐	2
窟	2
溯	2
饥	2
疮	2
烘	2
烛	2
佬	2
梭	2
栖	2
摧	2
悍	2
閣	2
幣	2
賽	2
耸	2
棟	2
蚊	2
睹	2
乞	2
憲	2
藩	2
敛	2
璧	2
狸	2
憧	2
參	2
膊	2
胳	2
喧	2
陳	2
淹	2
襄	2
颊	2
缚	2
亜	2
薦	2
釈	2
祀	2
貧	2
朽	2
熏	2
荧	2
腥	2
狩	2
膳	2
銭	2
鄙	2
濟	2
[	2
吏	2
呐	2
嗽	2
丞	2
烹	2
鎖	2
懵	2
渲	2
畔	2
雌	2
蝴	2
甄	2
褐	2
畴	2
沦	2
拯	2
棕	2
肛	2
瞄	2
撇	2
恳	2
篷	2
妒	2
壇	2
呕	2
瘫	2
棠	2
缔	2
琢	2
馴	2
粪	2
醛	2
拝	2
貿	2
畸	2
绸	2
叨	2
汛	2
侃	2
雍	2
纬	2
棺	2
鍼	2
磅	2
穫	2
涅	2
嫉	2
澈	2
睐	2
赎	2
栅	2
戶	2
坟	2
喇	2
逍	2
俳	2
鸽	2
瀑	2
嚼	2
疤	2
芭	2
溺	2
惫	2
靓	2
拶	2
鞍	2
蛙	2
胚	2
锂	2
廓	2
沥	2
筷	2
捆	2
癫	2
哺	2
遏	2
銷	2
沌	2
陡	2
嗅	2
俘	2
卉	2
騒	2
袜	2
沛	2
瞻	2
嗜	2
莓	2
噌	2
倫	2
葫	2
祷	2
骆	2
險	2
翡	2
蚂	2
躬	2
拷	2
蕉	2
饺	2
殆	2
涤	2
吩	2
麒	2
缅	2
唾	2
汕	2
蜘	2
侄	2
苛	2
臀	2
侮	2
屿	2
諾	2
顯	2
酔	2
堕	2
阱	2
掺	2
帜	2
抒	2
偵	2
醸	2
奮	2
绷	2
庐	2
颅	2
凳	2
镖	2
诠	2
芜	2
柠	2
糙	2
姫	2
姉	2
詐	2
啓	2
驼	2
剰	2
劃	2
彫	2
瑕	2
爭	2
汹	2
緯	2
犀	2
孵	2
梧	2
镶	2
叭	2
榴	2
诧	2
钞	2
芹	2
註	2
萃	2
亥	2
窒	2
飙	2
弈	2
獨	2
殴	2
碾	2
娥	2
噩	2
睦	2
幡	2
枉	2
紊	2
擁	2
裳	2
熄	2
腎	2
橱	2
脅	2
僻	2
珀	2
拇	2
眩	2
顕	2
疚	2
鞠	2
镑	2
崭	2
胱	2
汲	2
沂	2
祺	2
厥	2
幂	2
漱	2
簧	2
糯	2
歷	2
绅	2
驭	2
鎌	2
筝	2
睫	2
皂	2
贅	2
淌	2
檬	2
墟	2
瀚	2
柑	2
酰	2
厮	2
眶	2
婿	2
聆	2
麽	2
弛	2
惚	2
庇	2
帷	2
譜	2
痫	2
譬	2
禧	2
骼	2
膛	2
骁	2
曙	2
衙	2
谍	2
朦	2
醤	2
胧	2
徊	2
荔	2
徘	2
绯	2
狡	2
诫	2
黯	2
蝇	2
溉	2
姊	2
擬	2
珑	2
捜	2
嗦	2
辕	2
訟	2
疡	2
绚	2
峨	2
驿	2
藝	2
穹	2
娩	2
癣	2
腌	2
韭	2
軌	2
盎	2
虏	2
氓	2
丐	2
玺	2
焙	2
嘀	2
肴	2
耦	2
睾	2
馒	2
榄	2
淄	2
矶	2
渤	2
鲤	2
痔	2
咙	2
瘍	2
鲨	2
饪	2
夯	2
雖	2
杞	2
潍	2
沮	2
炬	2
暧	2
衅	2
繼	2
铠	2
唆	2
蘑	2
戮	2
汶	2
蝠	2
蠕	2
兀	2
髦	2
澎	2
　	2
惰	2
磋	2
婪	2
峙	2
疵	2
咀	2
擂	2
毋	2
诅	2
琶	2
匕	2
橄	2
葩	2
谴	2
伎	2
綜	2
晗	2
唠	2
琵	2
咆	2
鳄	2
茉	2
秆	2
椭	2
虔	2
瞑	2
稣	2
畿	2
瑚	2
漾	2
晌	2
璨	2
懇	2
璀	2
狞	2
粛	2
亟	2
淆	2
秸	2
毗	2
哆	2
惬	2
邯	2
枸	2
洱	2
疱	2
侥	2
憬	2
珈	2
慷	2
蝙	2
酝	2
傀	2
漩	2
髅	2
骷	2
缤	2
壌	2
傑	2
湃	2
惭	2
赂	2
坷	2
瞰	2
徙	2
繕	2
訣	2
皙	2
抉	2
悯	2
匮	2
擇	2
儡	2
轼	2
汎	2
鹸	2
袱	2
呻	2
螃	2
俨	2
琥	2
狰	2
馏	2
郸	2
阈	2
疣	2
捗	2
邃	2
牽	2
諭	2
辗	2
捍	2
疙	2
隘	2
屉	2
痊	2
犠	2
挛	2
搐	2
羯	2
潢	2
瘩	2
鹃	2
痪	2
痉	2
惋	2
禺	2
耘	2
鬟	2
媲	2
酎	2
痿	2
惦	2
赡	2
妩	2
猾	2
浒	2
洩	2
鸳	2
跻	2
忑	2
忐	2
`	2
嫦	2
醍	2
嘈	2
瘙	2
摒	2
」	2
醐	2
鸯	2
悴	2
嬛	2
蜒	2
憔	2
礴	2
槃	2
逅	2
邂	2
蜿	2
肮	2
猕	2
琲	2
曖	2
頂	1
悩	1
頃	1
遊	1
掛	1
暮	1
戻	1
犬	1
曰	1
巻	1
溪	1
蛇	1
郡	1
贤	1
說	1
坑	1
與	1
繰	1
嬉	1
湯	1
霜	1
鸿	1
亭	1
弾	1
碧	1
帕	1
霞	1
茂	1
鹏	1
驚	1
詰	1
枫	1
扔	1
體	1
繋	1
韦	1
愁	1
鼎	1
彦	1
刃	1
飯	1
砸	1
酶	1
鹰	1
歪	1
兹	1
旭	1
靴	1
點	1
栋	1
諸	1
卿	1
踩	1
帆	1
數	1
貼	1
瑶	1
姬	1
砍	1
揃	1
跪	1
聖	1
捏	1
隠	1
冥	1
鹤	1
靖	1
釣	1
輝	1
桜	1
縁	1
崔	1
泵	1
矣	1
斌	1
昊	1
甩	1
钙	1
捨	1
刮	1
誇	1
苑	1
夷	1
枠	1
咋	1
總	1
赐	1
娶	1
軸	1
萍	1
拐	1
殷	1
滅	1
糸	1
沾	1
艘	1
栗	1
矮	1
坝	1
饶	1
鑫	1
钉	1
缸	1
捡	1
桩	1
逗	1
雲	1
俺	1
尹	1
簿	1
谭	1
魄	1
龍	1
蹲	1
烫	1
醋	1
壶	1
棍	1
舱	1
佑	1
捞	1
哇	1
磊	1
幾	1
縦	1
絞	1
瞎	1
粥	1
陣	1
贞	1
塚	1
弧	1
哄	1
暨	1
氮	1
變	1
伞	1
陰	1
苯	1
竖	1
鳴	1
楠	1
咲	1
鍵	1
蜀	1
淫	1
豹	1
堤	1
揚	1
枣	1
淑	1
潤	1
雁	1
熔	1
蒲	1
戰	1
廣	1
堅	1
裡	1
钦	1
咯	1
哑	1
垣	1
藻	1
睿	1
邵	1
霄	1
闸	1
彬	1
焉	1
衆	1
冈	1
兜	1
杖	1
澤	1
禄	1
揽	1
傳	1
娟	1
酯	1
痩	1
哉	1
倩	1
钠	1
狄	1
氣	1
挠	1
霊	1
厄	1
畑	1
谜	1
鲍	1
虞	1
岚	1
嘘	1
邱	1
號	1
轉	1
雯	1
呗	1
碟	1
笛	1
勺	1
奕	1
贱	1
屯	1
镀	1
哨	1
尉	1
欄	1
挟	1
颂	1
霖	1
蹭	1
劈	1
氷	1
汝	1
耿	1
焕	1
帧	1
淳	1
裴	1
賢	1
拢	1
曦	1
俞	1
鍋	1
灼	1
煞	1
窑	1
禹	1
锌	1
瘾	1
剛	1
辦	1
琦	1
聂	1
缕	1
戳	1
妍	1
渝	1
祁	1
哟	1
翘	1
詩	1
奪	1
炊	1
俏	1
扛	1
凛	1
迦	1
漁	1
肘	1
麺	1
鍛	1
廖	1
鳞	1
爾	1
斧	1
骏	1
觀	1
聲	1
魁	1
涼	1
皿	1
茹	1
蹦	1
怔	1
邸	1
憋	1
倪	1
斋	1
襲	1
鶏	1
叩	1
鄂	1
哗	1
钾	1
蔚	1
蚕	1
蹄	1
痰	1
磕	1
奎	1
钧	1
扉	1
斐	1
倚	1
郝	1
裔	1
堀	1
樂	1
苔	1
褒	1
綿	1
囚	1
驴	1
闽	1
尧	1
朔	1
鎮	1
稱	1
舔	1
搁	1
冀	1
彤	1
帶	1
圖	1
邹	1
猿	1
拽	1
陥	1
禍	1
梓	1
攒	1
鋼	1
咏	1
禾	1
揺	1
阮	1
樊	1
祛	1
喀	1
皓	1
尋	1
苟	1
蓋	1
浊	1
茜	1
阎	1
绞	1
旷	1
隋	1
僅	1
芋	1
窜	1
拂	1
俭	1
孫	1
竜	1
酮	1
穗	1
屬	1
嫣	1
癖	1
艦	1
葵	1
棘	1
眾	1
庚	1
窥	1
秤	1
縫	1
彪	1
絮	1
巍	1
窦	1
飽	1
邊	1
恤	1
畳	1
晖	1
蘇	1
嘎	1
寇	1
懐	1
軒	1
肋	1
蝉	1
隅	1
朕	1
晩	1
捣	1
亞	1
寅	1
茵	1
脇	1
搓	1
邑	1
酥	1
圭	1
嘶	1
冉	1
偽	1
铲	1
竿	1
濡	1
扒	1
缶	1
沁	1
醫	1
酢	1
笠	1
屎	1
頁	1
靡	1
襟	1
諦	1
诏	1
謎	1
莽	1
鶴	1
巣	1
庶	1
豁	1
氟	1
眷	1
裝	1
觅	1
蘭	1
盏	1
瑾	1
邢	1
漬	1
搂	1
梵	1
怯	1
掐	1
舉	1
祠	1
覺	1
罰	1
笙	1
棱	1
烷	1
貰	1
垮	1
噛	1
妾	1
獣	1
滝	1
蝎	1
窍	1
骇	1
牟	1
藉	1
儲	1
笋	1
拙	1
嚷	1
瞥	1
桓	1
隨	1
揣	1
偉	1
馅	1
銅	1
赣	1
砌	1
龚	1
渺	1
兒	1
璐	1
荫	1
靶	1
炖	1
嗣	1
愕	1
籽	1
讳	1
釜	1
惶	1
萱	1
涙	1
梢	1
闇	1
晏	1
锥	1
脓	1
檀	1
撩	1
榨	1
汀	1
卻	1
騰	1
剃	1
拎	1
斷	1
秃	1
榆	1
韶	1
诛	1
簇	1
滿	1
唔	1
堰	1
贮	1
歼	1
溅	1
幢	1
楷	1
琅	1
紐	1
酌	1
訊	1
覇	1
錠	1
轧	1
扳	1
亀	1
菅	1
镁	1
亢	1
跋	1
埔	1
貝	1
哒	1
黨	1
猩	1
敖	1
啃	1
庵	1
孜	1
尻	1
诶	1
拧	1
擒	1
恥	1
"	1
恕	1
淤	1
穏	1
绊	1
汐	1
麓	1
鉱	1
禀	1
褪	1
噢	1
錄	1
赦	1
驗	1
昕	1
呃	1
釉	1
隻	1
桔	1
芷	1
祐	1
绰	1
溝	1
锯	1
’	1
卤	1
墩	1
稠	1
紋	1
烨	1
乍	1
滕	1
雏	1
聋	1
舜	1
柚	1
爲	1
揍	1
妞	1
】	1
湧	1
傘	1
雙	1
陨	1
掷	1
狀	1
喵	1
闵	1
趾	1
噴	1
揪	1
酚	1
穂	1
嗨	1
臺	1
炳	1
遁	1
黃	1
憎	1
吱	1
晦	1
擔	1
懿	1
檐	1
炙	1
宸	1
钝	1
塊	1
哩	1
嚴	1
悼	1
槐	1
壹	1
妓	1
钛	1
嵩	1
鋭	1
駒	1
酪	1
擊	1
茸	1
绮	1
戎	1
鲸	1
渍	1
婶	1
凿	1
檢	1
喔	1
瞅	1
戊	1
輕	1
粟	1
毙	1
斎	1
岔	1
炽	1
寮	1
噗	1
藥	1
颐	1
渭	1
赘	1
埠	1
骸	1
蔑	1
薩	1
铮	1
抿	1
璇	1
涕	1
聽	1
顎	1
钰	1
冗	1
怼	1
黔	1
噂	1
羁	1
蕊	1
洼	1
腑	1
冕	1
孽	1
饵	1
漳	1
騎	1
嚎	1
铬	1
瘟	1
晾	1
縣	1
寫	1
憨	1
掴	1
挿	1
鞘	1
匡	1
桁	1
垦	1
悸	1
磐	1
啼	1
椰	1
潰	1
辙	1
劉	1
咔	1
錦	1
礁	1
鉢	1
芥	1
樽	1
餅	1
筐	1
陇	1
喽	1
捻	1
黙	1
莺	1
恪	1
锣	1
痢	1
筱	1
夭	1
脐	1
缪	1
烙	1
碘	1
颓	1
捅	1
賑	1
煽	1
琛	1
荘	1
圍	1
翟	1
谬	1
踹	1
銃	1
玖	1
鐘	1
卯	1
寛	1
剿	1
皖	1
荀	1
匂	1
盡	1
秧	1
凋	1
嗤	1
坯	1
咦	1
綱	1
肽	1
斉	1
榻	1
玥	1
煜	1
驯	1
娴	1
珂	1
缉	1
霧	1
暦	1
茬	1
濒	1
蔗	1
粕	1
丨	1
绫	1
遷	1
钳	1
恬	1
泸	1
舵	1
秽	1
滇	1
栩	1
讀	1
噜	1
熠	1
瘀	1
羲	1
娄	1
臻	1
笃	1
彷	1
镍	1
婢	1
腮	1
寶	1
叱	1
頓	1
刈	1
灣	1
芊	1
曳	1
奄	1
夠	1
狈	1
扼	1
砲	1
巳	1
蛊	1
髄	1
拣	1
锚	1
蓮	1
觑	1
臼	1
錢	1
樓	1
歲	1
纶	1
玮	1
淨	1
胤	1
刁	1
菁	1
喚	1
腱	1
叽	1
謂	1
颌	1
猝	1
霓	1
缭	1
佟	1
徵	1
煲	1
蛟	1
撥	1
褚	1
荟	1
茧	1
絕	1
蜗	1
怂	1
楞	1
孰	1
嶋	1
砚	1
藕	1
姗	1
鐵	1
霾	1
纂	1
弩	1
懦	1
岑	1
蹬	1
呦	1
绥	1
嗷	1
掰	1
喋	1
戟	1
涟	1
嬷	1
丼	1
窖	1
蜕	1
犁	1
歡	1
殻	1
逞	1
嗎	1
伶	1
賣	1
茗	1
幺	1
嫡	1
窘	1
輔	1
唧	1
辫	1
羹	1
汾	1
艶	1
餘	1
闫	1
瑛	1
餌	1
苷	1
謀	1
榕	1
孢	1
蛾	1
壬	1
昱	1
腋	1
溫	1
昵	1
祯	1
鹊	1
恺	1
煩	1
戌	1
砺	1
孚	1
酋	1
藍	1
阙	1
锰	1
呛	1
瞭	1
箔	1
椿	1
迸	1
抠	1
畫	1
嵐	1
壓	1
屹	1
綴	1
晟	1
苇	1
宦	1
峭	1
憂	1
柬	1
铂	1
絆	1
谏	1
歐	1
楊	1
踝	1
谛	1
沽	1
苓	1
韬	1
褶	1
斬	1
蟒	1
薰	1
獎	1
蕃	1
奚	1
翎	1
篡	1
倔	1
釋	1
阑	1
樟	1
蹴	1
繫	1
涝	1
奧	1
冢	1
佔	1
穀	1
囤	1
蓦	1
悖	1
羌	1
暫	1
痹	1
蛤	1
啰	1
悚	1
荼	1
砕	1
撲	1
烃	1
亘	1
钗	1
猥	1
靳	1
刨	1
躇	1
桦	1
腦	1
匣	1
懊	1
轄	1
吝	1
讪	1
磺	1
辄	1
淼	1
赃	1
裾	1
塵	1
罡	1
禮	1
嫖	1
晤	1
疎	1
糧	1
戲	1
祟	1
酉	1
篆	1
漪	1
蚌	1
彝	1
攘	1
鳌	1
賭	1
烏	1
罹	1
廠	1
咎	1
騙	1
堺	1
怅	1
俐	1
喪	1
炜	1
谕	1
枭	1
萤	1
屆	1
賜	1
幫	1
【	1
箸	1
漉	1
嬴	1
辻	1
螂	1
鸥	1
烬	1
峪	1
勞	1
烽	1
睑	1
唑	1
圃	1
吭	1
镯	1
碼	1
篱	1
縛	1
宕	1
渎	1
泾	1
硒	1
蹙	1
斟	1
貂	1
綾	1
鷹	1
钵	1
桀	1
窮	1
稅	1
倭	1
塁	1
篠	1
婧	1
诣	1
涧	1
彈	1
攥	1
炯	1
驹	1
唬	1
渓	1
踵	1
窯	1
辊	1
馋	1
獄	1
箋	1
峥	1
穩	1
輯	1
淬	1
嘅	1
槟	1
咤	1
妳	1
紡	1
泗	1
撸	1
辍	1
蛍	1
蔷	1
謙	1
讥	1
萦	1
崽	1
裘	1
靈	1
棣	1
喳	1
袅	1
脯	1
錆	1
歸	1
蘸	1
濑	1
冽	1
曽	1
摹	1
寐	1
簽	1
祂	1
呪	1
鄉	1
鹭	1
砥	1
檔	1
殡	1
癸	1
惺	1
忱	1
俑	1
臉	1
桨	1
镰	1
懲	1
柒	1
褥	1
咄	1
餃	1
鴨	1
酣	1
莆	1
殉	1
臆	1
磯	1
嗖	1
匾	1
·	1
帛	1
遐	1
剁	1
※	1
頬	1
沓	1
撬	1
粱	1
蹊	1
鈍	1
倶	1
竺	1
麹	1
蜷	1
绢	1
墳	1
仄	1
鸢	1
嘆	1
苞	1
猶	1
箫	1
铎	1
毓	1
锄	1
瓢	1
靜	1
駿	1
迂	1
胥	1
戛	1
羟	1
頸	1
喰	1
莘	1
恃	1
嗔	1
矜	1
繍	1
辿	1
粽	1
漕	1
俸	1
岱	1
娲	1
彙	1
铵	1
甥	1
荻	1
搀	1
賓	1
焱	1
捺	1
貞	1
荤	1
齊	1
缇	1
舊	1
嗒	1
钊	1
箕	1
惡	1
姝	1
忡	1
麾	1
谤	1
嚓	1
覗	1
鬱	1
拗	1
祇	1
铛	1
缎	1
雜	1
峦	1
捶	1
佰	1
弔	1
擴	1
炕	1
稷	1
榮	1
賬	1
诲	1
珞	1
跤	1
诬	1
蔼	1
谧	1
涎	1
蜥	1
匯	1
坍	1
呱	1
胴	1
亵	1
漸	1
鬓	1
猖	1
蒿	1
潼	1
飒	1
迥	1
爻	1
霎	1
佈	1
籁	1
鸾	1
龈	1
霹	1
羔	1
虧	1
恙	1
跷	1
衢	1
婕	1
筠	1
绛	1
鸠	1
戾	1
葆	1
燎	1
寰	1
畢	1
籠	1
痣	1
氰	1
萩	1
箍	1
醚	1
缮	1
篤	1
沅	1
呸	1
铣	1
壑	1
殇	1
娓	1
濮	1
砾	1
殃	1
翊	1
簸	1
倏	1
吳	1
潺	1
哽	1
隼	1
拮	1
廿	1
杵	1
羚	1
瘪	1
芮	1
纔	1
胯	1
琏	1
賊	1
忖	1
覃	1
骋	1
亂	1
皋	1
啟	1
浚	1
雉	1
螨	1
濁	1
锭	1
诽	1
煦	1
咫	1
渚	1
掖	1
詢	1
烊	1
趙	1
锵	1
氪	1
笹	1
丕	1
粑	1
溥	1
慵	1
暄	1
獻	1
斓	1
璞	1
硼	1
濱	1
壕	1
啄	1
眈	1
吆	1
瑙	1
魯	1
忏	1
痞	1
憑	1
峠	1
扈	1
閑	1
俪	1
廻	1
攸	1
熹	1
拴	1
腳	1
雳	1
栾	1
霏	1
鋳	1
哧	1
遴	1
璟	1
謳	1
叼	1
偕	1
楂	1
踞	1
樵	1
轶	1
吮	1
谩	1
鄭	1
贻	1
跺	1
:	1
嘤	1
囔	1
忿	1
馍	1
嫔	1
毂	1
睬	1
锢	1
緣	1
鳳	1
娼	1
甬	1
浣	1
迢	1
嘭	1
謡	1
瞟	1
碁	1
糠	1
泓	1
膺	1
隈	1
呑	1
瀛	1
讷	1
曇	1
啬	1
懷	1
髙	1
抨	1
蝗	1
皎	1
