 	1317
天	360
彩	345
票	210
中	176
大	144
人	133
，	132
网	109
的	102
一	99
发	87
在	80
久	80
乐	79
时	76
国	65
不	64
线	63
开	61
是	61
日	60
三	58
快	52
视	51
神	51
看	51
奖	51
码	51
么	50
分	49
京	49
平	49
新	48
下	48
费	48
免	48
官	47
合	46
机	45
争	44
有	44
娱	44
霸	42
频	42
台	41
色	41
本	40
品	40
北	40
高	40
上	39
亚	39
车	38
公	38
年	36
吗	36
片	36
赛	35
产	35
文	34
全	34
理	34
无	34
注	33
成	33
�	32
期	32
金	32
手	32
方	31
信	31
法	31
电	31
精	31
主	31
。	31
区	30
洲	30
现	30
博	30
号	29
美	29
影	29
怎	29
多	29
利	29
了	28
观	28
生	28
最	27
能	27
来	27
游	27
自	27
、	27
地	26
家	26
行	26
道	26
特	26
香	26
以	25
会	25
出	25
爱	25
代	25
提	25
到	25
体	25
钱	25
实	25
站	24
动	24
同	24
用	23
载	23
版	23
前	23
真	23
如	23
小	22
个	22
件	22
可	22
情	22
好	22
清	22
_	22
户	21
计	21
果	21
安	21
字	21
性	21
级	21
加	21
微	21
址	20
数	20
经	20
播	20
点	20
月	19
和	19
作	19
女	19
万	19
二	19
这	19
事	19
定	19
里	19
什	19
总	19
老	19
福	19
青	19
重	18
市	18
为	18
名	18
五	18
第	18
心	18
业	18
买	18
球	18
投	18
系	18
联	18
图	17
册	17
子	17
我	17
资	17
划	17
关	17
水	17
工	17
玩	17
综	17
送	17
司	17
解	17
所	17
热	17
民	17
比	17
马	17
东	17
百	17
,	17
县	16
商	16
后	16
度	16
规	16
料	16
报	16
客	16
页	16
六	16
少	16
哪	16
黄	16
要	15
入	15
学	15
直	15
戏	15
结	15
于	15
拍	15
正	15
据	15
此	15
米	15
欧	15
通	14
登	14
软	14
城	14
录	14
请	14
过	14
牌	14
明	14
四	14
意	14
卡	14
运	14
宝	14
江	14
共	14
部	13
源	13
对	13
服	13
放	13
面	13
管	13
交	13
回	13
夜	13
港	13
外	13
等	13
更	13
推	13
保	13
都	13
赢	13
讯	13
物	13
去	13
星	13
韩	13
十	13
南	13
至	13
众	13
广	13
＿	13
元	12
内	12
位	12
论	12
今	12
单	12
记	12
务	12
当	12
相	12
社	12
集	12
幕	12
制	12
招	12
程	12
西	12
布	12
购	12
速	12
科	12
限	12
空	12
毛	12
奇	12
午	12
啪	12
p	12
（	12
间	11
表	11
接	11
场	11
式	11
目	11
选	11
长	11
男	11
与	11
类	11
先	11
建	11
你	11
海	11
双	11
格	11
专	11
员	11
路	11
蕉	11
然	11
堂	11
黑	11
棋	11
输	11
只	11
“	11
者	10
门	10
进	10
取	10
化	10
山	10
得	10
育	10
其	10
任	10
查	10
做	10
展	10
律	10
偷	10
音	10
属	10
返	10
足	10
碰	10
组	10
证	10
传	10
婷	10
易	10
认	10
骗	10
狠	10
例	10
那	10
责	10
些	10
河	10
环	10
丰	10
银	10
(	10
a	10
庆	9
说	9
院	9
群	9
他	9
力	9
次	9
际	9
也	9
口	9
量	9
样	9
超	9
何	9
话	9
活	9
教	9
近	9
领	9
首	9
标	9
评	9
打	9
世	9
龙	9
肖	9
编	9
华	9
优	9
包	9
假	9
创	9
应	9
权	9
整	9
极	9
财	9
尼	9
技	8
示	8
值	8
就	8
器	8
题	8
阳	8
型	8
改	8
参	8
导	8
容	8
草	8
思	8
靠	8
算	8
赌	8
装	8
友	8
常	8
强	8
因	8
消	8
克	8
收	8
战	8
指	8
办	8
锋	8
备	8
准	8
必	8
党	8
竞	8
委	8
营	8
复	8
另	8
模	8
排	8
姐	8
皇	8
腾	8
像	8
七	8
丁	8
菲	8
之	7
時	7
州	7
设	7
们	7
原	7
知	7
亿	7
而	7
流	7
政	7
王	7
求	7
置	7
红	7
还	7
周	7
持	7
称	7
白	7
九	7
荐	7
基	7
破	7
斯	7
太	7
完	7
云	7
除	7
读	7
态	7
存	7
伊	7
调	7
给	7
士	7
试	7
验	7
治	7
医	7
林	7
深	7
爽	7
确	7
富	7
旗	7
盈	7
胆	7
满	7
命	7
欢	7
凰	7
留	7
卓	7
秘	7
俺	7
凤	7
　	7
息	6
势	6
链	6
没	6
被	6
起	6
局	6
预	6
测	6
未	6
苏	6
统	6
間	6
价	6
感	6
告	6
考	6
想	6
妻	6
身	6
妇	6
但	6
助	6
案	6
处	6
申	6
种	6
增	6
款	6
师	6
修	6
邀	6
始	6
股	6
则	6
虎	6
历	6
画	6
别	6
早	6
動	6
英	6
飞	6
盛	6
住	6
施	6
变	6
澳	6
宁	6
份	6
熟	6
否	6
冠	6
初	6
义	6
停	6
账	6
央	6
简	6
即	6
野	6
续	6
刷	6
永	6
监	6
透	6
举	6
益	6
吉	6
菜	6
截	6
谢	6
幸	6
尊	6
铁	6
扫	6
琪	6
鼎	6
爵	6
￣	6
q	6
邦	6
無	5
将	5
使	5
章	5
立	5
坛	5
電	5
及	5
介	5
很	5
支	5
率	5
闻	5
房	5
连	5
两	5
转	5
书	5
付	5
询	5
赚	5
企	5
充	5
航	5
项	5
几	5
达	5
由	5
激	5
具	5
土	5
反	5
节	5
牛	5
需	5
又	5
追	5
非	5
造	5
每	5
演	5
引	5
售	5
步	5
盟	5
川	5
校	5
伦	5
销	5
谱	5
辑	5
职	5
”	5
漫	5
享	5
沙	5
鱼	5
维	5
稿	5
护	5
右	5
開	5
越	5
左	5
喜	5
纪	5
夫	5
根	5
词	5
苹	5
采	5
體	5
普	5
阅	5
國	5
餐	5
藏	5
谁	5
搜	5
印	5
狗	5
東	5
宾	5
违	5
湖	5
听	5
哈	5
尚	5
协	5
婆	5
朋	5
伯	5
犯	5
诺	5
帝	5
》	5
蛛	5
植	5
玖	5
-	5
走	4
问	4
店	4
着	4
从	4
言	4
吧	4
头	4
已	4
功	4
列	4
界	4
受	4
条	4
花	4
团	4
操	4
军	4
德	4
库	4
網	4
八	4
配	4
密	4
業	4
愛	4
場	4
端	4
陆	4
研	4
杀	4
盘	4
击	4
语	4
质	4
稳	4
钟	4
拉	4
乱	4
效	4
私	4
脑	4
获	4
议	4
索	4
春	4
声	4
載	4
止	4
络	4
显	4
古	4
税	4
升	4
挂	4
序	4
额	4
状	4
防	4
線	4
材	4
晚	4
断	4
千	4
典	4
换	4
妹	4
巴	4
退	4
素	4
兑	4
罗	4
略	4
病	4
斗	4
写	4
底	4
域	4
按	4
候	4
待	4
秒	4
找	4
発	4
险	4
套	4
約	4
務	4
景	4
随	4
派	4
猜	4
签	4
惠	4
艇	4
予	4
积	4
识	4
许	4
血	4
威	4
雷	4
跑	4
融	4
览	4
养	4
込	4
坚	4
汇	4
添	4
設	4
豪	4
符	4
邮	4
拿	4
描	4
資	4
希	4
觉	4
評	4
察	4
宣	4
判	4
泰	4
捕	4
突	4
倫	4
爰	4
贝	4
仕	4
聚	4
默	4
绑	4
曾	4
荣	4
葡	4
麻	4
祥	4
趣	4
雅	4
诀	4
鸿	4
編	4
圣	4
襪	4
摩	4
悠	4
凯	4
k	4
扑	4
財	4
円	3
巧	3
干	3
光	3
省	3
供	3
风	3
木	3
火	3
尔	3
术	3
記	3
倍	3
或	3
带	3
室	3
報	3
笑	3
形	3
照	3
队	3
各	3
気	3
气	3
食	3
让	3
析	3
象	3
後	3
约	3
段	3
您	3
才	3
禁	3
习	3
便	3
板	3
错	3
再	3
死	3
控	3
汽	3
己	3
详	3
济	3
该	3
儿	3
望	3
兴	3
休	3
志	3
互	3
康	3
述	3
决	3
哥	3
构	3
核	3
答	3
低	3
旅	3
波	3
味	3
智	3
警	3
費	3
漏	3
迎	3
剧	3
围	3
半	3
况	3
夏	3
农	3
故	3
策	3
范	3
価	3
攻	3
依	3
問	3
酒	3
降	3
厅	3
致	3
媒	3
篮	3
温	3
武	3
連	3
計	3
摸	3
実	3
衣	3
负	3
族	3
删	3
承	3
检	3
様	3
歌	3
诉	3
币	3
审	3
売	3
奶	3
副	3
严	3
孩	3
善	3
终	3
湾	3
露	3
玄	3
蛋	3
関	3
津	3
仅	3
零	3
員	3
革	3
贵	3
键	3
曲	3
担	3
森	3
串	3
择	3
响	3
噜	3
対	3
批	3
辆	3
课	3
插	3
仙	3
術	3
豹	3
裸	3
访	3
論	3
它	3
汉	3
奥	3
勤	3
授	3
妈	3
句	3
応	3
概	3
迅	3
浪	3
培	3
質	3
昌	3
師	3
巨	3
詳	3
附	3
梦	3
弊	3
训	3
販	3
疗	3
類	3
括	3
門	3
启	3
伟	3
函	3
延	3
映	3
強	3
唐	3
亂	3
昨	3
遮	3
染	3
勒	3
途	3
暂	3
魔	3
發	3
圳	3
冻	3
藝	3
摄	3
涉	3
紹	3
狐	3
聊	3
释	3
觀	3
媽	3
朗	3
蓝	3
営	3
募	3
尺	3
固	3
戲	3
黃	3
饰	3
盾	3
臣	3
恒	3
舰	3
徒	3
姑	3
亞	3
況	3
鑫	3
黎	3
爸	3
韓	3
淘	3
疆	3
尤	3
絲	3
《	3
畫	3
徽	3
纬	3
揭	3
杏	3
%	3
拼	3
辽	3
：	3
麟	3
紫	3
遂	3
铭	3
仲	3
羽	3
弘	3
并	2
向	2
失	2
圖	2
史	2
张	2
见	2
說	2
败	2
潮	2
岁	2
究	2
番	2
視	2
話	2
村	2
落	2
石	2
把	2
油	2
個	2
射	2
她	2
府	2
余	2
県	2
绍	2
细	2
座	2
兰	2
健	2
機	2
均	2
境	2
長	2
差	2
乳	2
阿	2
車	2
李	2
胜	2
角	2
园	2
頻	2
季	2
鲁	2
难	2
篇	2
居	2
吃	2
压	2
艺	2
箱	2
误	2
订	2
風	2
丝	2
短	2
朝	2
念	2
讲	2
赔	2
离	2
执	2
贴	2
乡	2
岛	2
移	2
玉	2
叫	2
現	2
卫	2
织	2
楽	2
且	2
結	2
洞	2
较	2
給	2
独	2
顺	2
曰	2
层	2
亮	2
種	2
冷	2
級	2
來	2
令	2
含	2
异	2
誉	2
猫	2
礼	2
券	2
聞	2
爆	2
刘	2
毒	2
纳	2
轻	2
咨	2
占	2
洋	2
减	2
題	2
細	2
救	2
遗	2
席	2
般	2
块	2
迪	2
雄	2
豆	2
乌	2
似	2
树	2
庭	2
探	2
顶	2
學	2
童	2
佳	2
恐	2
租	2
继	2
淫	2
赞	2
籍	2
溪	2
束	2
雪	2
井	2
婦	2
镇	2
経	2
粉	2
松	2
週	2
陈	2
闭	2
點	2
却	2
遇	2
障	2
俄	2
優	2
喷	2
購	2
背	2
杯	2
若	2
厂	2
宇	2
聘	2
帮	2
會	2
秀	2
绿	2
吹	2
须	2
確	2
検	2
啦	2
秋	2
変	2
督	2
奸	2
覧	2
旺	2
熱	2
狂	2
临	2
挡	2
備	2
験	2
宅	2
宿	2
認	2
诚	2
径	2
罪	2
污	2
慰	2
乎	2
關	2
曜	2
袜	2
転	2
够	2
盒	2
甘	2
價	2
刺	2
残	2
終	2
説	2
瑞	2
吨	2
摘	2
涨	2
態	2
灵	2
蜘	2
娘	2
呼	2
幻	2
姓	2
宜	2
割	2
產	2
烈	2
叶	2
収	2
內	2
桃	2
広	2
護	2
導	2
础	2
狼	2
脸	2
猛	2
佛	2
忘	2
録	2
値	2
懂	2
牲	2
讨	2
促	2
圈	2
嫩	2
榜	2
针	2
歩	2
萬	2
危	2
填	2
措	2
侵	2
贸	2
困	2
杂	2
郎	2
亡	2
玛	2
頁	2
疫	2
悦	2
拖	2
澡	2
跨	2
催	2
赤	2
缩	2
換	2
丹	2
氣	2
颜	2
献	2
蒙	2
唯	2
伴	2
杨	2
滚	2
距	2
寸	2
辅	2
龄	2
浏	2
隐	2
株	2
练	2
坑	2
盖	2
兼	2
樂	2
醒	2
召	2
縮	2
訊	2
隆	2
拟	2
励	2
毫	2
伙	2
毕	2
润	2
翼	2
吴	2
劳	2
挑	2
贫	2
绩	2
窗	2
阪	2
丈	2
億	2
筑	2
捷	2
張	2
兽	2
虽	2
拥	2
贷	2
舒	2
談	2
岗	2
惑	2
患	2
甚	2
栏	2
項	2
巡	2
坡	2
徐	2
缘	2
薦	2
侣	2
慧	2
横	2
累	2
晨	2
寻	2
署	2
阶	2
怀	2
炸	2
罚	2
避	2
扩	2
驾	2
缓	2
努	2
盐	2
挥	2
順	2
納	2
耀	2
嫌	2
帖	2
洛	2
証	2
贡	2
搏	2
們	2
嘉	2
允	2
屁	2
逸	2
缴	2
讀	2
莱	2
贯	2
聯	2
粤	2
壇	2
柜	2
斤	2
漂	2
奋	2
曝	2
掲	2
熊	2
践	2
閱	2
驰	2
鹰	2
覆	2
董	2
扶	2
牢	2
械	2
彻	2
浩	2
禧	2
専	2
帐	2
趋	2
柴	2
诈	2
扎	2
奔	2
凌	2
銀	2
疾	2
岳	2
沒	2
浙	2
沁	2
稱	2
殊	2
洪	2
杭	2
霍	2
轩	2
鐘	2
挣	2
谓	2
钮	2
誘	2
驶	2
浆	2
苑	2
舗	2
虑	2
循	2
晒	2
較	2
歓	2
砖	2
狸	2
渠	2
厨	2
厕	2
扒	2
雀	2
晋	2
疯	2
滤	2
窥	2
衡	2
窍	2
A	2
纽	2
徴	2
尋	2
柏	2
覽	2
d	2
泛	2
奷	2
恢	2
翠	2
娛	2
桂	2
吟	2
馈	2
铜	2
苍	2
骤	2
厘	2
菠	2
湘	2
鹅	2
v	2
韦	2
圾	2
垃	2
靖	2
柳	2
P	2
呻	2
見	1
田	1
边	1
書	1
切	1
良	1
母	1
撸	1
远	1
眼	1
货	1
班	1
語	1
肉	1
啊	1
害	1
跟	1
亲	1
婚	1
欲	1
兵	1
楼	1
読	1
屋	1
選	1
別	1
続	1
庄	1
床	1
急	1
绝	1
药	1
谷	1
封	1
适	1
幅	1
過	1
往	1
紧	1
號	1
卖	1
届	1
洗	1
雨	1
祝	1
尽	1
歳	1
為	1
丽	1
诗	1
皮	1
征	1
守	1
島	1
某	1
轮	1
末	1
峰	1
刻	1
补	1
托	1
舞	1
池	1
區	1
製	1
産	1
著	1
吸	1
架	1
梅	1
迷	1
尾	1
脱	1
疑	1
街	1
抓	1
枚	1
暴	1
泉	1
归	1
冲	1
翻	1
父	1
谈	1
買	1
腹	1
刚	1
扣	1
組	1
伤	1
職	1
願	1
馆	1
损	1
齐	1
仁	1
這	1
經	1
折	1
呢	1
嘛	1
調	1
駅	1
泽	1
陵	1
纸	1
冰	1
笔	1
珠	1
愿	1
旧	1
甲	1
静	1
坐	1
慢	1
肥	1
腿	1
宗	1
阁	1
胸	1
塔	1
躁	1
恩	1
與	1
際	1
硬	1
鬼	1
悉	1
穿	1
痛	1
苦	1
震	1
幼	1
倒	1
抗	1
運	1
借	1
頭	1
規	1
逼	1
阴	1
弄	1
庫	1
弹	1
宫	1
茶	1
搞	1
於	1
園	1
粗	1
摇	1
钢	1
跳	1
症	1
鸡	1
浦	1
奈	1
弟	1
穴	1
诊	1
船	1
净	1
屏	1
纯	1
刊	1
暖	1
試	1
進	1
援	1
請	1
決	1
數	1
抽	1
桥	1
鲜	1
恋	1
档	1
皆	1
碼	1
萨	1
凡	1
竟	1
跌	1
冬	1
脚	1
馬	1
寄	1
赵	1
扬	1
荷	1
勇	1
君	1
顾	1
彼	1
惊	1
触	1
恶	1
氏	1
仍	1
蜜	1
實	1
厚	1
達	1
怕	1
對	1
缺	1
簡	1
散	1
耐	1
递	1
酸	1
宽	1
混	1
焦	1
戦	1
葉	1
糖	1
储	1
額	1
竹	1
岸	1
液	1
瓜	1
刑	1
振	1
単	1
抢	1
侠	1
親	1
隔	1
岡	1
標	1
译	1
塞	1
館	1
姨	1
逆	1
節	1
袋	1
杰	1
牙	1
湿	1
暗	1
顿	1
灯	1
役	1
洁	1
搭	1
剑	1
積	1
寿	1
曼	1
尿	1
既	1
饮	1
虚	1
卷	1
晓	1
町	1
肯	1
壁	1
赏	1
炎	1
陰	1
乘	1
窝	1
済	1
浴	1
毎	1
勝	1
睡	1
孕	1
阵	1
瓦	1
骨	1
刀	1
逐	1
瓶	1
祖	1
锦	1
違	1
替	1
胡	1
啥	1
敬	1
敢	1
姆	1
滑	1
夹	1
階	1
亏	1
郑	1
辉	1
耳	1
裁	1
掉	1
宋	1
孙	1
麦	1
議	1
哦	1
仪	1
遍	1
適	1
纷	1
唱	1
敏	1
乃	1
锁	1
怪	1
梁	1
霞	1
桶	1
謝	1
朱	1
宮	1
兒	1
華	1
繁	1
肃	1
払	1
満	1
貨	1
腐	1
烟	1
遊	1
歐	1
療	1
岭	1
當	1
仓	1
歲	1
酷	1
抱	1
咪	1
掌	1
坊	1
奴	1
遭	1
鼓	1
妞	1
携	1
裤	1
艾	1
宏	1
吊	1
呵	1
御	1
羊	1
棒	1
忍	1
寒	1
嗯	1
講	1
單	1
還	1
荡	1
炮	1
沟	1
莉	1
圆	1
嗎	1
戴	1
押	1
藤	1
猪	1
拜	1
迹	1
爷	1
総	1
喝	1
饭	1
準	1
沉	1
賞	1
魂	1
甸	1
框	1
估	1
涩	1
薪	1
逃	1
镜	1
崎	1
铺	1
茗	1
骑	1
離	1
握	1
鹿	1
環	1
廉	1
習	1
頂	1
孔	1
軽	1
絡	1
兄	1
坦	1
弱	1
戒	1
娜	1
義	1
負	1
偏	1
帯	1
偶	1
旬	1
坏	1
創	1
巻	1
亦	1
構	1
楚	1
抵	1
鸟	1
丘	1
査	1
莫	1
難	1
劇	1
寨	1
谋	1
咋	1
眉	1
忠	1
專	1
闲	1
驻	1
芝	1
艷	1
妖	1
敌	1
伝	1
岩	1
郭	1
滨	1
诸	1
旋	1
伸	1
夺	1
磨	1
則	1
迟	1
姿	1
娇	1
裝	1
亭	1
矿	1
燃	1
欣	1
鞋	1
怒	1
债	1
殖	1
貸	1
誰	1
盗	1
浮	1
挺	1
渡	1
羞	1
晴	1
泊	1
應	1
參	1
俗	1
弃	1
戸	1
勿	1
筹	1
忧	1
樣	1
責	1
図	1
訂	1
坪	1
匹	1
萝	1
雞	1
渐	1
曹	1
冒	1
废	1
脂	1
驱	1
歴	1
赶	1
佐	1
晶	1
辛	1
嘿	1
珍	1
肌	1
桌	1
履	1
潜	1
拓	1
忙	1
枪	1
亩	1
旦	1
塑	1
娃	1
異	1
犬	1
灾	1
蒂	1
處	1
吾	1
峡	1
卒	1
汗	1
傳	1
児	1
陌	1
拾	1
尖	1
怡	1
艳	1
磁	1
飯	1
観	1
夕	1
札	1
涯	1
飲	1
侧	1
効	1
迈	1
統	1
撮	1
轨	1
輪	1
灣	1
陽	1
揉	1
辰	1
耗	1
乾	1
怖	1
煌	1
柱	1
甜	1
袖	1
罩	1
麒	1
薄	1
頃	1
潭	1
冊	1
秦	1
測	1
邻	1
喊	1
谜	1
蔡	1
畅	1
梯	1
妙	1
沿	1
抜	1
紅	1
伍	1
嘴	1
泡	1
壮	1
茸	1
阻	1
樓	1
寺	1
稍	1
険	1
虐	1
橋	1
肺	1
淡	1
柔	1
邑	1
拔	1
吻	1
粒	1
浜	1
眠	1
绕	1
麗	1
剩	1
莲	1
骚	1
墨	1
筋	1
裙	1
苗	1
聲	1
據	1
袭	1
冈	1
薬	1
條	1
悲	1
雑	1
煤	1
黒	1
監	1
識	1
芸	1
闪	1
鄂	1
阜	1
齢	1
歡	1
迫	1
詞	1
赖	1
遵	1
紙	1
詢	1
兔	1
沃	1
旨	1
萄	1
赠	1
並	1
诱	1
徳	1
辞	1
扰	1
錄	1
迁	1
悪	1
杜	1
訳	1
侯	1
n	1
b	1
団	1
叉	1
權	1
矩	1
忽	1
興	1
乔	1
烧	1
菌	1
绥	1
陶	1
舍	1
烦	1
寫	1
讓	1
復	1
帳	1
極	1
仔	1
縄	1
剂	1
輸	1
許	1
昭	1
吕	1
鉄	1
築	1
鉴	1
撤	1
沈	1
惨	1
虫	1
疲	1
灰	1
呈	1
宴	1
歷	1
勢	1
總	1
赋	1
係	1
箭	1
増	1
夢	1
辦	1
禽	1
浓	1
祭	1
訪	1
臀	1
纵	1
墙	1
琴	1
俊	1
硕	1
預	1
閉	1
顔	1
陷	1
辣	1
哭	1
拒	1
廣	1
誌	1
兩	1
毁	1
伏	1
團	1
忆	1
邪	1
劲	1
崇	1
撃	1
將	1
芳	1
魅	1
枝	1
乙	1
汤	1
遥	1
奏	1
帅	1
課	1
慎	1
帽	1
乗	1
碑	1
鸭	1
涙	1
陪	1
削	1
鼠	1
營	1
拳	1
搬	1
龍	1
肤	1
肩	1
膽	1
蜂	1
臺	1
養	1
橾	1
補	1
魏	1
踪	1
吐	1
驗	1
滴	1
匿	1
猴	1
処	1
虹	1
摆	1
埃	1
凉	1
/	1
郵	1
偿	1
泳	1
纠	1
響	1
證	1
從	1
芽	1
钻	1
馨	1
逊	1
悟	1
遠	1
坝	1
焼	1
塘	1
尸	1
診	1
滋	1
麼	1
）	1
働	1
腰	1
俱	1
弗	1
扱	1
叔	1
盆	1
拘	1
敗	1
択	1
踏	1
減	1
炒	1
跃	1
莎	1
赫	1
鹏	1
梨	1
玲	1
贤	1
沖	1
戶	1
輯	1
舔	1
兆	1
協	1
碎	1
蛇	1
純	1
攝	1
轉	1
惜	1
荒	1
牧	1
佩	1
逻	1
豊	1
帰	1
凝	1
胞	1
媳	1
契	1
葛	1
呀	1
遣	1
變	1
筆	1
凸	1
緒	1
锐	1
紀	1
奉	1
坂	1
厉	1
泄	1
涛	1
盤	1
飛	1
幽	1
沢	1
柄	1
暮	1
維	1
胶	1
丸	1
萌	1
佣	1
撒	1
灭	1
＠	1
討	1
丶	1
鸣	1
戀	1
賀	1
須	1
哲	1
擦	1
羅	1
拆	1
喘	1
拨	1
颗	1
凭	1
厦	1
軍	1
聪	1
砂	1
撞	1
囲	1
暇	1
瞬	1
姜	1
妮	1
採	1
绪	1
昆	1
椒	1
贺	1
牡	1
擊	1
戻	1
欠	1
剤	1
領	1
毅	1
铃	1
陕	1
炼	1
糕	1
咖	1
腳	1
绘	1
魚	1
燕	1
莞	1
暑	1
卸	1
披	1
惯	1
掃	1
煙	1
寓	1
杆	1
倾	1
嫁	1
嘎	1
辱	1
掛	1
栗	1
腕	1
欺	1
棚	1
潔	1
轴	1
隊	1
堡	1
翔	1
涵	1
胎	1
孤	1
猎	1
汁	1
粮	1
滿	1
禾	1
宠	1
筛	1
／	1
骰	1
鲸	1
钥	1
璃	1
舟	1
尝	1
戰	1
匙	1
寝	1
瓣	1
辺	1
晰	1
敵	1
纲	1
玻	1
屯	1
漢	1
疼	1
泥	1
抚	1
赁	1
蝶	1
栋	1
孟	1
胖	1
墓	1
嬉	1
辖	1
埔	1
颖	1
寶	1
琳	1
撑	1
杉	1
丨	1
剪	1
鍵	1
競	1
慈	1
嫂	1
頼	1
癌	1
淮	1
膜	1
芬	1
昂	1
錯	1
鼻	1
醫	1
雕	1
堵	1
彦	1
傷	1
裂	1
芯	1
絶	1
臭	1
翁	1
鹤	1
彰	1
閲	1
锡	1
績	1
吞	1
睛	1
浅	1
殺	1
壹	1
姚	1
鳥	1
穆	1
赴	1
昔	1
貌	1
締	1
桑	1
莓	1
歉	1
僕	1
旭	1
鏈	1
獸	1
翌	1
谨	1
敦	1
偽	1
辨	1
踩	1
蕩	1
覚	1
貼	1
锅	1
雙	1
帶	1
農	1
胃	1
裕	1
涓	1
沪	1
碍	1
昵	1
暨	1
蒲	1
側	1
妓	1
醉	1
槽	1
衛	1
痞	1
倡	1
裏	1
纹	1
卢	1
炉	1
潘	1
橹	1
卧	1
氧	1
傅	1
續	1
廷	1
+	1
昼	1
旁	1
彭	1
