一	1
丁	1
丂	1
七	1
万	1
丈	1
三	1
上	1
下	1
丌	1
不	1
与	1
丐	1
丑	1
专	1
且	1
丕	1
世	1
丘	1
丙	1
业	1
丛	1
东	1
丝	1
丞	1
丟	1
両	1
丢	1
两	1
严	1
並	1
丧	1
丨	1
个	1
丫	1
中	1
丰	1
串	1
临	1
丶	1
丸	1
丹	1
为	1
主	1
丼	1
丽	1
举	1
丿	1
乂	1
乃	1
乄	1
久	1
乇	1
么	1
义	1
之	1
乌	1
乍	1
乎	1
乏	1
乐	1
乒	1
乓	1
乔	1
乖	1
乗	1
乘	1
乙	1
乛	1
乜	1
九	1
乞	1
也	1
习	1
乡	1
书	1
乩	1
买	1
乱	1
乳	1
乾	1
亀	1
亂	1
了	1
予	1
争	1
事	1
二	1
亍	1
于	1
亏	1
云	1
互	1
亓	1
五	1
井	1
亘	1
亙	1
亚	1
些	1
亜	1
亞	1
亟	1
亡	1
亢	1
交	1
亥	1
亦	1
产	1
亨	1
亩	1
享	1
京	1
亭	1
亮	1
亰	1
亲	1
亳	1
亵	1
亶	1
人	1
亻	1
亿	1
什	1
仁	1
仃	1
仄	1
仅	1
仆	1
仇	1
仉	1
今	1
介	1
仍	1
从	1
仏	1
仑	1
仓	1
仔	1
仕	1
他	1
仗	1
付	1
仙	1
仝	1
仞	1
仟	1
代	1
令	1
以	1
仨	1
仪	1
们	1
仮	1
仰	1
仲	1
仵	1
件	1
价	1
任	1
份	1
仿	1
企	1
伉	1
伊	1
伍	1
伎	1
伏	1
伐	1
休	1
众	1
优	1
伙	1
会	1
伝	1
伞	1
伟	1
传	1
伢	1
伤	1
伥	1
伦	1
伪	1
伫	1
伯	1
估	1
伱	1
伴	1
伶	1
伸	1
伺	1
似	1
伽	1
佃	1
但	1
佇	1
佈	1
位	1
低	1
住	1
佐	1
佑	1
体	1
佔	1
何	1
佗	1
佘	1
余	1
佚	1
佛	1
作	1
佝	1
佞	1
佟	1
你	1
佢	1
佣	1
佤	1
佥	1
佧	1
佩	1
佬	1
佮	1
佯	1
佰	1
佳	1
併	1
佶	1
佺	1
佻	1
佼	1
佾	1
使	1
侃	1
侄	1
來	1
侈	1
例	1
侍	1
侏	1
侑	1
侖	1
侗	1
侘	1
供	1
依	1
侠	1
価	1
侣	1
侥	1
侦	1
侧	1
侨	1
侩	1
侬	1
侮	1
侯	1
侵	1
侶	1
侷	1
侽	1
便	1
係	1
促	1
俄	1
俅	1
俆	1
俊	1
俎	1
俏	1
俐	1
俑	1
俗	1
俘	1
俚	1
保	1
俞	1
俟	1
俠	1
信	1
俢	1
俣	1
俦	1
俨	1
俩	1
俪	1
俬	1
俭	1
修	1
俯	1
俱	1
俳	1
俵	1
俶	1
俷	1
俸	1
俺	1
俾	1
倆	1
倉	1
個	1
倌	1
倍	1
倏	1
們	1
倒	1
倓	1
倔	1
倖	1
倘	1
候	1
倚	1
倜	1
借	1
倡	1
倢	1
倣	1
値	1
倦	1
倨	1
倩	1
倪	1
倫	1
倬	1
倭	1
倶	1
债	1
值	1
倾	1
偃	1
假	1
偈	1
偉	1
偌	1
偎	1
偏	1
偓	1
偕	1
做	1
停	1
健	1
偲	1
側	1
偵	1
偶	1
偷	1
偻	1
偽	1
偿	1
傀	1
傅	1
傍	1
傑	1
傕	1
傘	1
備	1
傢	1
傣	1
傥	1
储	1
傩	1
催	1
傭	1
傲	1
傳	1
債	1
傷	1
傻	1
傾	1
僅	1
働	1
像	1
僑	1
僕	1
僖	1
僚	1
僞	1
僥	1
僧	1
僭	1
僮	1
僱	1
僵	1
價	1
僻	1
儀	1
儁	1
儂	1
億	1
儆	1
儉	1
儋	1
儒	1
儘	1
儚	1
償	1
儡	1
優	1
儲	1
儷	1
儿	1
兀	1
允	1
元	1
兄	1
充	1
兆	1
兇	1
先	1
光	1
克	1
兌	1
免	1
兎	1
児	1
兑	1
兒	1
兔	1
兕	1
兖	1
党	1
兜	1
兢	1
入	1
內	1
全	1
兩	1
八	1
公	1
六	1
兮	1
兰	1
共	1
兲	1
关	1
兴	1
兵	1
其	1
具	1
典	1
兹	1
养	1
兼	1
兽	1
冀	1
冂	1
内	1
円	1
冇	1
冈	1
冉	1
冊	1
册	1
再	1
冏	1
冒	1
冕	1
冗	1
写	1
军	1
农	1
冠	1
冢	1
冤	1
冥	1
冧	1
冨	1
冪	1
冬	1
冯	1
冰	1
冲	1
决	1
冴	1
况	1
冶	1
冷	1
冻	1
冼	1
冽	1
净	1
凃	1
凄	1
准	1
凈	1
凉	1
凋	1
凌	1
凍	1
减	1
凑	1
凖	1
凛	1
凜	1
凝	1
几	1
凡	1
凤	1
処	1
凧	1
凪	1
凫	1
凭	1
凯	1
凰	1
凱	1
凳	1
凶	1
凸	1
凹	1
出	1
击	1
函	1
凿	1
刀	1
刁	1
刃	1
刄	1
分	1
切	1
刈	1
刊	1
刍	1
刎	1
刑	1
划	1
刕	1
列	1
刘	1
则	1
刚	1
创	1
初	1
删	1
判	1
別	1
刧	1
刨	1
利	1
刪	1
别	1
刮	1
到	1
刳	1
制	1
刷	1
券	1
刹	1
刺	1
刻	1
刽	1
剁	1
剂	1
剃	1
則	1
削	1
剋	1
剌	1
前	1
剎	1
剐	1
剑	1
剔	1
剖	1
剛	1
剜	1
剝	1
剡	1
剣	1
剤	1
剥	1
剧	1
剩	1
剪	1
副	1
剰	1
割	1
創	1
剷	1
剽	1
剿	1
劃	1
劇	1
劈	1
劉	1
劍	1
劑	1
劔	1
力	1
劝	1
办	1
功	1
加	1
务	1
劢	1
劣	1
动	1
助	1
努	1
劫	1
劭	1
励	1
劲	1
劳	1
労	1
劵	1
効	1
劼	1
劾	1
势	1
勁	1
勃	1
勅	1
勇	1
勉	1
勋	1
勍	1
勐	1
勒	1
動	1
勖	1
勘	1
務	1
勛	1
勝	1
勞	1
募	1
勠	1
勢	1
勣	1
勤	1
勧	1
勰	1
勲	1
勳	1
勵	1
勸	1
勺	1
勻	1
勾	1
勿	1
匀	1
匁	1
匂	1
包	1
匆	1
匈	1
匍	1
匏	1
匐	1
匕	1
化	1
北	1
匙	1
匝	1
匠	1
匡	1
匣	1
匪	1
匮	1
匯	1
匹	1
区	1
医	1
匾	1
匿	1
區	1
十	1
千	1
卅	1
升	1
午	1
卉	1
半	1
卍	1
华	1
协	1
卐	1
卑	1
卒	1
卓	1
協	1
单	1
卖	1
南	1
単	1
博	1
卜	1
卞	1
卟	1
占	1
卡	1
卢	1
卣	1
卤	1
卦	1
卧	1
卫	1
卬	1
卮	1
卯	1
印	1
危	1
即	1
却	1
卵	1
卷	1
卸	1
卻	1
卽	1
卿	1
厂	1
厄	1
厅	1
历	1
厉	1
压	1
厌	1
厍	1
厓	1
厕	1
厘	1
厚	1
厝	1
原	1
厢	1
厥	1
厦	1
厨	1
厩	1
厭	1
厮	1
厲	1
厳	1
厶	1
去	1
县	1
叁	1
参	1
參	1
又	1
叉	1
及	1
友	1
双	1
反	1
収	1
发	1
叒	1
叔	1
叕	1
取	1
受	1
变	1
叙	1
叛	1
叟	1
叠	1
叡	1
叢	1
口	1
古	1
句	1
另	1
叨	1
叩	1
只	1
叫	1
召	1
叭	1
叮	1
可	1
台	1
叱	1
史	1
右	1
叵	1
叶	1
号	1
司	1
叹	1
叻	1
叼	1
叽	1
吁	1
吃	1
各	1
吆	1
合	1
吉	1
吊	1
吋	1
同	1
名	1
后	1
吏	1
吐	1
向	1
吒	1
吓	1
吔	1
吕	1
吖	1
吗	1
君	1
吝	1
吞	1
吟	1
吠	1
吡	1
否	1
吧	1
吨	1
吩	1
含	1
听	1
吭	1
吮	1
启	1
吱	1
吲	1
吳	1
吴	1
吵	1
吶	1
吸	1
吹	1
吻	1
吼	1
吽	1
吾	1
吿	1
呀	1
呂	1
呃	1
呆	1
呈	1
呉	1
告	1
呋	1
呎	1
呐	1
呑	1
呓	1
呔	1
呕	1
呖	1
呗	1
员	1
呛	1
呜	1
呡	1
呢	1
呤	1
呦	1
周	1
呪	1
呯	1
呱	1
呲	1
味	1
呵	1
呶	1
呷	1
呸	1
呻	1
呼	1
命	1
咀	1
咁	1
咂	1
咄	1
咆	1
咋	1
和	1
咎	1
咏	1
咐	1
咒	1
咔	1
咕	1
咖	1
咗	1
咘	1
咙	1
咚	1
咛	1
咝	1
咣	1
咤	1
咥	1
咦	1
咧	1
咨	1
咩	1
咪	1
咫	1
咬	1
咭	1
咯	1
咱	1
咲	1
咳	1
咸	1
咻	1
咽	1
咾	1
咿	1
哀	1
品	1
哂	1
哄	1
哆	1
哇	1
哈	1
哉	1
哋	1
哌	1
响	1
哎	1
哏	1
哐	1
哑	1
哒	1
哔	1
哗	1
哙	1
哚	1
哝	1
哞	1
哟	1
員	1
哥	1
哦	1
哧	1
哨	1
哩	1
哪	1
哭	1
哮	1
哲	1
哺	1
哼	1
哽	1
唁	1
唄	1
唆	1
唇	1
唉	1
唏	1
唐	1
唑	1
唔	1
唛	1
唠	1
唢	1
唤	1
唧	1
唬	1
售	1
唯	1
唰	1
唱	1
唳	1
唵	1
唷	1
唸	1
唾	1
唿	1
啃	1
啄	1
商	1
啉	1
啊	1
問	1
啐	1
啓	1
啕	1
啖	1
啜	1
啞	1
啟	1
啡	1
啤	1
啥	1
啦	1
啧	1
啪	1
啫	1
啬	1
啭	1
啮	1
啰	1
啱	1
啲	1
啵	1
啶	1
啷	1
啸	1
啻	1
啼	1
啾	1
喀	1
喂	1
喃	1
善	1
喆	1
喇	1
喉	1
喊	1
喋	1
喎	1
喏	1
喑	1
喔	1
喘	1
喙	1
喚	1
喜	1
喝	1
喟	1
喧	1
喪	1
喫	1
喬	1
單	1
喰	1
喱	1
喲	1
喳	1
喵	1
営	1
喷	1
喹	1
喺	1
喻	1
喽	1
喾	1
嗄	1
嗅	1
嗆	1
嗇	1
嗌	1
嗎	1
嗐	1
嗑	1
嗒	1
嗓	1
嗔	1
嗖	1
嗚	1
嗜	1
嗝	1
嗞	1
嗟	1
嗡	1
嗣	1
嗤	1
嗥	1
嗦	1
嗨	1
嗪	1
嗫	1
嗬	1
嗮	1
嗯	1
嗲	1
嗳	1
嗵	1
嗶	1
嗷	1
嗽	1
嘀	1
嘁	1
嘅	1
嘆	1
嘈	1
嘉	1
嘍	1
嘎	1
嘏	1
嘔	1
嘖	1
嘗	1
嘘	1
嘚	1
嘛	1
嘞	1
嘟	1
嘢	1
嘣	1
嘤	1
嘩	1
嘬	1
嘭	1
嘯	1
嘰	1
嘱	1
嘲	1
嘴	1
嘶	1
嘸	1
嘹	1
嘻	1
嘿	1
噁	1
噂	1
噌	1
噎	1
噓	1
噔	1
噗	1
噘	1
噙	1
噛	1
噜	1
噠	1
噢	1
噤	1
器	1
噩	1
噪	1
噫	1
噬	1
噱	1
噴	1
噶	1
噸	1
噹	1
噺	1
噻	1
噼	1
嚀	1
嚅	1
嚇	1
嚎	1
嚏	1
嚐	1
嚓	1
嚕	1
嚜	1
嚟	1
嚢	1
嚣	1
嚥	1
嚭	1
嚮	1
嚯	1
嚴	1
嚶	1
嚷	1
嚼	1
囁	1
囂	1
囉	1
囊	1
囍	1
囑	1
囔	1
囗	1
囘	1
囚	1
四	1
囝	1
回	1
囟	1
因	1
囡	1
团	1
団	1
囤	1
囧	1
囫	1
园	1
囮	1
囯	1
困	1
囱	1
囲	1
図	1
围	1
囵	1
囷	1
囹	1
固	1
国	1
图	1
囿	1
圃	1
圄	1
圆	1
圈	1
圉	1
國	1
圍	1
圏	1
園	1
圓	1
圖	1
團	1
圜	1
土	1
圣	1
圧	1
在	1
圩	1
圪	1
圭	1
圮	1
地	1
圳	1
场	1
圻	1
圾	1
址	1
坂	1
均	1
坊	1
坍	1
坎	1
坏	1
坐	1
坑	1
块	1
坚	1
坛	1
坜	1
坝	1
坞	1
坟	1
坠	1
坡	1
坤	1
坦	1
坨	1
坪	1
坭	1
坯	1
坳	1
坵	1
坶	1
坷	1
垂	1
垃	1
垄	1
垅	1
型	1
垌	1
垒	1
垓	1
垚	1
垛	1
垟	1
垠	1
垡	1
垢	1
垣	1
垦	1
垩	1
垫	1
垭	1
垮	1
垵	1
埂	1
埃	1
埋	1
埌	1
城	1
埒	1
埔	1
埕	1
埗	1
埙	1
埜	1
域	1
埠	1
埤	1
埭	1
埴	1
埵	1
執	1
埸	1
培	1
基	1
埼	1
堀	1
堂	1
堃	1
堅	1
堆	1
堇	1
堑	1
堔	1
堕	1
堡	1
堤	1
堪	1
堯	1
堰	1
報	1
場	1
堵	1
堺	1
塀	1
塁	1
塊	1
塌	1
塍	1
塑	1
塔	1
塗	1
塘	1
塙	1
塚	1
塞	1
塢	1
塩	1
填	1
塬	1
塭	1
塱	1
塵	1
塾	1
墀	1
境	1
墅	1
墉	1
墊	1
墒	1
墓	1
増	1
墘	1
墙	1
墜	1
增	1
墟	1
墨	1
墩	1
墮	1
墳	1
墻	1
墾	1
壁	1
壅	1
壇	1
壊	1
壌	1
壑	1
壓	1
壕	1
壘	1
壞	1
壟	1
壢	1
壤	1
壩	1
士	1
壬	1
壮	1
壯	1
声	1
壱	1
売	1
壳	1
壶	1
壷	1
壹	1
壺	1
壼	1
壽	1
夂	1
处	1
备	1
変	1
夋	1
夌	1
复	1
夏	1
夔	1
夕	1
外	1
夙	1
多	1
夜	1
够	1
夠	1
夢	1
夥	1
大	1
天	1
太	1
夫	1
夭	1
央	1
夯	1
失	1
夲	1
头	1
夷	1
夸	1
夹	1
夺	1
夾	1
奁	1
奂	1
奄	1
奇	1
奈	1
奉	1
奋	1
奎	1
奏	1
契	1
奔	1
奕	1
奖	1
套	1
奘	1
奚	1
奠	1
奡	1
奢	1
奥	1
奧	1
奨	1
奪	1
奬	1
奭	1
奮	1
女	1
奴	1
奶	1
奷	1
奸	1
她	1
好	1
妁	1
如	1
妃	1
妄	1
妆	1
妇	1
妈	1
妊	1
妍	1
妏	1
妒	1
妓	1
妖	1
妗	1
妘	1
妙	1
妝	1
妞	1
妡	1
妣	1
妤	1
妥	1
妧	1
妨	1
妩	1
妪	1
妫	1
妬	1
妮	1
妯	1
妲	1
妳	1
妹	1
妺	1
妻	1
妾	1
姀	1
姆	1
姉	1
姊	1
始	1
姌	1
姍	1
姐	1
姑	1
姒	1
姓	1
委	1
姗	1
姘	1
姚	1
姜	1
姝	1
姣	1
姥	1
姦	1
姨	1
姪	1
姫	1
姬	1
姮	1
姳	1
姵	1
姹	1
姻	1
姽	1
姿	1
威	1
娃	1
娄	1
娅	1
娆	1
娇	1
娈	1
娉	1
娌	1
娑	1
娓	1
娘	1
娛	1
娜	1
娟	1
娠	1
娣	1
娥	1
娩	1
娪	1
娰	1
娱	1
娲	1
娴	1
娶	1
娼	1
婀	1
婁	1
婆	1
婉	1
婊	1
婕	1
婚	1
婠	1
婢	1
婥	1
婦	1
婧	1
婪	1
婬	1
婭	1
婳	1
婴	1
婵	1
婶	1
婷	1
婺	1
婻	1
婼	1
婿	1
媃	1
媄	1
媒	1
媓	1
媗	1
媚	1
媛	1
媞	1
媪	1
媱	1
媲	1
媳	1
媽	1
媾	1
嫁	1
嫂	1
嫃	1
嫆	1
嫉	1
嫌	1
嫒	1
嫔	1
嫖	1
嫚	1
嫡	1
嫣	1
嫤	1
嫦	1
嫩	1
嫪	1
嫮	1
嫰	1
嫱	1
嫲	1
嫻	1
嬅	1
嬉	1
嬌	1
嬗	1
嬛	1
嬢	1
嬤	1
嬪	1
嬬	1
嬰	1
嬲	1
嬴	1
嬷	1
嬸	1
嬿	1
孀	1
孃	1
子	1
孑	1
孔	1
孕	1
孖	1
字	1
存	1
孙	1
孚	1
孛	1
孜	1
孝	1
孟	1
孢	1
季	1
孤	1
学	1
孩	1
孪	1
孫	1
孬	1
孰	1
孱	1
孳	1
孵	1
學	1
孺	1
孽	1
宀	1
宁	1
它	1
宅	1
宇	1
守	1
安	1
宋	1
完	1
宍	1
宏	1
宓	1
宕	1
宗	1
官	1
宙	1
定	1
宛	1
宜	1
宝	1
实	1
実	1
宠	1
审	1
客	1
宣	1
室	1
宥	1
宦	1
宪	1
宫	1
宬	1
宮	1
宰	1
害	1
宴	1
宵	1
家	1
宸	1
容	1
宽	1
宾	1
宿	1
寀	1
寂	1
寄	1
寅	1
密	1
寇	1
富	1
寐	1
寒	1
寓	1
寔	1
寛	1
寝	1
寞	1
察	1
寡	1
寢	1
寤	1
寥	1
實	1
寧	1
寨	1
審	1
寫	1
寬	1
寮	1
寰	1
寳	1
寵	1
寶	1
寸	1
对	1
寺	1
寻	1
导	1
対	1
寿	1
封	1
専	1
射	1
尅	1
将	1
將	1
專	1
尉	1
尊	1
尋	1
對	1
導	1
小	1
尐	1
少	1
尓	1
尔	1
尕	1
尖	1
尘	1
尙	1
尚	1
尛	1
尝	1
尢	1
尤	1
尧	1
尨	1
尪	1
尬	1
尭	1
就	1
尴	1
尷	1
尸	1
尹	1
尺	1
尻	1
尼	1
尽	1
尾	1
尿	1
局	1
屁	1
层	1
屃	1
屄	1
居	1
屆	1
屈	1
屉	1
届	1
屋	1
屌	1
屍	1
屎	1
屏	1
屐	1
屑	1
展	1
屙	1
屜	1
属	1
屠	1
屡	1
屢	1
層	1
履	1
屬	1
屮	1
屯	1
山	1
屹	1
屾	1
屿	1
岀	1
岁	1
岂	1
岄	1
岌	1
岐	1
岑	1
岔	1
岖	1
岗	1
岘	1
岙	1
岚	1
岛	1
岡	1
岢	1
岩	1
岫	1
岬	1
岭	1
岱	1
岳	1
岷	1
岸	1
岿	1
峁	1
峄	1
峇	1
峋	1
峒	1
峙	1
峠	1
峡	1
峤	1
峥	1
峦	1
峨	1
峪	1
峭	1
峮	1
峯	1
峰	1
峴	1
島	1
峻	1
峽	1
崁	1
崂	1
崆	1
崇	1
崎	1
崑	1
崔	1
崖	1
崗	1
崙	1
崚	1
崛	1
崟	1
崢	1
崤	1
崧	1
崩	1
崭	1
崮	1
崴	1
崽	1
嵇	1
嵊	1
嵋	1
嵌	1
嵐	1
嵘	1
嵛	1
嵜	1
嵩	1
嵬	1
嵴	1
嶂	1
嶋	1
嶌	1
嶙	1
嶝	1
嶷	1
嶸	1
嶺	1
嶼	1
嶽	1
巅	1
巌	1
巍	1
巒	1
巔	1
巖	1
川	1
州	1
巡	1
巢	1
巣	1
工	1
左	1
巧	1
巨	1
巩	1
巫	1
差	1
己	1
已	1
巳	1
巴	1
巷	1
巻	1
巽	1
巾	1
巿	1
币	1
市	1
布	1
帅	1
帆	1
师	1
希	1
帏	1
帐	1
帔	1
帕	1
帖	1
帘	1
帙	1
帚	1
帛	1
帜	1
帝	1
帥	1
带	1
帧	1
師	1
席	1
帮	1
帯	1
帰	1
帳	1
帶	1
帷	1
常	1
帼	1
帽	1
幀	1
幂	1
幄	1
幅	1
幇	1
幌	1
幔	1
幕	1
幟	1
幡	1
幢	1
幣	1
幪	1
幫	1
干	1
平	1
年	1
并	1
幸	1
幹	1
幺	1
幻	1
幼	1
幽	1
幾	1
广	1
庁	1
広	1
庄	1
庆	1
庇	1
床	1
序	1
庐	1
库	1
应	1
底	1
庖	1
店	1
庙	1
庚	1
府	1
庞	1
废	1
庠	1
庥	1
度	1
座	1
庫	1
庭	1
庵	1
庶	1
康	1
庸	1
庾	1
廁	1
廂	1
廃	1
廈	1
廉	1
廊	1
廋	1
廓	1
廖	1
廚	1
廝	1
廟	1
廠	1
廢	1
廣	1
廪	1
廬	1
廳	1
延	1
廷	1
廸	1
建	1
廻	1
廼	1
廾	1
廿	1
开	1
弁	1
异	1
弃	1
弄	1
弈	1
弊	1
弋	1
弌	1
弍	1
式	1
弐	1
弑	1
弒	1
弓	1
弔	1
引	1
弗	1
弘	1
弛	1
弟	1
张	1
弢	1
弥	1
弦	1
弧	1
弩	1
弭	1
弯	1
弱	1
張	1
強	1
弹	1
强	1
弼	1
弾	1
彈	1
彊	1
彌	1
彎	1
归	1
当	1
录	1
彗	1
彘	1
彙	1
彝	1
彡	1
形	1
彤	1
彥	1
彦	1
彧	1
彩	1
彪	1
彫	1
彬	1
彭	1
彰	1
影	1
彳	1
彷	1
役	1
彻	1
彼	1
彿	1
往	1
征	1
径	1
待	1
徇	1
很	1
徉	1
徊	1
律	1
後	1
徍	1
徐	1
徑	1
徒	1
従	1
徕	1
得	1
徘	1
徙	1
徜	1
從	1
徠	1
御	1
徨	1
復	1
循	1
徭	1
微	1
徳	1
徴	1
徵	1
德	1
徹	1
徽	1
心	1
忄	1
必	1
忆	1
忌	1
忍	1
忏	1
忐	1
忑	1
忒	1
忖	1
志	1
忘	1
忙	1
応	1
忝	1
忠	1
忡	1
忤	1
忧	1
忪	1
快	1
忱	1
念	1
忸	1
忻	1
忽	1
忾	1
忿	1
怀	1
态	1
怂	1
怄	1
怅	1
怆	1
怎	1
怏	1
怒	1
怔	1
怕	1
怖	1
怙	1
怛	1
怜	1
思	1
怠	1
怡	1
急	1
怦	1
性	1
怨	1
怩	1
怪	1
怯	1
怵	1
总	1
怼	1
怿	1
恁	1
恂	1
恃	1
恆	1
恋	1
恍	1
恐	1
恒	1
恕	1
恙	1
恚	1
恢	1
恣	1
恤	1
恥	1
恨	1
恩	1
恪	1
恫	1
恬	1
恭	1
息	1
恰	1
恳	1
恵	1
恶	1
恸	1
恹	1
恺	1
恻	1
恼	1
恽	1
恿	1
悄	1
悅	1
悉	1
悌	1
悍	1
悔	1
悖	1
悚	1
悟	1
悠	1
患	1
悦	1
您	1
悩	1
悪	1
悬	1
悭	1
悯	1
悱	1
悲	1
悴	1
悵	1
悶	1
悸	1
悻	1
悼	1
悽	1
情	1
惆	1
惇	1
惊	1
惋	1
惑	1
惕	1
惘	1
惚	1
惜	1
惟	1
惠	1
惡	1
惣	1
惦	1
惧	1
惨	1
惩	1
惫	1
惬	1
惭	1
惮	1
惯	1
惰	1
惱	1
想	1
惴	1
惶	1
惹	1
惺	1
惻	1
愀	1
愁	1
愆	1
愈	1
愉	1
愍	1
愎	1
意	1
愔	1
愕	1
愚	1
愛	1
感	1
愠	1
愣	1
愤	1
愧	1
愫	1
愬	1
愰	1
愷	1
愽	1
愿	1
慄	1
慈	1
態	1
慌	1
慎	1
慑	1
慕	1
慘	1
慚	1
慜	1
慟	1
慢	1
慣	1
慧	1
慨	1
慫	1
慬	1
慮	1
慰	1
慳	1
慵	1
慶	1
慷	1
慾	1
憂	1
憋	1
憎	1
憐	1
憑	1
憔	1
憚	1
憤	1
憧	1
憨	1
憩	1
憬	1
憲	1
憶	1
憷	1
憾	1
懂	1
懇	1
懈	1
應	1
懊	1
懋	1
懐	1
懑	1
懒	1
懟	1
懦	1
懲	1
懵	1
懶	1
懷	1
懸	1
懺	1
懼	1
懿	1
戀	1
戈	1
戊	1
戌	1
戍	1
戎	1
戏	1
成	1
我	1
戒	1
戔	1
戕	1
或	1
战	1
戚	1
戛	1
戟	1
戡	1
戢	1
戦	1
截	1
戬	1
戮	1
戯	1
戰	1
戲	1
戳	1
戴	1
戶	1
户	1
戸	1
戻	1
戾	1
房	1
所	1
扁	1
扇	1
扈	1
扉	1
手	1
扌	1
才	1
扎	1
扑	1
扒	1
打	1
扔	1
払	1
托	1
扛	1
扣	1
扥	1
扦	1
执	1
扩	1
扪	1
扫	1
扬	1
扭	1
扮	1
扯	1
扰	1
扱	1
扳	1
扶	1
批	1
扼	1
找	1
承	1
技	1
抄	1
抉	1
把	1
抑	1
抒	1
抓	1
抔	1
投	1
抖	1
抗	1
折	1
抚	1
抛	1
抜	1
択	1
抟	1
抠	1
抡	1
抢	1
护	1
报	1
抨	1
披	1
抬	1
抱	1
抵	1
抹	1
抺	1
抻	1
押	1
抽	1
抿	1
拂	1
拄	1
担	1
拆	1
拇	1
拈	1
拉	1
拋	1
拌	1
拍	1
拎	1
拐	1
拒	1
拓	1
拔	1
拖	1
拗	1
拘	1
拙	1
拚	1
招	1
拜	1
拝	1
拟	1
拠	1
拡	1
拢	1
拣	1
拥	1
拦	1
拧	1
拨	1
择	1
括	1
拭	1
拮	1
拯	1
拱	1
拳	1
拴	1
拵	1
拶	1
拷	1
拼	1
拽	1
拾	1
拿	1
持	1
挂	1
指	1
挈	1
按	1
挎	1
挑	1
挖	1
挙	1
挚	1
挛	1
挝	1
挞	1
挟	1
挠	1
挡	1
挣	1
挤	1
挥	1
挨	1
挪	1
挫	1
振	1
挲	1
挹	1
挺	1
挽	1
挾	1
挿	1
捂	1
捅	1
捆	1
捉	1
捋	1
捌	1
捍	1
捎	1
捏	1
捐	1
捕	1
捗	1
捜	1
捞	1
损	1
捡	1
换	1
捣	1
捧	1
捨	1
捩	1
捭	1
据	1
捯	1
捱	1
捲	1
捶	1
捷	1
捺	1
捻	1
掀	1
掂	1
掃	1
掇	1
授	1
掉	1
掌	1
掏	1
掐	1
排	1
掖	1
掘	1
掙	1
掛	1
掟	1
掠	1
採	1
探	1
掣	1
接	1
控	1
推	1
掩	1
措	1
掬	1
掮	1
掰	1
掲	1
掳	1
掴	1
掷	1
掸	1
掺	1
掻	1
掼	1
掾	1
揀	1
揃	1
揄	1
揆	1
揉	1
揍	1
描	1
提	1
插	1
揖	1
揚	1
換	1
握	1
揣	1
揩	1
揪	1
揭	1
揮	1
援	1
揶	1
揸	1
揹	1
揺	1
揽	1
揾	1
搀	1
搁	1
搂	1
搅	1
損	1
搏	1
搐	1
搓	1
搔	1
搖	1
搗	1
搜	1
搞	1
搡	1
搧	1
搪	1
搬	1
搭	1
搴	1
搵	1
搶	1
携	1
搽	1
搾	1
摁	1
摂	1
摄	1
摆	1
摇	1
摊	1
摒	1
摔	1
摘	1
摞	1
摟	1
摧	1
摩	1
摯	1
摸	1
摹	1
摺	1
摻	1
撂	1
撃	1
撅	1
撇	1
撈	1
撐	1
撑	1
撒	1
撓	1
撕	1
撚	1
撞	1
撤	1
撥	1
撩	1
撫	1
撬	1
播	1
撮	1
撰	1
撲	1
撳	1
撵	1
撷	1
撸	1
撹	1
撺	1
撻	1
撼	1
撿	1
擀	1
擁	1
擂	1
擅	1
擇	1
擊	1
擋	1
操	1
擎	1
擒	1
擔	1
擘	1
據	1
擞	1
擠	1
擢	1
擤	1
擦	1
擧	1
擬	1
擰	1
擱	1
擲	1
擴	1
擺	1
擾	1
攀	1
攏	1
攒	1
攔	1
攘	1
攜	1
攝	1
攢	1
攣	1
攤	1
攥	1
攪	1
攫	1
攬	1
支	1
收	1
攸	1
改	1
攻	1
放	1
政	1
故	1
效	1
敌	1
敍	1
敎	1
敏	1
救	1
敕	1
敖	1
敗	1
敘	1
教	1
敛	1
敝	1
敞	1
敢	1
散	1
敦	1
敬	1
数	1
敲	1
整	1
敵	1
敷	1
數	1
斂	1
斃	1
文	1
斉	1
斋	1
斌	1
斎	1
斐	1
斑	1
斓	1
斗	1
料	1
斛	1
斜	1
斟	1
斡	1
斤	1
斥	1
斧	1
斩	1
斫	1
斬	1
断	1
斯	1
新	1
斷	1
方	1
於	1
施	1
旁	1
旂	1
旃	1
旅	1
旋	1
旌	1
旎	1
族	1
旒	1
旖	1
旗	1
旛	1
无	1
既	1
日	1
旦	1
旧	1
旨	1
早	1
旬	1
旭	1
旮	1
旯	1
旱	1
旳	1
时	1
旷	1
旸	1
旺	1
旻	1
旼	1
昀	1
昂	1
昃	1
昆	1
昇	1
昉	1
昊	1
昌	1
明	1
昏	1
易	1
昔	1
昕	1
昙	1
昝	1
星	1
映	1
春	1
昧	1
昨	1
昭	1
是	1
昱	1
昳	1
昴	1
昵	1
昶	1
昼	1
显	1
晁	1
時	1
晃	1
晄	1
晅	1
晉	1
晋	1
晌	1
晏	1
晒	1
晓	1
晔	1
晕	1
晖	1
晗	1
晙	1
晚	1
晝	1
晞	1
晟	1
晢	1
晤	1
晦	1
晧	1
晨	1
晩	1
普	1
景	1
晰	1
晳	1
晴	1
晶	1
晷	1
晸	1
智	1
晼	1
晾	1
暁	1
暂	1
暄	1
暇	1
暈	1
暉	1
暎	1
暐	1
暑	1
暖	1
暗	1
暘	1
暝	1
暢	1
暦	1
暧	1
暨	1
暫	1
暮	1
暱	1
暴	1
暹	1
暻	1
暼	1
暾	1
曄	1
曆	1
曇	1
曈	1
曉	1
曌	1
曖	1
曙	1
曛	1
曜	1
曝	1
曠	1
曦	1
曩	1
曬	1
曰	1
曲	1
曳	1
更	1
曷	1
書	1
曹	1
曺	1
曼	1
曽	1
曾	1
替	1
最	1
會	1
月	1
有	1
朋	1
服	1
朔	1
朕	1
朗	1
望	1
朝	1
期	1
朦	1
朧	1
木	1
未	1
末	1
本	1
札	1
朮	1
术	1
朱	1
朴	1
朵	1
机	1
朽	1
杀	1
杂	1
权	1
杆	1
杈	1
杉	1
杌	1
李	1
杏	1
材	1
村	1
杓	1
杖	1
杜	1
杞	1
束	1
杠	1
条	1
杢	1
杣	1
来	1
杨	1
杩	1
杪	1
杭	1
杯	1
杰	1
東	1
杲	1
杳	1
杵	1
杷	1
杼	1
松	1
板	1
极	1
构	1
枇	1
枉	1
枋	1
析	1
枕	1
林	1
枚	1
果	1
枝	1
枞	1
枠	1
枡	1
枢	1
枣	1
枧	1
枪	1
枫	1
枭	1
枯	1
枰	1
枱	1
枳	1
架	1
枷	1
枸	1
柄	1
柊	1
柏	1
某	1
柑	1
柒	1
染	1
柔	1
柘	1
柚	1
柜	1
柞	1
柠	1
柢	1
查	1
柩	1
柬	1
柯	1
柰	1
柱	1
柳	1
柴	1
柵	1
査	1
柽	1
柾	1
柿	1
栀	1
栂	1
栃	1
栄	1
栅	1
标	1
栈	1
栉	1
栊	1
栋	1
栎	1
栏	1
树	1
栓	1
栖	1
栗	1
栞	1
校	1
栢	1
栩	1
株	1
样	1
核	1
根	1
格	1
栽	1
栾	1
桀	1
桁	1
桂	1
桃	1
桅	1
框	1
案	1
桉	1
桌	1
桎	1
桐	1
桑	1
桓	1
桔	1
桖	1
桜	1
桝	1
桟	1
桠	1
桡	1
桢	1
档	1
桥	1
桦	1
桧	1
桨	1
桩	1
桶	1
桿	1
梁	1
梃	1
梅	1
梆	1
梏	1
梓	1
梗	1
梚	1
條	1
梟	1
梢	1
梦	1
梧	1
梨	1
梭	1
梯	1
械	1
梱	1
梳	1
梵	1
梶	1
梼	1
检	1
棂	1
棄	1
棉	1
棋	1
棍	1
棒	1
棕	1
棗	1
棘	1
棚	1
棟	1
棠	1
棣	1
棧	1
森	1
棰	1
棱	1
棲	1
棵	1
棹	1
棺	1
椀	1
椁	1
椅	1
椋	1
植	1
椎	1
椒	1
椚	1
椛	1
検	1
椤	1
椪	1
椭	1
椰	1
椴	1
椹	1
椽	1
椿	1
楂	1
楊	1
楓	1
楔	1
楚	1
楝	1
楞	1
楠	1
楡	1
楢	1
楣	1
楦	1
楨	1
楪	1
楫	1
業	1
楮	1
楯	1
極	1
楷	1
楸	1
楹	1
楼	1
楽	1
概	1
榄	1
榆	1
榈	1
榉	1
榊	1
榎	1
榔	1
榕	1
榖	1
榛	1
榜	1
榧	1
榨	1
榫	1
榭	1
榮	1
榴	1
榷	1
榻	1
槁	1
槃	1
槇	1
槊	1
構	1
槌	1
槍	1
槎	1
槐	1
槑	1
槓	1
様	1
槙	1
槛	1
槟	1
槡	1
槭	1
槲	1
槳	1
槻	1
槽	1
槿	1
樁	1
樂	1
樅	1
樊	1
樋	1
樑	1
樓	1
樗	1
樘	1
標	1
樞	1
樟	1
模	1
樣	1
樨	1
権	1
横	1
樫	1
樯	1
樰	1
樱	1
樵	1
樸	1
樹	1
樺	1
樽	1
樾	1
橄	1
橇	1
橈	1
橋	1
橐	1
橘	1
橙	1
機	1
橡	1
橦	1
橫	1
橱	1
橹	1
橼	1
檀	1
檄	1
檐	1
檔	1
檗	1
檜	1
檢	1
檩	1
檫	1
檬	1
檯	1
檳	1
檸	1
檻	1
櫂	1
櫃	1
櫈	1
櫓	1
櫛	1
櫟	1
櫥	1
櫨	1
櫻	1
欄	1
欅	1
權	1
欒	1
欖	1
欠	1
次	1
欢	1
欣	1
欤	1
欧	1
欲	1
欸	1
欹	1
欺	1
欽	1
款	1
歃	1
歆	1
歇	1
歉	1
歌	1
歎	1
歐	1
歓	1
歙	1
歛	1
歡	1
止	1
正	1
此	1
步	1
武	1
歧	1
歩	1
歪	1
歯	1
歲	1
歳	1
歴	1
歷	1
歸	1
歹	1
死	1
歼	1
歿	1
殁	1
殃	1
殄	1
殆	1
殇	1
殉	1
殊	1
残	1
殑	1
殒	1
殓	1
殖	1
殘	1
殚	1
殛	1
殞	1
殡	1
殤	1
殯	1
殲	1
殳	1
殴	1
段	1
殷	1
殺	1
殻	1
殼	1
殿	1
毀	1
毁	1
毂	1
毅	1
毆	1
毋	1
母	1
毎	1
每	1
毐	1
毒	1
毓	1
比	1
毕	1
毗	1
毘	1
毙	1
毛	1
毡	1
毫	1
毬	1
毯	1
毳	1
毽	1
氅	1
氈	1
氏	1
氐	1
民	1
氓	1
气	1
氖	1
気	1
氘	1
氚	1
氛	1
氟	1
氡	1
氢	1
氣	1
氤	1
氦	1
氧	1
氨	1
氩	1
氪	1
氫	1
氮	1
氯	1
氰	1
氲	1
水	1
氵	1
氷	1
永	1
氹	1
氾	1
氿	1
汀	1
汁	1
求	1
汆	1
汇	1
汉	1
汊	1
汎	1
汐	1
汕	1
汗	1
汙	1
汚	1
汛	1
汜	1
汝	1
汞	1
江	1
池	1
污	1
汤	1
汨	1
汩	1
汪	1
汰	1
汲	1
汴	1
汶	1
汹	1
決	1
汽	1
汾	1
沁	1
沂	1
沃	1
沄	1
沅	1
沆	1
沈	1
沉	1
沌	1
沏	1
沐	1
沒	1
沓	1
沔	1
沖	1
沙	1
沚	1
沛	1
沟	1
没	1
沢	1
沣	1
沤	1
沥	1
沦	1
沧	1
沨	1
沪	1
沫	1
沬	1
沭	1
沮	1
沱	1
河	1
沸	1
油	1
治	1
沼	1
沽	1
沾	1
沿	1
況	1
泄	1
泅	1
泉	1
泊	1
泌	1
泓	1
泔	1
法	1
泗	1
泛	1
泞	1
泠	1
泡	1
波	1
泣	1
泥	1
注	1
泪	1
泫	1
泮	1
泯	1
泰	1
泱	1
泳	1
泵	1
泷	1
泸	1
泺	1
泻	1
泼	1
泽	1
泾	1
洁	1
洄	1
洆	1
洇	1
洋	1
洌	1
洐	1
洒	1
洗	1
洙	1
洛	1
洞	1
洢	1
津	1
洧	1
洨	1
洩	1
洪	1
洮	1
洱	1
洲	1
洳	1
洵	1
洸	1
洹	1
洺	1
活	1
洼	1
洽	1
派	1
流	1
浃	1
浄	1
浅	1
浆	1
浇	1
浈	1
浊	1
测	1
济	1
浏	1
浐	1
浑	1
浒	1
浓	1
浔	1
浙	1
浚	1
浜	1
浠	1
浣	1
浤	1
浥	1
浦	1
浩	1
浪	1
浬	1
浮	1
浯	1
浴	1
海	1
浸	1
浼	1
涂	1
涅	1
涇	1
消	1
涉	1
涌	1
涎	1
涑	1
涒	1
涓	1
涔	1
涕	1
涙	1
涛	1
涜	1
涝	1
涞	1
涟	1
涠	1
涡	1
涣	1
涤	1
涥	1
润	1
涧	1
涨	1
涩	1
涪	1
涮	1
涯	1
液	1
涵	1
涸	1
涼	1
涿	1
淀	1
淄	1
淅	1
淆	1
淇	1
淋	1
淌	1
淏	1
淑	1
淒	1
淖	1
淘	1
淙	1
淚	1
淝	1
淞	1
淡	1
淤	1
淦	1
淨	1
淩	1
淪	1
淫	1
淬	1
淮	1
淯	1
深	1
淳	1
淵	1
混	1
淸	1
淹	1
淺	1
添	1
淼	1
渃	1
清	1
渇	1
済	1
渉	1
渊	1
渋	1
渌	1
渍	1
渎	1
渐	1
渓	1
渔	1
渕	1
渗	1
渚	1
減	1
渝	1
渟	1
渠	1
渡	1
渣	1
渤	1
渥	1
渦	1
温	1
測	1
渭	1
港	1
渲	1
渴	1
游	1
渺	1
渼	1
渾	1
湃	1
湄	1
湉	1
湊	1
湍	1
湎	1
湖	1
湘	1
湛	1
湜	1
湟	1
湧	1
湫	1
湮	1
湯	1
湲	1
湳	1
湾	1
湿	1
満	1
溃	1
溅	1
溉	1
溏	1
源	1
準	1
溜	1
溝	1
溟	1
溢	1
溥	1
溦	1
溧	1
溪	1
溫	1
溯	1
溱	1
溴	1
溶	1
溺	1
滁	1
滂	1
滄	1
滅	1
滇	1
滉	1
滋	1
滌	1
滑	1
滓	1
滔	1
滕	1
滘	1
滚	1
滝	1
滞	1
滟	1
滠	1
满	1
滢	1
滤	1
滥	1
滦	1
滨	1
滩	1
滬	1
滯	1
滲	1
滴	1
滸	1
滾	1
滿	1
漁	1
漂	1
漆	1
漉	1
漏	1
漓	1
演	1
漕	1
漠	1
漢	1
漣	1
漩	1
漪	1
漫	1
漬	1
漯	1
漱	1
漲	1
漳	1
漸	1
漾	1
漿	1
潆	1
潇	1
潋	1
潍	1
潑	1
潔	1
潘	1
潛	1
潜	1
潞	1
潟	1
潢	1
潤	1
潦	1
潭	1
潮	1
潰	1
潴	1
潸	1
潺	1
潼	1
澀	1
澂	1
澄	1
澆	1
澈	1
澍	1
澎	1
澐	1
澔	1
澗	1
澜	1
澡	1
澤	1
澧	1
澪	1
澱	1
澳	1
澶	1
澹	1
激	1
濁	1
濂	1
濃	1
濆	1
濑	1
濒	1
濕	1
濛	1
濟	1
濠	1
濡	1
濤	1
濫	1
濬	1
濮	1
濯	1
濱	1
濶	1
濺	1
濾	1
瀅	1
瀉	1
瀋	1
瀏	1
瀑	1
瀕	1
瀘	1
瀚	1
瀛	1
瀝	1
瀞	1
瀟	1
瀣	1
瀧	1
瀬	1
瀰	1
瀾	1
灌	1
灏	1
灑	1
灘	1
灝	1
灞	1
灣	1
火	1
灬	1
灭	1
灯	1
灰	1
灵	1
灶	1
灸	1
灼	1
災	1
灾	1
灿	1
炀	1
炁	1
炅	1
炆	1
炉	1
炊	1
炎	1
炒	1
炔	1
炕	1
炖	1
炘	1
炙	1
炜	1
炝	1
炤	1
炫	1
炬	1
炭	1
炮	1
炯	1
炳	1
炷	1
炸	1
点	1
為	1
炼	1
炽	1
烁	1
烂	1
烃	1
烈	1
烊	1
烏	1
烘	1
烙	1
烛	1
烜	1
烝	1
烟	1
烤	1
烦	1
烧	1
烨	1
烩	1
烫	1
烬	1
热	1
烮	1
烯	1
烷	1
烹	1
烺	1
烽	1
焄	1
焉	1
焊	1
焐	1
焓	1
焔	1
焕	1
焖	1
焗	1
焘	1
焙	1
焚	1
焜	1
無	1
焦	1
焯	1
焰	1
焱	1
焲	1
然	1
焼	1
煅	1
煇	1
煉	1
煊	1
煋	1
煌	1
煎	1
煐	1
煒	1
煕	1
煖	1
煙	1
煜	1
煞	1
煤	1
煥	1
煦	1
照	1
煨	1
煩	1
煬	1
煮	1
煲	1
煸	1
煽	1
熄	1
熊	1
熏	1
熒	1
熔	1
熘	1
熙	1
熜	1
熟	1
熠	1
熥	1
熨	1
熬	1
熯	1
熱	1
熵	1
熹	1
熾	1
燁	1
燃	1
燄	1
燈	1
燉	1
燊	1
燎	1
燐	1
燒	1
燔	1
燕	1
燙	1
燚	1
營	1
燥	1
燦	1
燧	1
燭	1
燮	1
燻	1
燼	1
燿	1
爆	1
爌	1
爍	1
爐	1
爛	1
爝	1
爨	1
爪	1
爬	1
爭	1
爰	1
爱	1
爲	1
爵	1
父	1
爷	1
爸	1
爹	1
爺	1
爻	1
爽	1
爾	1
爿	1
牀	1
牆	1
片	1
版	1
牌	1
牍	1
牒	1
牖	1
牙	1
牛	1
牝	1
牟	1
牠	1
牡	1
牢	1
牦	1
牧	1
物	1
牯	1
牲	1
牵	1
特	1
牺	1
牽	1
犀	1
犁	1
犄	1
犇	1
犊	1
犍	1
犒	1
犟	1
犢	1
犧	1
犬	1
犭	1
犯	1
犴	1
状	1
犷	1
犸	1
犹	1
犼	1
犽	1
狀	1
狂	1
狄	1
狈	1
狍	1
狎	1
狐	1
狒	1
狗	1
狙	1
狛	1
狞	1
狠	1
狡	1
狩	1
独	1
狭	1
狮	1
狰	1
狱	1
狲	1
狴	1
狷	1
狸	1
狹	1
狻	1
狼	1
猁	1
猊	1
猎	1
猕	1
猖	1
猗	1
猛	1
猜	1
猝	1
猞	1
猟	1
猡	1
猢	1
猥	1
猩	1
猪	1
猫	1
猬	1
献	1
猴	1
猶	1
猷	1
猹	1
猾	1
猿	1
獄	1
獅	1
獎	1
獏	1
獐	1
獒	1
獗	1
獠	1
獣	1
獨	1
獬	1
獭	1
獲	1
獵	1
獸	1
獺	1
獻	1
獾	1
玄	1
率	1
玉	1
王	1
玎	1
玏	1
玑	1
玖	1
玘	1
玛	1
玟	1
玠	1
玢	1
玥	1
玦	1
玧	1
玨	1
玩	1
玫	1
玮	1
环	1
现	1
玲	1
玳	1
玷	1
玹	1
玺	1
玻	1
珀	1
珂	1
珃	1
珅	1
珈	1
珉	1
珊	1
珍	1
珏	1
珐	1
珑	1
珒	1
珙	1
珝	1
珞	1
珠	1
珣	1
珥	1
珧	1
珩	1
珪	1
班	1
珮	1
珰	1
珲	1
珵	1
珹	1
珺	1
珽	1
現	1
琀	1
球	1
琅	1
理	1
琇	1
琉	1
琊	1
琋	1
琍	1
琏	1
琐	1
琚	1
琛	1
琢	1
琤	1
琥	1
琦	1
琨	1
琪	1
琬	1
琮	1
琯	1
琰	1
琲	1
琳	1
琴	1
琵	1
琶	1
琼	1
瑀	1
瑁	1
瑄	1
瑆	1
瑋	1
瑕	1
瑗	1
瑙	1
瑚	1
瑛	1
瑜	1
瑞	1
瑟	1
瑠	1
瑢	1
瑣	1
瑤	1
瑥	1
瑧	1
瑨	1
瑩	1
瑪	1
瑭	1
瑯	1
瑰	1
瑱	1
瑶	1
瑷	1
瑾	1
璀	1
璁	1
璃	1
璇	1
璋	1
璎	1
璐	1
璘	1
璜	1
璞	1
璟	1
璠	1
璧	1
璨	1
璩	1
璫	1
環	1
璺	1
璽	1
璿	1
瓊	1
瓏	1
瓒	1
瓜	1
瓠	1
瓢	1
瓣	1
瓤	1
瓦	1
瓮	1
瓯	1
瓴	1
瓶	1
瓷	1
甄	1
甍	1
甑	1
甕	1
甘	1
甙	1
甚	1
甜	1
生	1
產	1
産	1
甤	1
甥	1
甦	1
用	1
甩	1
甪	1
甫	1
甬	1
甭	1
甯	1
田	1
由	1
甲	1
申	1
电	1
男	1
甸	1
町	1
画	1
甾	1
畀	1
畅	1
畈	1
畋	1
界	1
畏	1
畑	1
畔	1
留	1
畜	1
畝	1
畠	1
畢	1
略	1
畦	1
番	1
畫	1
異	1
畲	1
畳	1
畴	1
當	1
畸	1
畹	1
畿	1
疃	1
疆	1
疇	1
疊	1
疋	1
疎	1
疏	1
疑	1
疔	1
疖	1
疗	1
疙	1
疚	1
疝	1
疟	1
疡	1
疣	1
疤	1
疥	1
疫	1
疮	1
疯	1
疱	1
疲	1
疳	1
疵	1
疹	1
疼	1
疽	1
疾	1
痂	1
病	1
症	1
痈	1
痉	1
痊	1
痍	1
痒	1
痔	1
痕	1
痘	1
痙	1
痛	1
痞	1
痠	1
痢	1
痣	1
痧	1
痨	1
痩	1
痪	1
痫	1
痰	1
痱	1
痲	1
痴	1
痹	1
痺	1
痿	1
瘀	1
瘁	1
瘆	1
瘋	1
瘌	1
瘍	1
瘘	1
瘙	1
瘟	1
瘠	1
瘡	1
瘤	1
瘦	1
瘩	1
瘪	1
瘫	1
瘴	1
瘸	1
瘾	1
療	1
癇	1
癌	1
癒	1
癔	1
癖	1
癞	1
癟	1
癡	1
癢	1
癣	1
癥	1
癩	1
癫	1
癬	1
癮	1
癱	1
癲	1
癸	1
発	1
登	1
發	1
白	1
百	1
皂	1
的	1
皆	1
皇	1
皈	1
皋	1
皎	1
皐	1
皑	1
皓	1
皖	1
皙	1
皛	1
皮	1
皱	1
皲	1
皴	1
皺	1
皿	1
盂	1
盃	1
盅	1
盆	1
盈	1
益	1
盍	1
盎	1
盏	1
盐	1
监	1
盒	1
盔	1
盖	1
盗	1
盘	1
盛	1
盜	1
盞	1
盟	1
盡	1
監	1
盤	1
盥	1
盧	1
盪	1
目	1
盯	1
盲	1
直	1
相	1
盹	1
盼	1
盾	1
眀	1
省	1
眇	1
眈	1
眉	1
看	1
県	1
眞	1
真	1
眠	1
眦	1
眨	1
眩	1
眬	1
眭	1
眯	1
眶	1
眷	1
眸	1
眺	1
眼	1
眾	1
着	1
睁	1
睇	1
睏	1
睐	1
睑	1
睚	1
睛	1
睜	1
睡	1
睢	1
督	1
睥	1
睦	1
睨	1
睫	1
睬	1
睹	1
睺	1
睽	1
睾	1
睿	1
瞄	1
瞅	1
瞇	1
瞋	1
瞌	1
瞎	1
瞑	1
瞒	1
瞞	1
瞟	1
瞠	1
瞥	1
瞧	1
瞩	1
瞪	1
瞬	1
瞭	1
瞰	1
瞳	1
瞻	1
瞼	1
瞽	1
瞿	1
矅	1
矇	1
矍	1
矗	1
矚	1
矛	1
矜	1
矢	1
矣	1
知	1
矩	1
矫	1
矬	1
短	1
矮	1
矯	1
石	1
矶	1
矽	1
矾	1
矿	1
砀	1
码	1
砂	1
砌	1
砍	1
砒	1
研	1
砕	1
砖	1
砚	1
砜	1
砝	1
砟	1
砣	1
砥	1
砦	1
砧	1
砭	1
砰	1
砲	1
破	1
砵	1
砷	1
砸	1
砺	1
砻	1
砼	1
砾	1
础	1
硅	1
硌	1
硏	1
硐	1
硒	1
硕	1
硖	1
硚	1
硝	1
硫	1
硬	1
确	1
硯	1
硷	1
硼	1
硿	1
碁	1
碇	1
碉	1
碌	1
碍	1
碎	1
碑	1
碓	1
碗	1
碘	1
碛	1
碜	1
碟	1
碣	1
碧	1
碩	1
碰	1
碱	1
碲	1
碳	1
碴	1
確	1
碼	1
碾	1
磁	1
磅	1
磊	1
磋	1
磐	1
磔	1
磕	1
磚	1
磡	1
磨	1
磬	1
磯	1
磴	1
磷	1
磺	1
礁	1
礎	1
礒	1
礙	1
礦	1
礪	1
礫	1
礴	1
示	1
礻	1
礼	1
礽	1
社	1
祀	1
祁	1
祂	1
祇	1
祈	1
祉	1
祎	1
祐	1
祓	1
祕	1
祖	1
祗	1
祚	1
祛	1
祜	1
祝	1
神	1
祟	1
祠	1
祢	1
祤	1
祥	1
票	1
祭	1
祯	1
祷	1
祸	1
祺	1
祼	1
祿	1
禀	1
禁	1
禄	1
禅	1
禇	1
禊	1
禍	1
禎	1
福	1
禑	1
禛	1
禟	1
禦	1
禧	1
禩	1
禪	1
禮	1
禰	1
禱	1
禳	1
禹	1
禺	1
离	1
禽	1
禾	1
禿	1
秀	1
私	1
秃	1
秆	1
秉	1
秋	1
种	1
科	1
秒	1
秘	1
租	1
秣	1
秤	1
秦	1
秧	1
秩	1
积	1
称	1
秸	1
移	1
秽	1
秾	1
稀	1
稅	1
稈	1
程	1
稍	1
税	1
稔	1
稗	1
稚	1
稜	1
稞	1
稟	1
稠	1
稣	1
種	1
稱	1
稲	1
稳	1
稷	1
稹	1
稻	1
稼	1
稽	1
稿	1
穀	1
穂	1
穆	1
穌	1
積	1
穎	1
穏	1
穗	1
穢	1
穣	1
穩	1
穫	1
穰	1
穴	1
究	1
穷	1
穹	1
空	1
穿	1
突	1
窃	1
窄	1
窈	1
窍	1
窑	1
窒	1
窓	1
窕	1
窖	1
窗	1
窘	1
窜	1
窝	1
窟	1
窠	1
窣	1
窥	1
窦	1
窩	1
窪	1
窮	1
窯	1
窸	1
窺	1
窿	1
竄	1
竅	1
竇	1
竈	1
竊	1
立	1
竑	1
竖	1
站	1
竜	1
竝	1
竞	1
竟	1
章	1
竣	1
童	1
竦	1
竪	1
竭	1
端	1
競	1
竹	1
竺	1
竽	1
竿	1
笃	1
笄	1
笆	1
笈	1
笋	1
笏	1
笑	1
笔	1
笕	1
笙	1
笛	1
笞	1
笠	1
笤	1
笥	1
符	1
笨	1
笪	1
笫	1
第	1
笳	1
笹	1
笺	1
笼	1
筆	1
筈	1
等	1
筊	1
筋	1
筌	1
筍	1
筏	1
筐	1
筑	1
筒	1
答	1
策	1
筛	1
筝	1
筠	1
筧	1
筮	1
筱	1
筵	1
筷	1
筹	1
签	1
简	1
箇	1
箋	1
箍	1
箏	1
箐	1
箒	1
箓	1
箔	1
箕	1
算	1
箜	1
管	1
箧	1
箩	1
箪	1
箫	1
箬	1
箭	1
箱	1
箴	1
箸	1
節	1
篁	1
範	1
篆	1
篇	1
築	1
篋	1
篌	1
篑	1
篓	1
篙	1
篝	1
篠	1
篡	1
篤	1
篦	1
篩	1
篭	1
篮	1
篱	1
篷	1
篾	1
簇	1
簋	1
簌	1
簍	1
簑	1
簟	1
簡	1
簧	1
簪	1
簫	1
簷	1
簸	1
簽	1
簾	1
簿	1
籁	1
籃	1
籌	1
籍	1
籐	1
籔	1
籟	1
籠	1
籤	1
籬	1
籲	1
米	1
类	1
籽	1
籾	1
粉	1
粋	1
粑	1
粒	1
粕	1
粗	1
粘	1
粛	1
粝	1
粟	1
粢	1
粤	1
粥	1
粧	1
粪	1
粮	1
粱	1
粲	1
粳	1
粵	1
粹	1
粼	1
粽	1
精	1
粿	1
糀	1
糅	1
糊	1
糍	1
糕	1
糖	1
糗	1
糙	1
糜	1
糞	1
糟	1
糠	1
糧	1
糯	1
糸	1
系	1
糾	1
紀	1
紂	1
約	1
紅	1
紈	1
紊	1
紋	1
納	1
紐	1
紓	1
純	1
紕	1
紗	1
紘	1
紙	1
級	1
紛	1
素	1
紡	1
索	1
紧	1
紫	1
紬	1
紮	1
累	1
細	1
紳	1
紹	1
紺	1
終	1
絃	1
組	1
絆	1
経	1
結	1
絔	1
絕	1
絜	1
絞	1
絡	1
絢	1
絣	1
給	1
絨	1
絮	1
統	1
絲	1
絳	1
絵	1
絶	1
絹	1
綁	1
綉	1
綏	1
綑	1
經	1
継	1
続	1
綜	1
綠	1
綢	1
綣	1
綦	1
綩	1
綫	1
綬	1
維	1
綱	1
網	1
綴	1
綵	1
綸	1
綺	1
綻	1
綽	1
綾	1
綿	1
緊	1
緋	1
総	1
緑	1
緒	1
緖	1
線	1
緝	1
緞	1
締	1
緣	1
編	1
緩	1
緬	1
緯	1
練	1
緻	1
縁	1
縄	1
縈	1
縛	1
縞	1
縣	1
縦	1
縫	1
縮	1
縱	1
縷	1
縹	1
總	1
績	1
繁	1
繃	1
繆	1
繇	1
繊	1
繋	1
繍	1
織	1
繕	1
繚	1
繞	1
繡	1
繩	1
繪	1
繫	1
繭	1
繰	1
繳	1
繹	1
繼	1
繽	1
纂	1
續	1
纍	1
纏	1
纓	1
纔	1
纖	1
纛	1
纜	1
纠	1
纡	1
红	1
纣	1
纤	1
纥	1
约	1
级	1
纨	1
纪	1
纫	1
纬	1
纭	1
纮	1
纯	1
纰	1
纱	1
纲	1
纳	1
纵	1
纶	1
纷	1
纸	1
纹	1
纺	1
纽	1
纾	1
线	1
绀	1
绁	1
绂	1
练	1
组	1
绅	1
细	1
织	1
终	1
绉	1
绊	1
绌	1
绍	1
绎	1
经	1
绑	1
绒	1
结	1
绔	1
绕	1
绗	1
绘	1
给	1
绚	1
绛	1
络	1
绝	1
绞	1
统	1
绠	1
绡	1
绢	1
绣	1
绥	1
绦	1
继	1
绩	1
绪	1
绫	1
续	1
绮	1
绯	1
绰	1
绳	1
维	1
绵	1
绶	1
绷	1
绸	1
绺	1
绻	1
综	1
绽	1
绾	1
绿	1
缀	1
缁	1
缂	1
缃	1
缄	1
缅	1
缆	1
缇	1
缈	1
缉	1
缎	1
缐	1
缑	1
缓	1
缔	1
缕	1
编	1
缗	1
缘	1
缙	1
缚	1
缛	1
缜	1
缝	1
缟	1
缠	1
缢	1
缤	1
缥	1
缦	1
缨	1
缩	1
缪	1
缬	1
缭	1
缮	1
缰	1
缱	1
缴	1
缶	1
缸	1
缺	1
罂	1
罄	1
罅	1
罐	1
网	1
罒	1
罔	1
罕	1
罗	1
罚	1
罟	1
罠	1
罡	1
罢	1
罩	1
罪	1
罫	1
置	1
罰	1
署	1
罴	1
罵	1
罷	1
罹	1
羁	1
羅	1
羊	1
羌	1
美	1
羔	1
羚	1
羞	1
羟	1
羡	1
羣	1
群	1
羥	1
羧	1
羨	1
義	1
羯	1
羲	1
羸	1
羹	1
羽	1
羿	1
翀	1
翁	1
翅	1
翊	1
翌	1
翎	1
習	1
翔	1
翕	1
翘	1
翟	1
翠	1
翡	1
翥	1
翦	1
翩	1
翮	1
翰	1
翱	1
翳	1
翹	1
翻	1
翼	1
翾	1
耀	1
老	1
考	1
耄	1
者	1
耆	1
耋	1
而	1
耍	1
耐	1
耒	1
耕	1
耗	1
耘	1
耙	1
耦	1
耨	1
耪	1
耳	1
耶	1
耷	1
耸	1
耻	1
耽	1
耿	1
聂	1
聃	1
聆	1
聊	1
聋	1
职	1
聒	1
联	1
聖	1
聘	1
聚	1
聞	1
聡	1
聩	1
聪	1
聯	1
聰	1
聲	1
聳	1
聴	1
聶	1
職	1
聽	1
聾	1
聿	1
肃	1
肄	1
肅	1
肆	1
肇	1
肉	1
肋	1
肌	1
肏	1
肓	1
肖	1
肘	1
肚	1
肛	1
肝	1
肟	1
肠	1
股	1
肢	1
肤	1
肥	1
肩	1
肪	1
肮	1
肯	1
肱	1
育	1
肴	1
肺	1
肼	1
肽	1
肾	1
肿	1
胀	1
胁	1
胃	1
胄	1
胆	1
背	1
胍	1
胎	1
胏	1
胖	1
胗	1
胚	1
胛	1
胜	1
胞	1
胡	1
胤	1
胥	1
胧	1
胪	1
胫	1
胭	1
胯	1
胰	1
胱	1
胳	1
胴	1
胶	1
胸	1
胺	1
能	1
脂	1
脅	1
脆	1
脇	1
脈	1
脉	1
脊	1
脍	1
脏	1
脐	1
脑	1
脓	1
脔	1
脖	1
脘	1
脚	1
脛	1
脣	1
脩	1
脫	1
脯	1
脱	1
脲	1
脳	1
脷	1
脸	1
脹	1
脾	1
腆	1
腈	1
腊	1
腋	1
腌	1
腎	1
腐	1
腑	1
腓	1
腔	1
腕	1
腚	1
腥	1
腦	1
腩	1
腫	1
腭	1
腮	1
腰	1
腱	1
腳	1
腴	1
腸	1
腹	1
腺	1
腻	1
腼	1
腾	1
腿	1
膀	1
膈	1
膊	1
膏	1
膑	1
膘	1
膚	1
膛	1
膜	1
膝	1
膠	1
膣	1
膦	1
膨	1
膩	1
膳	1
膵	1
膺	1
膻	1
膽	1
膾	1
膿	1
臀	1
臂	1
臃	1
臆	1
臉	1
臊	1
臍	1
臓	1
臘	1
臜	1
臟	1
臣	1
臥	1
臧	1
臨	1
自	1
臭	1
至	1
致	1
臺	1
臻	1
臼	1
臾	1
舀	1
舂	1
舅	1
舆	1
與	1
興	1
舉	1
舊	1
舌	1
舍	1
舎	1
舐	1
舒	1
舔	1
舖	1
舗	1
舘	1
舛	1
舜	1
舞	1
舟	1
舢	1
舩	1
航	1
舫	1
般	1
舰	1
舱	1
舵	1
舶	1
舷	1
舸	1
船	1
艇	1
艋	1
艏	1
艘	1
艙	1
艦	1
艮	1
良	1
艰	1
艱	1
色	1
艳	1
艶	1
艷	1
艸	1
艹	1
艺	1
艽	1
艾	1
节	1
芃	1
芈	1
芊	1
芋	1
芍	1
芎	1
芒	1
芗	1
芘	1
芙	1
芜	1
芝	1
芡	1
芥	1
芦	1
芨	1
芩	1
芪	1
芫	1
芬	1
芭	1
芮	1
芯	1
花	1
芳	1
芷	1
芸	1
芹	1
芽	1
芾	1
苄	1
苅	1
苇	1
苋	1
苌	1
苍	1
苏	1
苑	1
苒	1
苓	1
苔	1
苕	1
苗	1
苛	1
苜	1
苞	1
苟	1
苡	1
苣	1
若	1
苦	1
苧	1
苪	1
苫	1
苯	1
英	1
苴	1
苷	1
苹	1
苺	1
苻	1
苼	1
苾	1
茁	1
茂	1
范	1
茄	1
茅	1
茆	1
茉	1
茎	1
茏	1
茔	1
茕	1
茗	1
茜	1
茣	1
茧	1
茨	1
茫	1
茬	1
茭	1
茯	1
茱	1
茲	1
茴	1
茵	1
茶	1
茸	1
茹	1
荀	1
荃	1
荆	1
荇	1
草	1
荊	1
荌	1
荍	1
荏	1
荐	1
荑	1
荒	1
荔	1
荖	1
荘	1
荚	1
荛	1
荜	1
荞	1
荟	1
荠	1
荡	1
荣	1
荤	1
荥	1
荦	1
荧	1
荨	1
荩	1
荪	1
荫	1
荭	1
药	1
荳	1
荷	1
荻	1
荼	1
莅	1
莆	1
莉	1
莊	1
莎	1
莒	1
莓	1
莖	1
莘	1
莜	1
莞	1
莠	1
莢	1
莨	1
莪	1
莫	1
莯	1
莱	1
莲	1
莳	1
莴	1
获	1
莹	1
莺	1
莼	1
莽	1
菀	1
菁	1
菅	1
菇	1
菈	1
菊	1
菌	1
菏	1
菓	1
菖	1
菘	1
菜	1
菟	1
菠	1
菡	1
菩	1
菫	1
華	1
菰	1
菱	1
菲	1
菴	1
菸	1
菽	1
萁	1
萃	1
萄	1
萊	1
萋	1
萌	1
萍	1
萎	1
萏	1
萘	1
萜	1
萝	1
萠	1
萤	1
营	1
萦	1
萧	1
萨	1
萩	1
萬	1
萱	1
萸	1
萻	1
萼	1
落	1
葆	1
葉	1
葎	1
葑	1
著	1
葚	1
葛	1
葡	1
董	1
葦	1
葩	1
葫	1
葬	1
葭	1
葯	1
葱	1
葳	1
葵	1
葶	1
葺	1
蒂	1
蒋	1
蒌	1
蒐	1
蒔	1
蒖	1
蒙	1
蒜	1
蒟	1
蒨	1
蒯	1
蒲	1
蒸	1
蒹	1
蒺	1
蒼	1
蒽	1
蒿	1
蓁	1
蓄	1
蓉	1
蓋	1
蓑	1
蓓	1
蓖	1
蓝	1
蓟	1
蓠	1
蓦	1
蓬	1
蓮	1
蓼	1
蓿	1
蔑	1
蔓	1
蔔	1
蔗	1
蔘	1
蔚	1
蔡	1
蔣	1
蔥	1
蔦	1
蔫	1
蔬	1
蔭	1
蔵	1
蔷	1
蔺	1
蔻	1
蔼	1
蔽	1
蕃	1
蕈	1
蕉	1
蕊	1
蕎	1
蕖	1
蕗	1
蕙	1
蕞	1
蕤	1
蕨	1
蕩	1
蕪	1
蕭	1
蕲	1
蕴	1
蕾	1
薄	1
薅	1
薇	1
薊	1
薏	1
薑	1
薔	1
薗	1
薙	1
薛	1
薜	1
薦	1
薨	1
薩	1
薪	1
薫	1
薬	1
薮	1
薯	1
薰	1
薹	1
藁	1
藉	1
藍	1
藏	1
藐	1
藓	1
藕	1
藜	1
藝	1
藤	1
藥	1
藩	1
藪	1
藺	1
藻	1
藿	1
蘂	1
蘅	1
蘆	1
蘇	1
蘊	1
蘋	1
蘑	1
蘖	1
蘚	1
蘩	1
蘭	1
蘸	1
蘼	1
蘿	1
虎	1
虏	1
虐	1
虑	1
虔	1
處	1
虚	1
虛	1
虜	1
虞	1
號	1
虢	1
虧	1
虫	1
虬	1
虱	1
虹	1
虺	1
虻	1
虽	1
虾	1
蚀	1
蚁	1
蚂	1
蚊	1
蚋	1
蚌	1
蚍	1
蚓	1
蚕	1
蚜	1
蚝	1
蚣	1
蚤	1
蚩	1
蚪	1
蚬	1
蚯	1
蚱	1
蚵	1
蚺	1
蛀	1
蛆	1
蛇	1
蛊	1
蛋	1
蛍	1
蛎	1
蛐	1
蛔	1
蛙	1
蛛	1
蛞	1
蛟	1
蛤	1
蛭	1
蛮	1
蛰	1
蛳	1
蛸	1
蛹	1
蛻	1
蛾	1
蜀	1
蜂	1
蜃	1
蜇	1
蜈	1
蜉	1
蜊	1
蜍	1
蜒	1
蜓	1
蜕	1
蜗	1
蜘	1
蜚	1
蜜	1
蜡	1
蜢	1
蜥	1
蜩	1
蜮	1
蜱	1
蜴	1
蜷	1
蜻	1
蜿	1
蝇	1
蝈	1
蝉	1
蝋	1
蝌	1
蝎	1
蝓	1
蝕	1
蝗	1
蝙	1
蝠	1
蝣	1
蝦	1
蝮	1
蝰	1
蝴	1
蝶	1
蝸	1
蝼	1
蝾	1
蝿	1
螂	1
螃	1
螈	1
融	1
螓	1
螞	1
螟	1
螢	1
螣	1
螨	1
螫	1
螭	1
螯	1
螳	1
螺	1
蟀	1
蟆	1
蟊	1
蟋	1
蟑	1
蟒	1
蟠	1
蟥	1
蟬	1
蟲	1
蟹	1
蟻	1
蟾	1
蠅	1
蠍	1
蠔	1
蠕	1
蠟	1
蠡	1
蠢	1
蠣	1
蠱	1
蠶	1
蠹	1
蠻	1
血	1
衄	1
衅	1
衆	1
行	1
衍	1
術	1
衔	1
街	1
衙	1
衛	1
衝	1
衞	1
衡	1
衢	1
衣	1
衤	1
补	1
表	1
衩	1
衫	1
衬	1
衮	1
衰	1
衲	1
衷	1
衹	1
衽	1
衾	1
衿	1
袁	1
袂	1
袄	1
袅	1
袈	1
袋	1
袍	1
袒	1
袖	1
袛	1
袜	1
袢	1
袤	1
袪	1
被	1
袭	1
袱	1
袴	1
袷	1
裁	1
裂	1
裄	1
装	1
裆	1
裏	1
裔	1
裕	1
裘	1
裙	1
補	1
裝	1
裟	1
裡	1
裤	1
裨	1
裱	1
裳	1
裴	1
裸	1
裹	1
製	1
裾	1
褂	1
複	1
褌	1
褐	1
褒	1
褓	1
褔	1
褙	1
褚	1
褛	1
褥	1
褪	1
褫	1
褰	1
褲	1
褴	1
褶	1
褸	1
褻	1
襁	1
襄	1
襖	1
襞	1
襟	1
襦	1
襪	1
襬	1
襯	1
襲	1
襷	1
西	1
覀	1
要	1
覃	1
覆	1
覇	1
見	1
規	1
覓	1
視	1
覗	1
覚	1
覧	1
親	1
観	1
覺	1
覽	1
觀	1
见	1
观	1
规	1
觅	1
视	1
览	1
觉	1
觊	1
觎	1
觐	1
觑	1
角	1
觚	1
觞	1
解	1
觥	1
触	1
觸	1
言	1
訂	1
訃	1
計	1
訊	1
討	1
訓	1
託	1
記	1
訛	1
訝	1
訟	1
訣	1
訥	1
訪	1
設	1
許	1
訳	1
訴	1
訶	1
診	1
註	1
証	1
訾	1
詈	1
詐	1
詔	1
評	1
詗	1
詛	1
詞	1
詠	1
詡	1
詢	1
詣	1
試	1
詩	1
詫	1
詭	1
詮	1
詰	1
話	1
該	1
詳	1
詹	1
誅	1
誇	1
誉	1
誊	1
誌	1
認	1
誒	1
誓	1
誕	1
誘	1
語	1
誠	1
誡	1
誣	1
誤	1
誦	1
說	1
説	1
読	1
誰	1
課	1
誹	1
誼	1
調	1
談	1
請	1
諍	1
諏	1
諒	1
論	1
諛	1
諜	1
諡	1
諦	1
諧	1
諫	1
諭	1
諮	1
諱	1
諳	1
諷	1
諸	1
諺	1
諾	1
謀	1
謁	1
謂	1
謄	1
謇	1
謊	1
謎	1
謔	1
謗	1
謙	1
講	1
謝	1
謠	1
謡	1
謨	1
謬	1
謳	1
謹	1
謾	1
證	1
譏	1
識	1
譚	1
譜	1
警	1
譬	1
譯	1
議	1
譲	1
譴	1
護	1
譽	1
讀	1
讃	1
變	1
讐	1
讓	1
讚	1
计	1
订	1
讣	1
认	1
讥	1
讦	1
讧	1
讨	1
让	1
讪	1
讫	1
训	1
议	1
讯	1
记	1
讲	1
讳	1
讴	1
讶	1
讷	1
许	1
讹	1
论	1
讼	1
讽	1
设	1
访	1
诀	1
证	1
诃	1
评	1
诅	1
识	1
诈	1
诉	1
诊	1
诋	1
诌	1
词	1
诏	1
译	1
诒	1
诓	1
试	1
诗	1
诘	1
诙	1
诚	1
诛	1
话	1
诞	1
诟	1
诠	1
诡	1
询	1
诣	1
诤	1
该	1
详	1
诧	1
诨	1
诩	1
诫	1
诬	1
语	1
诮	1
误	1
诰	1
诱	1
诲	1
诳	1
说	1
诵	1
诶	1
请	1
诸	1
诹	1
诺	1
读	1
诽	1
课	1
诿	1
谀	1
谁	1
谂	1
调	1
谄	1
谅	1
谆	1
谈	1
谊	1
谋	1
谌	1
谍	1
谎	1
谏	1
谐	1
谑	1
谒	1
谓	1
谔	1
谕	1
谗	1
谘	1
谙	1
谚	1
谛	1
谜	1
谟	1
谡	1
谢	1
谣	1
谤	1
谥	1
谦	1
谧	1
谨	1
谩	1
谪	1
谬	1
谭	1
谯	1
谱	1
谲	1
谴	1
谶	1
谷	1
谿	1
豁	1
豆	1
豈	1
豉	1
豊	1
豌	1
豎	1
豐	1
豔	1
豕	1
豚	1
象	1
豢	1
豪	1
豫	1
豬	1
豸	1
豹	1
豺	1
貂	1
貅	1
貉	1
貊	1
貌	1
貓	1
貔	1
貘	1
貝	1
貞	1
負	1
財	1
貢	1
貧	1
貨	1
販	1
貪	1
貫	1
責	1
貯	1
貰	1
貳	1
貴	1
貶	1
買	1
貸	1
費	1
貼	1
貽	1
貿	1
賀	1
賂	1
賃	1
賄	1
資	1
賈	1
賊	1
賑	1
賓	1
賛	1
賜	1
賞	1
賠	1
賢	1
賣	1
賤	1
賦	1
質	1
賬	1
賭	1
賴	1
賺	1
購	1
賽	1
贄	1
贅	1
贈	1
贊	1
贋	1
贏	1
贖	1
贛	1
贝	1
贞	1
负	1
贠	1
贡	1
财	1
责	1
贤	1
败	1
账	1
货	1
质	1
贩	1
贪	1
贫	1
贬	1
购	1
贮	1
贯	1
贰	1
贱	1
贲	1
贴	1
贵	1
贷	1
贸	1
费	1
贺	1
贻	1
贼	1
贽	1
贾	1
贿	1
赁	1
赂	1
赃	1
资	1
赅	1
赈	1
赉	1
赊	1
赋	1
赌	1
赎	1
赏	1
赐	1
赑	1
赓	1
赔	1
赖	1
赘	1
赚	1
赛	1
赜	1
赝	1
赞	1
赟	1
赠	1
赡	1
赢	1
赣	1
赤	1
赦	1
赧	1
赫	1
赭	1
走	1
赳	1
赴	1
赵	1
赶	1
起	1
趁	1
趄	1
超	1
越	1
趋	1
趔	1
趕	1
趙	1
趟	1
趣	1
趨	1
足	1
趴	1
趸	1
趺	1
趾	1
趿	1
跃	1
跄	1
跆	1
跋	1
跌	1
跎	1
跑	1
跖	1
跗	1
跚	1
跛	1
距	1
跟	1
跡	1
跣	1
跤	1
跨	1
跩	1
跪	1
路	1
跳	1
践	1
跶	1
跷	1
跹	1
跺	1
跻	1
踅	1
踉	1
踊	1
踌	1
踏	1
踐	1
踔	1
踝	1
踞	1
踟	1
踢	1
踩	1
踪	1
踮	1
踰	1
踱	1
踴	1
踵	1
踹	1
踽	1
蹂	1
蹄	1
蹇	1
蹈	1
蹉	1
蹊	1
蹋	1
蹑	1
蹒	1
蹙	1
蹚	1
蹟	1
蹤	1
蹦	1
蹩	1
蹬	1
蹭	1
蹰	1
蹲	1
蹴	1
蹶	1
蹺	1
蹼	1
蹿	1
躁	1
躇	1
躉	1
躍	1
躏	1
身	1
躬	1
躯	1
躰	1
躲	1
躺	1
躾	1
軀	1
車	1
軋	1
軌	1
軍	1
軒	1
軟	1
転	1
軸	1
軼	1
軽	1
軾	1
較	1
載	1
輌	1
輒	1
輔	1
輕	1
輛	1
輝	1
輩	1
輪	1
輯	1
輸	1
輻	1
輾	1
輿	1
轄	1
轅	1
轆	1
轉	1
轍	1
轎	1
轟	1
车	1
轧	1
轨	1
轩	1
转	1
轭	1
轮	1
软	1
轰	1
轱	1
轲	1
轴	1
轶	1
轸	1
轻	1
轼	1
载	1
轿	1
较	1
辄	1
辅	1
辆	1
辇	1
辈	1
辉	1
辊	1
辍	1
辎	1
辐	1
辑	1
输	1
辔	1
辕	1
辖	1
辗	1
辘	1
辙	1
辛	1
辜	1
辞	1
辟	1
辣	1
辦	1
辨	1
辩	1
辫	1
辭	1
辮	1
辯	1
辰	1
辱	1
農	1
边	1
辺	1
辻	1
込	1
辽	1
达	1
迁	1
迂	1
迄	1
迅	1
过	1
迈	1
迎	1
运	1
近	1
返	1
还	1
这	1
进	1
远	1
违	1
连	1
迟	1
迢	1
迤	1
迥	1
迦	1
迩	1
迪	1
迫	1
迭	1
述	1
迳	1
迴	1
迷	1
迸	1
迹	1
迺	1
追	1
退	1
送	1
适	1
逃	1
逄	1
逅	1
逆	1
选	1
逊	1
逋	1
逍	1
透	1
逐	1
逑	1
递	1
途	1
逕	1
逗	1
這	1
通	1
逛	1
逝	1
逞	1
速	1
造	1
逡	1
逢	1
連	1
逦	1
逮	1
逯	1
週	1
進	1
逵	1
逶	1
逸	1
逹	1
逻	1
逼	1
逾	1
遁	1
遂	1
遅	1
遇	1
遊	1
運	1
遍	1
過	1
遏	1
遐	1
遑	1
遒	1
道	1
達	1
違	1
遗	1
遙	1
遛	1
遜	1
遞	1
遠	1
遡	1
遢	1
遣	1
遥	1
遨	1
適	1
遭	1
遮	1
遲	1
遴	1
遵	1
遶	1
遷	1
選	1
遺	1
遼	1
遽	1
避	1
邀	1
邁	1
邂	1
邃	1
還	1
邇	1
邈	1
邉	1
邊	1
邋	1
邏	1
邑	1
邓	1
邕	1
邗	1
邙	1
邛	1
邝	1
邢	1
那	1
邦	1
邨	1
邪	1
邬	1
邮	1
邯	1
邰	1
邱	1
邳	1
邴	1
邵	1
邶	1
邸	1
邹	1
邺	1
邻	1
郁	1
郃	1
郄	1
郅	1
郇	1
郊	1
郎	1
郏	1
郑	1
郓	1
郗	1
郜	1
郝	1
郞	1
郡	1
郢	1
郦	1
郧	1
部	1
郫	1
郭	1
郯	1
郴	1
郵	1
郷	1
郸	1
都	1
鄂	1
鄄	1
鄉	1
鄒	1
鄕	1
鄙	1
鄞	1
鄠	1
鄢	1
鄧	1
鄭	1
鄯	1
鄰	1
鄱	1
鄺	1
酆	1
酉	1
酊	1
酋	1
酌	1
配	1
酎	1
酐	1
酒	1
酔	1
酗	1
酚	1
酝	1
酞	1
酡	1
酢	1
酣	1
酥	1
酩	1
酪	1
酬	1
酮	1
酯	1
酰	1
酱	1
酵	1
酶	1
酷	1
酸	1
酿	1
醇	1
醉	1
醋	1
醌	1
醍	1
醐	1
醒	1
醚	1
醛	1
醜	1
醤	1
醪	1
醫	1
醬	1
醮	1
醯	1
醴	1
醸	1
醺	1
釀	1
釁	1
釆	1
采	1
釈	1
釉	1
释	1
釋	1
里	1
重	1
野	1
量	1
釐	1
金	1
釘	1
釜	1
針	1
釣	1
釧	1
釵	1
鈉	1
鈍	1
鈎	1
鈑	1
鈔	1
鈕	1
鈞	1
鈣	1
鈦	1
鈴	1
鈷	1
鈺	1
鈿	1
鉀	1
鉄	1
鉅	1
鉆	1
鉈	1
鉉	1
鉋	1
鉗	1
鉛	1
鉞	1
鉢	1
鉤	1
鉦	1
鉱	1
鉴	1
鉸	1
鉾	1
銀	1
銃	1
銅	1
銑	1
銘	1
銛	1
銜	1
銭	1
銮	1
銳	1
銷	1
銹	1
鋁	1
鋅	1
鋆	1
鋏	1
鋐	1
鋒	1
鋤	1
鋪	1
鋭	1
鋰	1
鋲	1
鋳	1
鋸	1
鋼	1
錄	1
錆	1
錐	1
錘	1
錚	1
錠	1
錡	1
錢	1
錦	1
錨	1
錫	1
錬	1
錯	1
録	1
錳	1
錵	1
錶	1
錾	1
鍊	1
鍋	1
鍍	1
鍔	1
鍘	1
鍛	1
鍠	1
鍥	1
鍬	1
鍮	1
鍵	1
鍼	1
鍾	1
鎊	1
鎌	1
鎏	1
鎔	1
鎖	1
鎗	1
鎚	1
鎢	1
鎧	1
鎬	1
鎭	1
鎮	1
鎳	1
鏃	1
鏈	1
鏑	1
鏖	1
鏗	1
鏘	1
鏞	1
鏟	1
鏡	1
鏢	1
鐐	1
鐘	1
鐙	1
鐡	1
鐩	1
鐫	1
鐭	1
鐮	1
鐵	1
鐸	1
鑄	1
鑊	1
鑑	1
鑒	1
鑛	1
鑫	1
鑰	1
鑲	1
鑼	1
鑽	1
鑿	1
钇	1
针	1
钉	1
钊	1
钌	1
钎	1
钏	1
钒	1
钓	1
钕	1
钗	1
钙	1
钚	1
钛	1
钜	1
钝	1
钞	1
钟	1
钠	1
钡	1
钢	1
钣	1
钤	1
钥	1
钦	1
钧	1
钨	1
钩	1
钮	1
钯	1
钰	1
钱	1
钲	1
钳	1
钴	1
钵	1
钹	1
钺	1
钻	1
钼	1
钽	1
钾	1
钿	1
铀	1
铁	1
铂	1
铃	1
铄	1
铅	1
铆	1
铉	1
铊	1
铋	1
铌	1
铍	1
铎	1
铐	1
铑	1
铖	1
铛	1
铜	1
铝	1
铟	1
铠	1
铡	1
铢	1
铣	1
铤	1
铧	1
铨	1
铩	1
铬	1
铭	1
铮	1
铯	1
铰	1
铱	1
铲	1
铳	1
铵	1
银	1
铸	1
铺	1
铼	1
链	1
铿	1
销	1
锁	1
锂	1
锃	1
锄	1
锅	1
锆	1
锈	1
锉	1
锋	1
锌	1
锏	1
锐	1
锑	1
锒	1
锕	1
锗	1
锘	1
错	1
锚	1
锛	1
锝	1
锟	1
锡	1
锢	1
锣	1
锤	1
锥	1
锦	1
锨	1
锭	1
键	1
锯	1
锰	1
锱	1
锲	1
锴	1
锵	1
锶	1
锷	1
锹	1
锺	1
锻	1
镀	1
镁	1
镂	1
镇	1
镉	1
镊	1
镌	1
镍	1
镐	1
镑	1
镒	1
镓	1
镔	1
镕	1
镖	1
镗	1
镚	1
镛	1
镜	1
镝	1
镞	1
镣	1
镧	1
镪	1
镫	1
镬	1
镭	1
镯	1
镰	1
镳	1
镶	1
長	1
长	1
門	1
閂	1
閃	1
閉	1
開	1
閏	1
閑	1
閒	1
間	1
閔	1
閘	1
関	1
閣	1
閤	1
閥	1
閨	1
閩	1
閭	1
閱	1
閲	1
閹	1
閻	1
閾	1
闆	1
闇	1
闊	1
闌	1
闔	1
闕	1
闖	1
闘	1
關	1
闡	1
闢	1
门	1
闩	1
闪	1
闫	1
闭	1
问	1
闯	1
闰	1
闱	1
闲	1
闳	1
间	1
闵	1
闷	1
闸	1
闹	1
闺	1
闻	1
闼	1
闽	1
闾	1
闿	1
阀	1
阁	1
阂	1
阄	1
阅	1
阆	1
阈	1
阉	1
阊	1
阎	1
阏	1
阐	1
阑	1
阔	1
阕	1
阖	1
阗	1
阙	1
阚	1
阜	1
阝	1
队	1
阡	1
阪	1
阮	1
阱	1
防	1
阳	1
阴	1
阵	1
阶	1
阻	1
阿	1
陀	1
陂	1
附	1
际	1
陆	1
陇	1
陈	1
陉	1
陋	1
陌	1
降	1
限	1
陕	1
陛	1
陝	1
陞	1
陟	1
陡	1
院	1
陣	1
除	1
陥	1
陨	1
险	1
陪	1
陰	1
陲	1
陳	1
陵	1
陶	1
陷	1
陸	1
険	1
陽	1
隅	1
隆	1
隈	1
隊	1
隋	1
隍	1
階	1
随	1
隐	1
隔	1
隕	1
隗	1
隘	1
隙	1
際	1
障	1
隠	1
隣	1
隧	1
隨	1
險	1
隰	1
隱	1
隴	1
隶	1
隷	1
隸	1
隹	1
隻	1
隼	1
隽	1
难	1
雀	1
雁	1
雄	1
雅	1
集	1
雇	1
雉	1
雌	1
雍	1
雎	1
雏	1
雑	1
雒	1
雕	1
雖	1
雙	1
雛	1
雜	1
雞	1
離	1
難	1
雨	1
雩	1
雪	1
雫	1
雯	1
雰	1
雱	1
雲	1
雳	1
零	1
雷	1
雹	1
電	1
雾	1
需	1
霁	1
霂	1
霄	1
霆	1
震	1
霈	1
霉	1
霊	1
霍	1
霎	1
霏	1
霑	1
霓	1
霖	1
霙	1
霜	1
霞	1
霧	1
霭	1
霰	1
露	1
霸	1
霹	1
霽	1
霾	1
靂	1
靄	1
靈	1
靑	1
青	1
靓	1
靖	1
静	1
靚	1
靛	1
靜	1
非	1
靠	1
靡	1
面	1
靥	1
靨	1
革	1
靭	1
靳	1
靴	1
靶	1
靺	1
靼	1
鞄	1
鞅	1
鞆	1
鞋	1
鞍	1
鞏	1
鞑	1
鞘	1
鞠	1
鞣	1
鞥	1
鞭	1
韋	1
韌	1
韓	1
韦	1
韧	1
韩	1
韪	1
韫	1
韬	1
韭	1
韮	1
音	1
韵	1
韶	1
韻	1
響	1
頁	1
頂	1
頃	1
項	1
順	1
須	1
頌	1
預	1
頑	1
頒	1
頓	1
頔	1
頗	1
領	1
頚	1
頡	1
頤	1
頬	1
頭	1
頰	1
頸	1
頹	1
頻	1
頼	1
顆	1
題	1
額	1
顎	1
顏	1
顔	1
顕	1
願	1
顛	1
類	1
顥	1
顧	1
顫	1
顯	1
顱	1
页	1
顶	1
顷	1
项	1
顺	1
须	1
顼	1
顽	1
顾	1
顿	1
颀	1
颁	1
颂	1
预	1
颅	1
领	1
颇	1
颈	1
颉	1
颊	1
颌	1
颍	1
颏	1
颐	1
频	1
颓	1
颔	1
颖	1
颗	1
题	1
颙	1
颚	1
颛	1
颜	1
额	1
颞	1
颠	1
颢	1
颤	1
颦	1
颧	1
風	1
颯	1
颱	1
颳	1
飄	1
飆	1
风	1
飏	1
飒	1
飓	1
飕	1
飘	1
飙	1
飚	1
飛	1
飞	1
食	1
飢	1
飧	1
飨	1
飯	1
飲	1
飴	1
飼	1
飽	1
飾	1
餃	1
餅	1
餉	1
養	1
餌	1
餍	1
餐	1
餒	1
餓	1
餘	1
餡	1
館	1
餮	1
餵	1
饅	1
饋	1
饌	1
饑	1
饒	1
饕	1
饗	1
饞	1
饥	1
饨	1
饪	1
饬	1
饭	1
饮	1
饯	1
饰	1
饱	1
饲	1
饴	1
饵	1
饶	1
饷	1
饺	1
饼	1
饽	1
饿	1
馀	1
馁	1
馄	1
馅	1
馆	1
馈	1
馊	1
馋	1
馍	1
馏	1
馐	1
馒	1
馔	1
馕	1
首	1
馗	1
香	1
馥	1
馨	1
馬	1
馭	1
馮	1
馱	1
馳	1
馴	1
駁	1
駄	1
駅	1
駆	1
駐	1
駒	1
駕	1
駛	1
駝	1
駭	1
駱	1
駿	1
騎	1
騒	1
験	1
騙	1
騰	1
騷	1
驅	1
驊	1
驍	1
驕	1
驗	1
驚	1
驛	1
驟	1
驢	1
驥	1
驪	1
马	1
驭	1
驮	1
驯	1
驰	1
驱	1
驳	1
驴	1
驶	1
驷	1
驸	1
驹	1
驻	1
驼	1
驽	1
驾	1
驿	1
骁	1
骂	1
骄	1
骅	1
骆	1
骇	1
骈	1
骊	1
骋	1
验	1
骏	1
骐	1
骑	1
骓	1
骗	1
骘	1
骚	1
骛	1
骜	1
骞	1
骠	1
骡	1
骢	1
骤	1
骥	1
骧	1
骨	1
骰	1
骶	1
骷	1
骸	1
骼	1
髀	1
髁	1
髂	1
髄	1
髅	1
髋	1
髏	1
髒	1
髓	1
體	1
高	1
髙	1
髦	1
髪	1
髭	1
髮	1
髯	1
髷	1
髻	1
鬃	1
鬄	1
鬆	1
鬍	1
鬓	1
鬘	1
鬚	1
鬟	1
鬢	1
鬣	1
鬥	1
鬧	1
鬨	1
鬪	1
鬯	1
鬱	1
鬲	1
鬻	1
鬼	1
魁	1
魂	1
魃	1
魄	1
魅	1
魆	1
魇	1
魈	1
魉	1
魍	1
魏	1
魑	1
魔	1
魘	1
魚	1
魟	1
魯	1
魷	1
鮎	1
鮑	1
鮒	1
鮨	1
鮫	1
鮭	1
鮮	1
鯉	1
鯊	1
鯖	1
鯛	1
鯨	1
鯰	1
鯱	1
鯵	1
鰍	1
鰐	1
鰓	1
鰤	1
鰭	1
鰯	1
鰱	1
鰹	1
鰺	1
鰻	1
鱈	1
鱉	1
鱒	1
鱗	1
鱷	1
鱻	1
鱼	1
鱿	1
鲁	1
鲇	1
鲈	1
鲍	1
鲎	1
鲑	1
鲛	1
鲜	1
鲟	1
鲠	1
鲢	1
鲣	1
鲤	1
鲨	1
鲫	1
鲲	1
鲵	1
鲶	1
鲷	1
鲸	1
鳃	1
鳄	1
鳅	1
鳌	1
鳍	1
鳏	1
鳐	1
鳕	1
鳖	1
鳗	1
鳙	1
鳝	1
鳞	1
鳥	1
鳩	1
鳯	1
鳳	1
鳴	1
鳶	1
鴇	1
鴈	1
鴉	1
鴎	1
鴛	1
鴦	1
鴨	1
鴻	1
鴿	1
鵜	1
鵝	1
鵠	1
鵬	1
鵰	1
鵲	1
鵺	1
鶉	1
鶏	1
鶯	1
鶴	1
鷄	1
鷗	1
鷲	1
鷹	1
鷺	1
鸚	1
鸞	1
鸟	1
鸠	1
鸡	1
鸢	1
鸣	1
鸥	1
鸦	1
鸨	1
鸩	1
鸪	1
鸫	1
鸭	1
鸮	1
鸯	1
鸱	1
鸳	1
鸵	1
鸷	1
鸽	1
鸾	1
鸿	1
鹂	1
鹃	1
鹄	1
鹅	1
鹈	1
鹉	1
鹊	1
鹌	1
鹏	1
鹑	1
鹕	1
鹗	1
鹘	1
鹜	1
鹞	1
鹤	1
鹦	1
鹫	1
鹬	1
鹭	1
鹰	1
鹳	1
鹵	1
鹹	1
鹼	1
鹽	1
鹿	1
麂	1
麈	1
麋	1
麒	1
麓	1
麗	1
麝	1
麟	1
麥	1
麦	1
麩	1
麴	1
麵	1
麸	1
麹	1
麺	1
麻	1
麼	1
麽	1
麾	1
麿	1
黃	1
黄	1
黉	1
黌	1
黍	1
黎	1
黏	1
黐	1
黑	1
黒	1
黔	1
默	1
黙	1
黛	1
黜	1
黝	1
點	1
黠	1
黢	1
黨	1
黩	1
黯	1
黼	1
黾	1
鼋	1
鼍	1
鼎	1
鼐	1
鼓	1
鼠	1
鼬	1
鼯	1
鼹	1
鼻	1
鼾	1
齁	1
齊	1
齋	1
齐	1
齑	1
齒	1
齡	1
齢	1
齣	1
齿	1
龃	1
龄	1
龅	1
龇	1
龈	1
龉	1
龊	1
龋	1
龌	1
龍	1
龐	1
龔	1
龕	1
龙	1
龚	1
龛	1
龜	1
龟	1
龠	1
