addEventListener	16
springframework	15
includegraphics	15
OnClickListener	15
printStackTrace	15
PropertyChanged	15
backgroundColor	15
ViewController	14
getElementById	14
AndroidRuntime	14
ActivityThread	14
eltemperaturen	14
Authentication	14
amerikanischer	14
disambiguation	14
adratkilometer	14
implementation	14
preventDefault	14
Longrightarrow	14
authentication	14
longrightarrow	14
LayoutInflater	14
RelativeLayout	14
CollectionView	14
stackoverflow	13
stackexchange	13
Configuration	13
ClickListener	13
InstanceState	13
documentation	13
EventListener	13
configuration	13
documentclass	13
querySelector	13
getElementsBy	13
createElement	13
subsubsection	13
Authorization	13
meisterschaft	13
operatorname	12
Illustration	12
Notification	12
plementation	12
findViewById	12
LinearLayout	12
displaystyle	12
temperaturen	12
OutputStream	12
wissenschaft	12
AccessorImpl	12
organisation	12
dependencies	12
MainActivity	12
notification	12
architecture	12
Introduction	12
presentation	12
gesellschaft	12
LayoutParams	12
setAttribute	12
distribution	12
Application	11
application	11
fortunately	11
description	11
issenschaft	11
Description	11
Transaction	11
dimensional	11
InputStream	11
multicolumn	11
tikzpicture	11
ambiguation	11
scriptstyle	11
Environment	11
Collections	11
ondissement	11
information	11
asticsearch	11
Information	11
IOException	11
orientation	11
transaction	11
ClassLoader	11
environment	11
getInstance	11
FilterChain	11
ContentView	11
Preferences	11
UITableView	11
Constructor	11
destination	11
appendChild	11
Wikispecies	11
BeanFactory	11
Interceptor	11
Orientation	11
development	11
removeClass	11
zeichnungen	11
HttpRequest	11
placeholder	11
Constraints	11
constructor	11
integration	11
Credentials	11
persistence	11
sourceforge	11
programming	11
trightarrow	11
collections	11
AtIndexPath	11
blockquote	10
Controller	10
rightarrow	10
Connection	10
boldsymbol	10
entication	10
getElement	10
varepsilon	10
background	10
Collection	10
subsection	10
javascript	10
ensuremath	10
ifications	10
controller	10
usepackage	10
artifactId	10
connection	10
Background	10
dependency	10
collection	10
Expression	10
properties	10
Repository	10
Parameters	10
Dictionary	10
Properties	10
Multimedia	10
ITableView	10
Identifier	10
stylesheet	10
constraint	10
components	10
Definition	10
ynchronous	10
StackTrace	10
navigation	10
DataSource	10
Rightarrow	10
attributes	10
Attributes	10
googleapis	10
permission	10
definition	10
parameters	10
JavaScript	10
developers	10
expression	10
Serializer	10
abestanden	10
validation	10
annotation	10
geschichte	10
repository	10
Descriptor	10
processing	10
concurrent	10
Validation	10
ographical	10
ographique	10
Navigation	10
wirtschaft	10
transition	10
categories	10
scriptsize	10
Constraint	10
archiviato	10
management	10
Annotation	10
horizontal	10
newcommand	10
noreferrer	10
Visibility	10
ThreadPool	10
Dispatcher	10
compatible	10
bibliothek	10
extensions	10
production	10
initialize	10
Horizontal	10
ViewHolder	10
identifier	10
germeister	10
Components	10
ZygoteInit	10
mannschaft	10
discussion	10
occupation	10
Extensions	10
Management	10
dictionary	10
Permission	10
Recognizer	10
Invocation	10
perimental	10
Observable	10
Foundation	10
cloudflare	10
ScrollView	10
visibility	10
Completion	10
getMessage	10
tensorflow	10
postgresql	10
coordinate	10
DateFormat	10
ification	9
Exception	9
avascript	9
questions	9
vironment	9
oreferrer	9
ictionary	9
framework	9
microsoft	9
Component	9
formation	9
avigation	9
reference	9
lications	9
wikipedia	9
Attribute	9
developer	9
endencies	9
ashington	9
Reference	9
container	9
Wikimedia	9
localhost	9
Container	9
istration	9
efficient	9
bootstrap	9
sterreich	9
transform	9
Parameter	9
centering	9
component	9
irtschaft	9
Directory	9
Interface	9
widetilde	9
ellschaft	9
Operation	9
ustration	9
WriteLine	9
Microsoft	9
construct	9
textwidth	9
abilities	9
exception	9
asketball	9
functions	9
directory	9
hibernate	9
attribute	9
roduction	9
resources	9
interface	9
Transform	9
generated	9
Animation	9
getString	9
Resources	9
numerable	9
omorphism	9
ategories	9
ImageView	9
Statement	9
something	9
Alignment	9
innerHTML	9
Selection	9
ViewModel	9
enumerate	9
achusetts	9
parameter	9
underline	9
TextField	9
undefined	9
condition	9
linewidth	9
prototype	9
timestamp	9
operation	9
available	9
scheidung	9
Framework	9
partition	9
Something	9
EventArgs	9
important	9
DataFrame	9
ubernetes	9
extension	9
configure	9
Extension	9
itionally	9
ifference	9
subfigure	9
iellement	9
connected	9
tableView	9
including	9
Formatter	9
Converter	9
character	9
Processor	9
animation	9
dependent	9
subscribe	9
yclerView	9
Documents	9
ArrayList	9
matically	9
substring	9
Execution	9
algorithm	9
ungsseite	9
Character	9
statement	9
direction	9
variables	9
agnostics	9
templates	9
zeichnung	9
izzazione	9
Generator	9
Direction	9
translate	9
iclopedia	9
selection	9
indexPath	9
stringify	9
execution	9
scription	9
namespace	9
cellation	9
ermeister	9
Namespace	9
wordpress	9
istischen	9
quisition	9
ClassName	9
supported	9
besondere	9
community	9
structure	9
andenburg	9
Validator	9
textcolor	9
ordinates	9
Generated	9
protected	9
Condition	9
installed	9
increment	9
arguments	9
anonymous	9
Completed	9
ologische	9
processor	9
Constants	9
Arguments	9
paragraph	9
itzerland	9
abgerufen	9
authentic	9
ouverneur	9
sequently	9
Transport	9
className	9
Available	9
uellement	9
IndexPath	9
readsheet	9
transport	9
CharField	9
Timestamp	9
generator	9
Indicator	9
ightarrow	9
elligence	9
irmingham	9
Allemagne	9
highlight	9
FirstName	9
reducible	9
webdriver	9
lication	8
function	8
overflow	8
equation	8
pression	8
icrosoft	8
ribution	8
document	8
position	8
cription	8
Activity	8
Listener	8
nofollow	8
volution	8
ographie	8
fficient	8
Override	8
Property	8
Instance	8
Response	8
response	8
location	8
irectory	8
password	8
lections	8
ological	8
Document	8
graphics	8
Location	8
exchange	8
Function	8
Template	8
username	8
property	8
Resource	8
overline	8
template	8
operator	8
Provider	8
enschaft	8
pository	8
englisch	8
mathfrak	8
category	8
internal	8
toString	8
jsfiddle	8
Position	8
partment	8
ensional	8
ToString	8
ulations	8
packages	8
selected	8
zeichnet	8
Selected	8
irection	8
anguages	8
Fragment	8
instance	8
artifact	8
complete	8
security	8
Database	8
Abstract	8
omething	8
enschapp	8
entation	8
entially	8
eqnarray	8
filename	8
lacement	8
register	8
Settings	8
ViewById	8
expected	8
plements	8
database	8
services	8
Password	8
activity	8
resource	8
Selector	8
download	8
TextView	8
ferences	8
Callback	8
contents	8
Category	8
settings	8
standing	8
DateTime	8
ationale	8
gression	8
Delegate	8
contains	8
issement	8
stellung	8
amerikan	8
language	8
subseteq	8
ivamente	8
variable	8
children	8
servable	8
platform	8
ographic	8
checkbox	8
required	8
question	8
Interval	8
schaften	8
tutorial	8
datetime	8
drawable	8
Security	8
Executor	8
dispatch	8
formance	8
original	8
nonumber	8
histoire	8
Services	8
equality	8
callback	8
multicol	8
ualmente	8
NSString	8
selector	8
products	8
Progress	8
putation	8
ometimes	8
American	8
Dispatch	8
itecture	8
Encoding	8
specific	8
Customer	8
Register	8
periment	8
setminus	8
material	8
unsigned	8
facebook	8
Standard	8
validate	8
customer	8
ifferent	8
ListView	8
Argument	8
essional	8
override	8
fficiale	8
standard	8
analysis	8
istrzost	8
minister	8
Accessor	8
ordinate	8
Variable	8
projects	8
ependant	8
atherine	8
Internal	8
Question	8
sequence	8
wicklung	8
GridView	8
abstract	8
notation	8
boldmath	8
igration	8
omorphic	8
FileName	8
izations	8
Inflater	8
generate	8
Graphics	8
NotFound	8
firebase	8
Calendar	8
estanden	8
iterator	8
elements	8
noindent	8
Complete	8
Controls	8
Protocol	8
catalina	8
onCreate	8
redirect	8
icamente	8
progress	8
provider	8
Relative	8
disabled	8
esterday	8
Identity	8
Metadata	8
ithmetic	8
articles	8
vertical	8
publique	8
structor	8
Elements	8
Duration	8
examples	8
geometry	8
messages	8
interval	8
distance	8
quarters	8
dropdown	8
Children	8
Required	8
Employee	8
atically	8
metadata	8
Resolver	8
duration	8
continue	8
football	8
ologique	8
addClass	8
Username	8
footnote	8
Iterator	8
istiques	8
software	8
textarea	8
protocol	8
ervation	8
Sequence	8
geordnet	8
adratkil	8
fragment	8
multiple	8
Contents	8
istische	8
comments	8
ispecies	8
genommen	8
Language	8
delegate	8
Contract	8
htaccess	8
Renderer	8
MenuItem	8
Contains	8
iseconds	8
athedral	8
ennessee	8
agnostic	8
compiler	8
Platform	8
learning	8
Snapshot	8
Receiver	8
features	8
negative	8
encoding	8
identity	8
Assembly	8
gestellt	8
commerce	8
ifecycle	8
adamente	8
Registry	8
Footnote	8
quantity	8
typename	8
mathchar	8
relative	8
Download	8
ttemberg	8
lichkeit	8
external	8
constant	8
calendar	8
getValue	8
relation	8
parallel	8
leqslant	8
argument	8
absolute	8
ouvelles	8
ogeneous	8
egyzetek	8
Overflow	8
iostream	8
laration	8
ensemble	8
imientos	8
Material	8
itations	8
minipage	8
jections	8
Webachiv	8
ordinary	8
setState	8
includes	8
Redirect	8
EditText	8
entlicht	8
requests	8
Defaults	8
azionale	8
previous	8
gradient	8
iversity	8
Institut	8
pecially	8
ignation	8
Projects	8
building	8
optional	8
Compiler	8
gemeinde	8
Messages	8
avigator	8
Endpoint	8
parseInt	8
Products	8
External	8
listener	8
Original	8
makeText	8
currency	8
romagnet	8
versions	8
employee	8
emptyset	8
ibration	8
controls	8
leveland	8
Internet	8
commands	8
Operator	8
although	8
training	8
Workbook	8
modifier	8
ComboBox	8
triangle	8
Strategy	8
assembly	8
Drawable	8
richtung	8
sections	8
National	8
possible	8
selenium	8
ortheast	8
ymnasium	8
Distance	8
ListItem	8
uclidean	8
Optional	8
collapse	8
communic	8
ancement	8
Sidenote	8
Observer	8
Behavior	8
UserName	8
endencia	8
ochastic	8
CheckBox	8
stelling	8
doFilter	8
multirow	8
gebracht	8
intellij	8
fileName	8
hostname	8
manifest	8
igkeiten	8
Vertical	8
zeichnis	8
ducation	8
ancouver	8
endpoint	8
Received	8
unction	7
ational	7
itemize	7
ception	7
lection	7
ference	7
mathcal	7
plement	7
section	7
ization	7
estions	7
uration	7
Portail	7
Element	7
Context	7
ulation	7
android	7
include	7
anguage	7
content	7
Request	7
ability	7
ailable	7
Service	7
atabase	7
itional	7
version	7
Manager	7
ptember	7
ategory	7
ination	7
gerufen	7
inition	7
nection	7
respond	7
Message	7
current	7
aterial	7
request	7
partial	7
Content	7
ruction	7
ibility	7
acional	7
ragment	7
isation	7
default	7
ocument	7
osition	7
Default	7
Handler	7
context	7
product	7
example	7
Control	7
project	7
develop	7
message	7
display	7
itution	7
process	7
ributes	7
ografia	7
element	7
agement	7
package	7
Factory	7
endency	7
println	7
library	7
ography	7
epsilon	7
service	7
ensions	7
Builder	7
Options	7
support	7
perties	7
aciones	7
utorial	7
estival	7
Adapter	7
install	7
Command	7
alement	7
present	7
control	7
replace	7
command	7
Version	7
caption	7
atively	7
mission	7
options	7
istrict	7
angular	7
istoire	7
issions	7
emeinde	7
connect	7
jection	7
itation	7
Process	7
Address	7
vention	7
Session	7
address	7
actions	7
ettings	7
ributed	7
bernate	7
Product	7
modules	7
Current	7
Changed	7
Project	7
Windows	7
imation	7
summary	7
izontal	7
Integer	7
fficial	7
article	7
session	7
Runtime	7
execute	7
ificate	7
Android	7
ospital	7
braries	7
usammen	7
ilation	7
success	7
program	7
imiento	7
ografie	7
private	7
licated	7
ynomial	7
Binding	7
Program	7
Display	7
ponents	7
comment	7
entials	7
tabular	7
ynchron	7
lopedia	7
groupId	7
liament	7
ilities	7
results	7
issance	7
amiento	7
atholic	7
clusion	7
account	7
profile	7
ignment	7
ictures	7
Storage	7
windows	7
chester	7
Account	7
Details	7
ocation	7
Servlet	7
ouvelle	7
Timeout	7
Enabled	7
archive	7
urrency	7
essions	7
pattern	7
console	7
initial	7
checked	7
entlich	7
meister	7
forward	7
amilton	7
umerate	7
istence	7
onymous	7
amental	7
Univers	7
created	7
network	7
criptor	7
ologies	7
allenge	7
counter	7
etailed	7
rollers	7
schemas	7
setText	7
picture	7
defined	7
servlet	7
Results	7
compile	7
iration	7
widehat	7
reshold	7
require	7
Library	7
Execute	7
contact	7
orithms	7
oration	7
ounding	7
pmatrix	7
pective	7
objects	7
ircraft	7
utenant	7
channel	7
Objects	7
padding	7
plugins	7
related	7
manager	7
visible	7
Visible	7
storage	7
ogether	7
mathscr	7
mozilla	7
columns	7
pressed	7
foreach	7
reflect	7
classes	7
loading	7
testing	7
Section	7
convert	7
Contact	7
elenium	7
country	7
Channel	7
eclipse	7
headers	7
aligned	7
Network	7
handler	7
schrift	7
mediate	7
stronom	7
raction	7
Profile	7
Invalid	7
Memento	7
Example	7
without	7
Support	7
ometric	7
certain	7
release	7
obierno	7
Constra	7
forEach	7
details	7
Unknown	7
Success	7
ryption	7
Columns	7
bmatrix	7
feature	7
factory	7
Package	7
Pointer	7
company	7
univers	7
napshot	7
spieler	7
steller	7
viation	7
theorem	7
deutsch	7
iciones	7
between	7
RELEASE	7
nsylvan	7
cciones	7
changed	7
ientras	7
imately	7
TextBox	7
Mutable	7
regular	7
General	7
sterdam	7
Initial	7
chestra	7
timeout	7
leitung	7
runtime	7
Wrapper	7
correct	7
algebra	7
ationen	7
Generic	7
licates	7
Mapping	7
collect	7
browser	7
subject	7
integer	7
primary	7
REQUEST	7
Drawing	7
VERSION	7
builder	7
writing	7
theless	7
viously	7
dynamic	7
AtIndex	7
ternoon	7
scripts	7
inction	7
aussian	7
omsnitt	7
crement	7
express	7
Pattern	7
problem	7
pointer	7
origine	7
However	7
itement	7
cussion	7
plotlib	7
general	7
SESSION	7
Vorlage	7
enabled	7
Desktop	7
written	7
wrapper	7
Counter	7
Checked	7
resolve	7
onsieur	7
Connect	7
parator	7
ulating	7
because	7
ostream	7
eground	7
Boolean	7
Headers	7
returns	7
compare	7
ishment	7
icional	7
history	7
lemagne	7
Convert	7
getText	7
erdings	7
initely	7
virtual	7
special	7
isecond	7
prevent	7
student	7
ruption	7
teilung	7
aturing	7
prepare	7
Feature	7
generic	7
irement	7
reichen	7
variant	7
indexOf	7
compose	7
schnitt	7
youtube	7
station	7
cluster	7
getName	7
strings	7
atiques	7
binding	7
complex	7
reading	7
Release	7
antages	7
schluss	7
perform	7
ivement	7
riction	7
ologist	7
Comment	7
Console	7
boolean	7
Replace	7
itories	7
flutter	7
DidLoad	7
animate	7
iveness	7
Trigger	7
fection	7
matches	7
numbers	7
Created	7
disable	7
tatywna	7
aturday	7
destroy	7
bildung	7
History	7
rimonio	7
continu	7
Subject	7
gericht	7
through	7
mapping	7
Country	7
Student	7
ichtung	7
desktop	7
uetooth	7
parison	7
invalid	7
reibung	7
trigger	7
logging	7
running	7
extract	7
umbnail	7
ierungs	7
Virtual	7
DOCTYPE	7
implies	7
updated	7
Company	7
adapter	7
Changes	7
Browser	7
istance	7
contrib	7
numeric	7
endance	7
ordered	7
earance	7
archivi	7
unnable	7
riority	7
environ	7
Texture	7
Develop	7
riteria	7
rolling	7
borough	7
elihood	7
cluding	7
refresh	7
commons	7
varchar	7
anstalt	7
usement	7
Austral	7
olation	7
Warning	7
western	7
loyment	7
Station	7
emetery	7
working	7
website	7
seconds	7
rewrite	7
uttavia	7
WebView	7
looking	7
mongodb	7
Install	7
Decimal	7
another	7
ividual	7
itative	7
estellt	7
DEFAULT	7
gravity	7
Loading	7
iennent	7
methods	7
machine	7
inburgh	7
ktionen	7
publish	7
payload	7
ipeline	7
ression	7
ventory	7
illiant	7
mutable	7
Dynamic	7
Michael	7
species	7
Pressed	7
Gesture	7
Receive	7
Failure	7
reverse	7
isEmpty	7
allowed	7
Espagne	7
English	7
atience	7
dataset	7
atorial	7
Special	7
clojure	7
itivity	7
twitter	7
natural	7
closure	7
physics	7
achment	7
ionario	7
central	7
Private	7
illaume	7
managed	7
inental	7
preview	7
leading	7
percent	7
verband	7
iformes	7
ordnung	7
Fernseh	7
jective	7
dirname	7
valueOf	7
bindung	7
changes	7
ensoort	7
compute	7
idenote	7
Methods	7
UIImage	7
illeurs	7
Summary	7
amentos	7
exports	7
inflate	7
Nothing	7
Actions	7
Managed	7
Strings	7
tersuch	7
entries	7
Problem	7
measure	7
Primary	7
respons	7
unknown	7
filters	7
incipal	7
encoded	7
setting	7
keyword	7
Subview	7
urrence	7
istique	7
confirm	7
uminate	7
Digital	7
Refresh	7
interno	7
anterie	7
missing	7
verkehr	7
webpack	7
legraph	7
chapter	7
century	7
warning	7
Classes	7
Express	7
ivalent	7
ershell	7
phantom	7
Seconds	7
versary	7
urchase	7
wendung	7
gegeben	7
elivery	7
AppData	7
stellen	7
predict	7
samples	7
Foreign	7
groupby	7
Running	7
HashMap	7
payment	7
backend	7
bereich	7
Culture	7
Percent	7
pection	7
catalog	7
umption	7
members	7
ativity	7
segment	7
opacity	7
Picture	7
iedenis	7
DataSet	7
nothing	7
riminal	7
intendo	7
ionales	7
honneur	7
ulative	7
ICATION	7
orphism	7
ifiable	7
UNCTION	7
assador	7
located	7
Theorem	7
Collect	7
threads	7
istiche	7
Setting	7
limited	7
America	7
Machine	7
registr	7
Updated	7
getting	7
TagName	7
bounded	7
Include	7
arrison	7
diction	7
Numbers	7
quality	7
uniform	7
engelsk	7
similar	7
laravel	7
estion	6
ations	6
lement	6
strong	6
ession	6
String	6
urrent	6
ething	6
essage	6
ischen	6
ically	6
rivate	6
string	6
roller	6
ternal	6
ograph	6
ctions	6
ptions	6
mathbb	6
indows	6
ground	6
Object	6
script	6
itions	6
ackage	6
ission	6
return	6
iction	6
action	6
amente	6
ention	6
ending	6
ential	6
select	6
etwork	6
ribute	6
istory	6
ension	6
layout	6
ultado	6
mathbf	6
schaft	6
length	6
ources	6
lambda	6
result	6
config	6
achine	6
server	6
button	6
ampion	6
Button	6
mathrm	6
change	6
ischer	6
psilon	6
create	6
ording	6
github	6
ponent	6
object	6
azione	6
option	6
imedia	6
Layout	6
height	6
Select	6
parent	6
Result	6
though	6
public	6
google	6
atures	6
lished	6
ferrer	6
actory	6
Stream	6
endent	6
quence	6
System	6
atalog	6
Config	6
inding	6
Client	6
lichen	6
Method	6
Script	6
ements	6
Action	6
spring	6
apache	6
unicip	6
Create	6
append	6
Column	6
Source	6
stract	6
ersion	6
search	6
amento	6
ername	6
figure	6
textbf	6
number	6
orithm	6
Number	6
filter	6
atform	6
leased	6
client	6
ipedia	6
ournal	6
curity	6
adding	6
python	6
icture	6
format	6
status	6
ington	6
Thread	6
output	6
column	6
vision	6
active	6
struct	6
source	6
atives	6
center	6
Filter	6
idence	6
target	6
system	6
selves	6
import	6
ounter	6
matrix	6
itting	6
iembre	6
module	6
ologie	6
stream	6
update	6
atever	6
untime	6
cially	6
efined	6
iginal	6
ecause	6
method	6
arning	6
Status	6
comple	6
Format	6
endant	6
rangle	6
jquery	6
Window	6
licate	6
access	6
quired	6
values	6
remove	6
Server	6
pected	6
legate	6
othing	6
imento	6
encias	6
master	6
ensive	6
custom	6
ibrary	6
SELECT	6
Update	6
undred	6
Output	6
fortun	6
subset	6
Length	6
amenti	6
levant	6
fiddle	6
Access	6
ialize	6
header	6
Entity	6
istics	6
rapper	6
varphi	6
elijke	6
Reader	6
langle	6
Height	6
thread	6
window	6
skiego	6
domain	6
ounded	6
ierung	6
Change	6
Custom	6
idades	6
Module	6
estamp	6
signed	6
Person	6
adores	6
ensure	6
second	6
params	6
ionale	6
undert	6
Dialog	6
holder	6
Buffer	6
textit	6
elling	6
ometry	6
Header	6
insert	6
iments	6
omorph	6
submit	6
weight	6
define	6
static	6
ulated	6
Search	6
widget	6
vector	6
printf	6
delete	6
random	6
itable	6
azioni	6
ometer	6
images	6
Option	6
isches	6
handle	6
izione	6
antage	6
plugin	6
Target	6
clipse	6
terior	6
ynamic	6
ubuntu	6
rowser	6
Widget	6
illing	6
double	6
Comple	6
author	6
normal	6
bottom	6
upload	6
buffer	6
Values	6
Player	6
Lambda	6
player	6
Serial	6
Record	6
ulator	6
licher	6
ifying	6
utable	6
cation	6
margin	6
assert	6
uments	6
should	6
otimes	6
itaire	6
amples	6
common	6
anning	6
ansion	6
driver	6
rivial	6
render	6
arante	6
Bundle	6
cademy	6
mathsf	6
fields	6
Params	6
istent	6
ountry	6
aching	6
ection	6
points	6
invoke	6
anging	6
Parent	6
styles	6
models	6
plates	6
agraph	6
igkeit	6
exists	6
emente	6
Active	6
ologia	6
Loader	6
entity	6
device	6
halten	6
Intent	6
offset	6
Offset	6
totype	6
amment	6
Scroll	6
ership	6
Writer	6
scroll	6
screen	6
person	6
ewrite	6
engine	6
linear	6
Render	6
Helper	6
hidden	6
ashion	6
global	6
equals	6
forall	6
schema	6
Native	6
before	6
ectors	6
reland	6
sample	6
manual	6
around	6
oracle	6
Screen	6
Socket	6
Holder	6
border	6
native	6
Device	6
coming	6
socket	6
astern	6
Return	6
record	6
agnost	6
iation	6
includ	6
Parser	6
irtual	6
Double	6
direct	6
Second	6
family	6
scheid	6
Python	6
enable	6
answer	6
ierten	6
studio	6
undial	6
folder	6
comput	6
isions	6
ustral	6
Please	6
issues	6
iverse	6
ITable	6
orient	6
report	6
ichten	6
latest	6
shared	6
Driver	6
Engine	6
ucture	6
ateien	6
onymes	6
Delete	6
encode	6
limits	6
errors	6
origin	6
lament	6
annels	6
loader	6
compat	6
Linear	6
Global	6
Schema	6
region	6
simple	6
indent	6
temper	6
Vector	6
ulture	6
pisode	6
Folder	6
xspace	6
Report	6
emento	6
liance	6
taient	6
gebiet	6
scribe	6
unique	6
groups	6
laimed	6
gradle	6
writer	6
pieler	6
toggle	6
cluded	6
Member	6
Center	6
embers	6
radius	6
prefix	6
ouvern	6
verter	6
Handle	6
cement	6
izioni	6
ongodb	6
events	6
textrm	6
oreign	6
Events	6
schied	6
Author	6
series	6
decode	6
ientes	6
ologne	6
stable	6
arters	6
angers	6
ningen	6
design	6
izable	6
picker	6
ertain	6
Picker	6
Effect	6
called	6
nehmen	6
keiten	6
intent	6
ateurs	6
webkit	6
ftware	6
django	6
aturen	6
theory	6
achsen	6
integr	6
hspace	6
intern	6
Google	6
rupted	6
member	6
Fields	6
ceptor	6
uzione	6
repeat	6
single	6
ferred	6
ishing	6
UPDATE	6
amount	6
autres	6
ctrine	6
Matrix	6
online	6
ighter	6
Compat	6
docker	6
Assert	6
plorer	6
icians	6
ambigu	6
Symbol	6
rypted	6
inline	6
imeter	6
Equals	6
icious	6
memory	6
approx	6
frastr	6
ifiers	6
attach	6
ientos	6
eduler	6
solute	6
eduled	6
vspace	6
commit	6
necess	6
pandas	6
switch	6
router	6
Bitmap	6
editor	6
ichtet	6
ispiel	6
canvas	6
cience	6
Editor	6
Bottom	6
launch	6
schule	6
ARCHAR	6
ieving	6
usetts	6
egeben	6
isting	6
Simple	6
sender	6
rument	6
serial	6
arbeit	6
closed	6
hausen	6
formed	6
loaded	6
Policy	6
Europe	6
letter	6
berger	6
Single	6
course	6
itants	6
calcul	6
atique	6
export	6
dialog	6
outube	6
Remove	6
encies	6
Domain	6
effect	6
urname	6
Memory	6
accept	6
alleng	6
ietnam	6
France	6
ischof	6
ingham	6
gresql	6
Worker	6
histor	6
Visual	6
Submit	6
lywood	6
tembre	6
texttt	6
Plugin	6
havior	6
icular	6
Logger	6
metric	6
detail	6
enkins	6
javase	6
deploy	6
Detail	6
chmark	6
assets	6
ordnet	6
rieben	6
circle	6
assign	6
idense	6
remote	6
Syntax	6
parser	6
inners	6
bundle	6
idents	6
encing	6
mobile	6
Runner	6
lieder	6
vanced	6
Thanks	6
reader	6
choice	6
riften	6
licity	6
Border	6
jQuery	6
Static	6
atable	6
aining	6
nement	6
acions	6
ithmet	6
amazon	6
ignore	6
ipping	6
iously	6
Direct	6
phabet	6
atrice	6
bourne	6
ecycle	6
kernel	6
reduce	6
Insert	6
mapsto	6
shadow	6
Import	6
branch	6
Upload	6
Intern	6
ciones	6
square	6
Launch	6
middle	6
concat	6
Sample	6
Failed	6
leases	6
expect	6
Random	6
sizeof	6
utions	6
abling	6
useppe	6
esterd	6
multip	6
typeof	6
Amount	6
symbol	6
chrome	6
cursor	6
inking	6
ondere	6
amarin	6
Append	6
friend	6
charts	6
schutz	6
lation	6
bridge	6
onders	6
Region	6
pecies	6
porter	6
Bounds	6
usalem	6
urance	6
SERVER	6
Christ	6
Before	6
atural	6
termin	6
expand	6
nungen	6
bullet	6
Common	6
lossen	6
finite	6
owania	6
textsc	6
secret	6
issent	6
Normal	6
lingen	6
period	6
lassen	6
vendor	6
Master	6
Series	6
ematic	6
fahren	6
izzato	6
kwargs	6
actual	6
sheets	6
Cancel	6
LENGTH	6
quelle	6
INSERT	6
athers	6
illery	6
except	6
issant	6
angles	6
binary	6
Struct	6
Pierre	6
Spring	6
imiter	6
emberg	6
verage	6
attice	6
ultats	6
factor	6
teenth	6
Public	6
gleich	6
Cursor	6
frames	6
ingers	6
Mapper	6
ancing	6
indust	6
liches	6
aments	6
visual	6
atoire	6
Future	6
tensor	6
Images	6
aucoup	6
office	6
gemein	6
Remote	6
arding	6
apping	6
Points	6
lookup	6
loster	6
ategor	6
icator	6
orders	6
Radius	6
archar	6
antine	6
Comput	6
listen	6
ermann	6
mittel	6
Enable	6
cancel	6
Camera	6
Invoke	6
STRING	6
itudes	6
ritten	6
kreich	6
helper	6
ellite	6
gesamt	6
ombres	6
ounced	6
staden	6
Italia	6
enders	6
dagger	6
urable	6
consin	6
labels	6
perate	6
rizona	6
ToList	6
associ	6
akespe	6
likely	6
dotnet	6
velope	6
atorio	6
bucket	6
endorf	6
resize	6
cookie	6
escape	6
ushing	6
burger	6
atomic	6
kommen	6
acters	6
logger	6
engers	6
footer	6
inaire	6
Shared	6
owanie	6
heiten	6
choose	6
itaine	6
extend	6
enberg	6
ionali	6
ruguay	6
navbar	6
askell	6
inject	6
always	6
Canvas	6
ningar	6
ollary	6
iframe	6
idente	6
rained	6
contre	6
hadoop	6
kirche	6
istant	6
policy	6
imenti	6
father	6
utlich	6
ateful	6
enburg	6
Setter	6
compos	6
Errors	6
Vertex	6
Answer	6
antics	6
Martin	6
verein	6
manuel	6
Weight	6
ninger	6
itated	6
nahmen	6
Verlag	6
ifique	6
sqlite	6
questa	6
estore	6
estaur	6
igneur	6
spaces	6
schein	6
marker	6
contra	6
follow	6
ouvert	6
cribed	6
etzung	6
Prefix	6
Recogn	6
reason	6
slider	6
Origin	6
NUMBER	6
ichter	6
itchen	6
reiche	6
orious	6
locale	6
rotate	6
allery	6
charge	6
lapsed	6
ogonal	6
prowad	6
nehmer	6
Integr	6
aneous	6
ForKey	6
argent	6
optera	6
engono	6
bounds	6
arring	6
Brainz	6
mysqli	6
iemann	6
lessly	6
Models	6
Ignore	6
quency	6
keeper	6
Accept	6
Router	6
atting	6
Groups	6
abeled	6
Fiddle	6
tables	6
archiv	6
elines	6
secure	6
Exists	6
caught	6
frique	6
ifting	6
wealth	6
Anchor	6
tomcat	6
rolled	6
istica	6
creens	6
marine	6
izzata	6
sorted	6
worker	6
Marker	6
volume	6
Volume	6
boards	6
ACTION	6
iencia	6
attung	6
esseur	6
former	6
umably	6
enario	6
social	6
Cookie	6
Tables	6
lahoma	6
Switch	6
portal	6
umeric	6
Zygote	6
Hidden	6
notify	6
rifice	6
Binary	6
imming	6
gruppe	6
lungen	6
ulaire	6
esehen	6
apolis	6
museum	6
anchor	6
ulsion	6
stdout	6
ursive	6
Middle	6
asures	6
signal	6
umbled	6
isseur	6
ARNING	6
season	6
people	6
onomie	6
ocracy	6
stroke	6
CONFIG	6
onneur	6
ellett	6
consum	6
dflare	6
imoine	6
failed	6
camera	6
gender	6
inside	6
morrow	6
altern	6
ativas	6
legend	6
aggreg	6
August	6
unwrap	6
dienst	6
remark	6
uclide	6
Export	6
alette	6
itatea	6
ailand	6
thesis	6
embros	6
cedure	6
ivatal	6
cuador	6
UIView	6
andbox	6
observ	6
dating	6
ultimo	6
Should	6
iftung	6
filled	6
mathop	6
iennes	6
school	6
CREATE	6
STATUS	6
Calcul	6
intrag	6
Family	6
annten	6
ciendo	6
castle	6
Toggle	6
Office	6
aterra	6
ciente	6
starts	6
unning	6
heimer	6
nested	6
runner	6
Drawer	6
energy	6
zeitig	6
ponder	6
prilis	6
attend	6
gebaut	6
malloc	6
colors	6
cludes	6
altung	6
estone	6
ppings	6
sweise	6
substr	6
irable	6
review	6
alling	6
medium	6
routes	6
verify	6
Autres	6
ittest	6
usable	6
ystycz	6
forsch	6
Donald	6
reload	6
gebras	6
metros	6
ellers	6
usztus	6
ismiss	6
Italie	6
Inject	6
setopt	6
pshire	6
pragma	6
stelle	6
Secret	6
istema	6
market	6
sprech	6
autore	6
states	6
bishop	6
Studio	6
ractor	6
esters	6
amsung	6
unless	6
puesta	6
ifolia	6
making	6
ativos	6
Cannot	6
locked	6
yellow	6
Loaded	6
ografi	6
kotlin	6
SError	6
Associ	6
layers	6
Mobile	6
hanced	6
sprach	6
street	6
Outlet	6
recogn	6
xelles	6
viders	6
erving	6
inture	6
syntax	6
agrant	6
Sender	6
Choice	6
westen	6
ughing	6
brains	6
userId	6
rating	6
Expand	6
ourses	6
vement	6
Period	6
Daniel	6
ation	5
ction	5
begin	5
ition	5
ption	5
ublic	5
ement	5
tring	5
ution	5
cript	5
ument	5
ethod	5
ystem	5
ample	5
https	5
irect	5
ember	5
quest	5
ament	5
ource	5
ating	5
other	5
ative	5
right	5
block	5
esent	5
erson	5
quote	5
stack	5
ually	5
ength	5
lease	5
ister	5
ayout	5
ature	5
ivers	5
quire	5
ender	5
lient	5
ather	5
inter	5
label	5
ython	5
bject	5
ccess	5
sible	5
stand	5
ident	5
ponse	5
abase	5
value	5
ought	5
ility	5
ustom	5
velop	5
ional	5
ables	5
utton	5
ments	5
aster	5
ities	5
Value	5
thing	5
query	5
ether	5
class	5
ittle	5
embre	5
ische	5
ready	5
ences	5
indow	5
ivity	5
iment	5
ouble	5
input	5
arget	5
order	5
width	5
istor	5
ither	5
press	5
print	5
enden	5
ified	5
index	5
ambda	5
alpha	5
clude	5
pring	5
plate	5
ograf	5
vious	5
table	5
array	5
IMAGE	5
Class	5
Error	5
utsch	5
brary	5
ision	5
ungen	5
ately	5
align	5
angle	5
frame	5
Array	5
atter	5
Event	5
iddle	5
field	5
andom	5
mente	5
eters	5
ilder	5
error	5
ently	5
ormal	5
ended	5
color	5
ugust	5
ymbol	5
State	5
count	5
perty	5
umber	5
ining	5
earch	5
ested	5
ality	5
iones	5
ances	5
oment	5
wards	5
arrow	5
Image	5
ollow	5
start	5
group	5
ithub	5
local	5
ology	5
Query	5
reate	5
pport	5
ector	5
viron	5
image	5
uffer	5
where	5
Field	5
const	5
valid	5
point	5
lobal	5
older	5
Model	5
check	5
param	5
urope	5
Index	5
ering	5
title	5
pping	5
ished	5
trans	5
style	5
Color	5
apter	5
imgur	5
itive	5
iness	5
thers	5
board	5
infty	5
theta	5
space	5
erman	5
river	5
write	5
Table	5
igger	5
ottom	5
ensch	5
ively	5
abled	5
ialog	5
gress	5
oding	5
idget	5
event	5
times	5
ifier	5
fully	5
asure	5
orith	5
sigma	5
iques	5
ached	5
antes	5
click	5
inary	5
ander	5
ories	5
state	5
uring	5
ename	5
range	5
ounds	5
verse	5
argin	5
icult	5
usion	5
Count	5
inner	5
ainer	5
ports	5
ranch	5
licit	5
icles	5
Inter	5
ators	5
first	5
teger	5
olean	5
annel	5
ester	5
Click	5
entic	5
delta	5
ordin	5
alled	5
idden	5
yntax	5
zione	5
arter	5
graph	5
itude	5
build	5
gamma	5
ingen	5
Input	5
model	5
Trans	5
Frame	5
aries	5
match	5
iving	5
aring	5
light	5
itted	5
ichte	5
ieder	5
itect	5
weise	5
eller	5
false	5
liche	5
conom	5
anger	5
rench	5
anged	5
istic	5
which	5
quare	5
undle	5
Param	5
gener	5
ellow	5
using	5
posed	5
Start	5
Label	5
Group	5
omega	5
iding	5
ville	5
eqref	5
ellen	5
links	5
inder	5
elles	5
useum	5
patch	5
itory	5
under	5
thern	5
aking	5
reich	5
child	5
itter	5
zeich	5
known	5
Point	5
iento	5
obile	5
lands	5
Delta	5
email	5
raint	5
izing	5
estig	5
attle	5
files	5
entes	5
close	5
jango	5
andid	5
riter	5
uster	5
etime	5
ierte	5
allen	5
split	5
emein	5
stein	5
ledge	5
vider	5
iller	5
produ	5
parse	5
aving	5
idade	5
iform	5
outer	5
level	5
Style	5
eline	5
creen	5
Check	5
ience	5
icial	5
inger	5
Gener	5
strap	5
encia	5
acter	5
tocol	5
embly	5
ously	5
asing	5
lipse	5
ernel	5
ights	5
gebra	5
lying	5
tilde	5
enter	5
chron	5
bolds	5
ising	5
Child	5
acity	5
swers	5
Users	5
ursor	5
Omega	5
ulate	5
istry	5
orage	5
buntu	5
laces	5
Token	5
Range	5
ensor	5
scope	5
atore	5
Datos	5
Width	5
Write	5
overn	5
stell	5
tober	5
arily	5
astic	5
empty	5
ensis	5
essor	5
athol	5
ierre	5
eries	5
organ	5
eless	5
ieved	5
admin	5
utter	5
aught	5
endar	5
imate	5
iling	5
icker	5
allel	5
iforn	5
Gamma	5
ropri	5
place	5
based	5
phone	5
First	5
annot	5
aging	5
izont	5
iente	5
Items	5
anges	5
elijk	5
emble	5
token	5
unity	5
asion	5
ifest	5
Title	5
names	5
asons	5
after	5
scale	5
ifact	5
ktion	5
items	5
ienne	5
andas	5
ersch	5
ained	5
aires	5
ffect	5
actor	5
users	5
undes	5
Valid	5
adata	5
anden	5
Stack	5
ateur	5
apply	5
anner	5
illet	5
Right	5
ommun	5
views	5
float	5
Block	5
Panel	5
login	5
Order	5
illes	5
atory	5
omial	5
Ident	5
ammen	5
osoph	5
urity	5
antic	5
Local	5
prise	5
gesch	5
hline	5
ldots	5
total	5
arden	5
ieren	5
asket	5
mysql	5
ideos	5
atura	5
while	5
proof	5
numer	5
ATION	5
arten	5
Async	5
cache	5
otion	5
leich	5
grade	5
inese	5
isten	5
oring	5
chter	5
entry	5
aille	5
famil	5
autor	5
ening	5
iffer	5
anced	5
aison	5
debug	5
ugins	5
final	5
ittel	5
onder	5
react	5
unter	5
There	5
iring	5
tools	5
estra	5
nabla	5
black	5
icket	5
clear	5
arios	5
ridge	5
atten	5
ativa	5
ocker	5
Names	5
break	5
house	5
faces	5
types	5
skiej	5
cious	5
False	5
iance	5
ensus	5
front	5
ouver	5
Build	5
ieurs	5
store	5
ician	5
Empty	5
inent	5
ategy	5
azine	5
lines	5
orial	5
endre	5
Store	5
empor	5
riage	5
crete	5
phere	5
ouvel	5
uture	5
super	5
fetch	5
price	5
mlung	5
andon	5
enced	5
istes	5
cloud	5
small	5
words	5
ittee	5
stood	5
ellig	5
ading	5
icago	5
ennes	5
linux	5
acing	5
abeth	5
istas	5
equiv	5
cadem	5
angel	5
asser	5
forms	5
stadt	5
ennis	5
Graph	5
allow	5
orter	5
refix	5
cdots	5
icate	5
Entry	5
video	5
Match	5
spiel	5
Found	5
anted	5
dated	5
ultur	5
ckets	5
ocket	5
ufact	5
istan	5
resol	5
unden	5
media	5
oggle	5
Email	5
ishop	5
CTION	5
erved	5
Equal	5
lique	5
sheet	5
berto	5
Phone	5
kappa	5
multi	5
rails	5
bound	5
agger	5
uming	5
ommen	5
venue	5
essen	5
appro	5
ships	5
queue	5
contr	5
citep	5
aggio	5
inden	5
ients	5
prime	5
Level	5
force	5
ockey	5
itung	5
itmap	5
Sigma	5
loyee	5
embro	5
innen	5
anten	5
daten	5
richt	5
gence	5
ourse	5
ieron	5
retch	5
pling	5
album	5
udent	5
itate	5
Enter	5
Cache	5
aters	5
owych	5
Files	5
Types	5
Media	5
rough	5
widet	5
poses	5
Queue	5
Sheet	5
andra	5
ropol	5
dfrac	5
racle	5
antly	5
month	5
licht	5
shift	5
Repos	5
white	5
Press	5
orden	5
osten	5
aient	5
Hello	5
aylor	5
props	5
Float	5
skich	5
Stand	5
Login	5
ifies	5
utive	5
REATE	5
rance	5
Close	5
night	5
terne	5
atori	5
Bytes	5
activ	5
unque	5
oston	5
assen	5
enses	5
ienst	5
edule	5
leton	5
vised	5
track	5
anned	5
agini	5
iders	5
ielle	5
athan	5
iting	5
oting	5
ERROR	5
quipe	5
cases	5
seite	5
aming	5
essed	5
world	5
Total	5
lagen	5
apple	5
utely	5
Trace	5
ierra	5
aland	5
ismus	5
reens	5
acher	5
rices	5
ingly	5
ativo	5
gende	5
beans	5
rible	5
owski	5
equal	5
shire	5
nings	5
Print	5
igung	5
owany	5
Debug	5
cover	5
Where	5
found	5
occer	5
conne	5
anton	5
qquad	5
legal	5
archy	5
reset	5
Const	5
Route	5
joint	5
raine	5
quant	5
Utils	5
shape	5
endor	5
hello	5
grund	5
minus	5
istrz	5
pages	5
watch	5
itute	5
iante	5
kreis	5
Resol	5
chten	5
inois	5
maven	5
istra	5
catch	5
worth	5
falls	5
aller	5
spark	5
Forms	5
ierno	5
angen	5
ederb	5
isted	5
async	5
icana	5
green	5
ragen	5
ussen	5
there	5
about	5
onato	5
books	5
stone	5
Admin	5
short	5
illon	5
icher	5
aling	5
icode	5
alert	5
Parse	5
plays	5
igned	5
iglia	5
ienen	5
topic	5
Price	5
antin	5
edeut	5
presa	5
clock	5
guide	5
regex	5
union	5
kadem	5
aines	5
issen	5
works	5
route	5
emplo	5
layer	5
asant	5
bytes	5
hover	5
apest	5
icano	5
utils	5
FAULT	5
ogram	5
ansas	5
owego	5
iency	5
radio	5
limit	5
water	5
ureau	5
Cells	5
ylvan	5
opher	5
zioni	5
suite	5
uelle	5
SSION	5
itzer	5
olare	5
power	5
After	5
inity	5
lower	5
score	5
peror	5
share	5
chsel	5
ental	5
porte	5
chant	5
alter	5
zenia	5
brace	5
lemma	5
ibles	5
nosti	5
burgh	5
lapse	5
Month	5
arian	5
otlin	5
mande	5
ancia	5
eland	5
Proxy	5
entre	5
World	5
LEASE	5
eling	5
oured	5
posts	5
rique	5
tagon	5
uther	5
isons	5
QUEST	5
ubern	5
athed	5
aceae	5
esome	5
chain	5
jours	5
ordon	5
ommes	5
akter	5
Mouse	5
elled	5
ctors	5
liver	5
arono	5
Layer	5
agram	5
round	5
ichen	5
racht	5
aches	5
lasse	5
datas	5
osing	5
anter	5
merge	5
setup	5
prote	5
Chain	5
proxy	5
gency	5
Chart	5
Timer	5
agent	5
ensen	5
legen	5
lacht	5
sterd	5
bably	5
uries	5
andro	5
voice	5
ented	5
Space	5
floor	5
clean	5
train	5
ienia	5
trace	5
uerto	5
erade	5
ifica	5
otted	5
rival	5
enger	5
issue	5
panel	5
eting	5
Using	5
Video	5
dates	5
endif	5
atial	5
aused	5
Scope	5
ynast	5
recht	5
esses	5
antry	5
Multi	5
icion	5
opsis	5
tbody	5
ushed	5
cknow	5
naire	5
chart	5
elect	5
entin	5
adora	5
venir	5
erner	5
cible	5
xture	5
umble	5
cient	5
iewer	5
serie	5
modal	5
poque	5
oster	5
merce	5
Flags	5
estre	5
antom	5
flags	5
mouse	5
Final	5
scala	5
Touch	5
heast	5
allas	5
ycler	5
shell	5
riere	5
Allow	5
estic	5
alloc	5
conde	5
quent	5
quier	5
Shell	5
onden	5
since	5
itten	5
Other	5
basic	5
esser	5
built	5
inand	5
unnel	5
batch	5
paste	5
adrat	5
binom	5
textt	5
stats	5
ipped	5
isset	5
anson	5
sites	5
markt	5
acion	5
berry	5
serve	5
WRITE	5
annte	5
catal	5
iveau	5
brand	5
mount	5
clone	5
ogene	5
Basic	5
cular	5
itage	5
acent	5
Alert	5
usted	5
inale	5
onnen	5
icans	5
platz	5
touch	5
occup	5
ieval	5
schen	5
endet	5
rical	5
estro	5
ocrat	5
inton	5
notes	5
large	5
inate	5
ishes	5
iendo	5
strip	5
slash	5
sleep	5
uting	5
boost	5
Bound	5
Audio	5
citet	5
slant	5
ahlen	5
ieves	5
Scale	5
ernal	5
oplus	5
oking	5
bourg	5
iture	5
itors	5
apped	5
fried	5
craft	5
colon	5
saved	5
onces	5
sieme	5
isson	5
autom	5
Theta	5
oslav	5
aglia	5
bibli	5
berga	5
named	5
lesia	5
proto	5
three	5
owane	5
rence	5
igten	5
izado	5
othek	5
azure	5
Theme	5
going	5
itled	5
uliar	5
stock	5
ionen	5
guard	5
ousin	5
boBox	5
ichts	5
extra	5
oport	5
icked	5
wedge	5
izard	5
actic	5
rypto	5
Track	5
Begin	5
antal	5
embed	5
every	5
nodes	5
swing	5
focus	5
conda	5
orted	5
adoop	5
rable	5
abile	5
Extra	5
loads	5
codes	5
agers	5
uerte	5
icted	5
theme	5
braio	5
autre	5
xmlns	5
agner	5
jamin	5
icina	5
slice	5
itori	5
okrat	5
junit	5
audio	5
icing	5
DEBUG	5
eness	5
glise	5
nisse	5
zenie	5
ellan	5
endes	5
nahme	5
Black	5
ennen	5
toire	5
COUNT	5
Movie	5
Clear	5
achen	5
Split	5
alone	5
delay	5
avier	5
rooms	5
ighth	5
izada	5
frica	5
lings	5
esian	5
orgen	5
jourd	5
oteca	5
inals	5
etter	5
anska	5
uteur	5
taire	5
thead	5
erten	5
Super	5
attro	5
cross	5
VALUE	5
istro	5
visor	5
stage	5
logic	5
rules	5
stoff	5
slide	5
ebook	5
punkt	5
speed	5
Lower	5
iegel	5
icios	5
immer	5
gment	5
izers	5
anych	5
blank	5
uling	5
depth	5
David	5
iesen	5
maste	5
decor	5
arius	5
Angle	5
affen	5
esota	5
istol	5
lista	5
Agent	5
atted	5
learn	5
rache	5
STATE	5
Modal	5
paper	5
ordre	5
indre	5
niejs	5
enten	5
cling	5
appen	5
berta	5
opter	5
alias	5
Union	5
ultan	5
scher	5
ouest	5
CTYPE	5
yaume	5
polit	5
Score	5
erves	5
oltre	5
lette	5
arias	5
fixed	5
alion	5
Lines	5
refer	5
Nodes	5
zetek	5
forge	5
ardon	5
owner	5
anche	5
rimin	5
timer	5
liest	5
rollo	5
Cloud	5
atoes	5
Props	5
alous	5
throw	5
onaut	5
ilian	5
Focus	5
ellij	5
optim	5
itsch	5
orous	5
tasks	5
await	5
Light	5
eties	5
liter	5
parts	5
Fetch	5
Conne	5
mania	5
TABLE	5
assoc	5
mouth	5
ituto	5
upper	5
akers	5
oving	5
ciale	5
usage	5
eared	5
ensed	5
tests	5
ettes	5
retto	5
edish	5
ruits	5
igner	5
eding	5
Music	5
penas	5
ousel	5
avano	5
apers	5
Short	5
cules	5
illas	5
lined	5
major	5
typen	5
aping	5
bling	5
ahren	5
cente	5
angol	5
Power	5
ardin	5
icken	5
spect	5
eston	5
lists	5
ounce	5
colog	5
drive	5
photo	5
agues	5
ouwen	5
phase	5
zburg	5
uchte	5
techn	5
homme	5
terre	5
adesh	5
Activ	5
ymnas	5
Radio	5
White	5
elter	5
uffle	5
onomy	5
gmail	5
ibile	5
itime	5
ytics	5
WHERE	5
ilers	5
sharp	5
raham	5
agine	5
Brain	5
plane	5
ITION	5
Place	5
isher	5
opens	5
Pager	5
Named	5
overy	5
Saint	5
phony	5
uario	5
frika	5
reten	5
oires	5
addle	5
ORDER	5
annes	5
orrow	5
agnet	5
rages	5
ppers	5
paces	5
subst	5
rebbe	5
below	5
giore	5
tfrac	5
umann	5
Famil	5
WIDTH	5
third	5
regon	5
party	5
iteit	5
ccion	5
ampio	5
encer	5
raise	5
ipage	5
istre	5
leted	5
Maybe	5
strij	5
jboss	5
blatt	5
arium	5
marks	5
Excel	5
Quant	5
itzen	5
opera	5
folge	5
Since	5
comot	5
heart	5
avait	5
sters	5
cycle	5
oauth	5
flush	5
Batch	5
olate	5
holds	5
atype	5
blast	5
ubble	5
apper	5
ospod	5
icole	5
nginx	5
Could	5
intro	5
forum	5
javax	5
astro	5
berts	5
acles	5
limat	5
annon	5
resse	5
Scene	5
geben	5
nelle	5
hosts	5
Autow	5
arina	5
Marie	5
tuple	5
attan	5
music	5
actly	5
adows	5
xpath	5
itore	5
stdio	5
Produ	5
ouses	5
Peter	5
wagen	5
numpy	5
abama	5
ownik	5
ologe	5
Views	5
arith	5
INTER	5
ienie	5
andis	5
ragma	5
added	5
enium	5
schap	5
oslov	5
achim	5
rides	5
uchar	5
altra	5
Linux	5
story	5
Shape	5
asset	5
domin	5
Tools	5
achiv	5
erset	5
analy	5
emark	5
evalu	5
andal	5
atile	5
IABot	5
imore	5
Tests	5
plant	5
abord	5
Limit	5
illed	5
virti	5
IMARY	5
FILES	5
CLARE	5
steps	5
adors	5
demic	5
quick	5
aders	5
plain	5
Green	5
elsen	5
excel	5
scene	5
dimen	5
Watch	5
onnes	5
ornal	5
emann	5
paths	5
icity	5
urent	5
uropa	5
ienza	5
Liter	5
hyper	5
enska	5
Delay	5
atuur	5
urban	5
owano	5
separ	5
empre	5
Stats	5
icile	5
enson	5
onial	5
verso	5
athon	5
leans	5
Louis	5
ftrag	5
landa	5
ocity	5
xtart	5
orney	5
macro	5
Thank	5
woord	5
talet	5
charg	5
tered	5
ighed	5
endra	5
leben	5
ierto	5
defin	5
fasst	5
essel	5
enser	5
incie	5
arded	5
hardt	5
anzen	5
folio	5
staat	5
igare	5
igent	5
latex	5
heits	5
FALSE	5
rayed	5
atern	5
blogs	5
uerdo	5
hagen	5
onian	5
START	5
iwers	5
ancer	5
etten	5
lijke	5
owana	5
agens	5
ashed	5
itare	5
Photo	5
verte	5
maybe	5
human	5
imper	5
onica	5
urger	5
ggreg	5
oused	5
akult	5
digit	5
Upper	5
Tasks	5
Fixed	5
ospel	5
GROUP	5
orton	5
beeld	5
eteor	5
ficos	5
Asset	5
ected	5
alles	5
oline	5
Every	5
riers	5
Speed	5
avant	5
omini	5
ionic	5
icane	5
could	5
owned	5
VALID	5
plots	5
swift	5
inson	5
comes	5
ollar	5
eping	5
esten	5
blica	5
irche	5
ByVal	5
CCESS	5
fluss	5
Setup	5
engen	5
istik	5
herit	5
icons	5
letin	5
inkel	5
enant	5
Reset	5
elian	5
above	5
loped	5
Stage	5
keley	5
terra	5
mense	5
Organ	5
ignes	5
movie	5
posta	5
raste	5
frent	5
amour	5
ppets	5
ivari	5
chrom	5
inned	5
relax	5
kunft	5
ipart	5
ieben	5
Pages	5
arial	5
maxim	5
ublik	5
unker	5
datei	5
Usage	5
Mount	5
ivent	5
empio	5
Brush	5
atisf	5
urale	5
Inner	5
esper	5
Atlas	5
temps	5
today	5
simeq	5
liers	5
ettbe	5
court	5
ligen	5
grand	5
reven	5
agyar	5
fault	5
uning	5
haupt	5
ABASE	5
INDEX	5
orten	5
metro	5
thick	5
unted	5
uncia	5
itats	5
flash	5
iella	5
ossen	5
maker	5
iende	5
Proof	5
icale	5
gaben	5
cards	5
apsed	5
About	5
urbed	5
Ready	5
Owner	5
insen	5
Deleg	5
ictwo	5
oning	5
aware	5
lande	5
omena	5
egung	5
ziale	5
cedes	5
xhtml	5
Board	5
Azure	5
Autom	5
otrop	5
asted	5
ioned	5
preis	5
kafka	5
lando	5
ammer	5
Three	5
vidia	5
fonts	5
insic	5
xygen	5
avoir	5
Alpha	5
erton	5
heure	5
babel	5
trees	5
riors	5
ucion	5
villa	5
icola	5
oming	5
ifice	5
rolle	5
kende	5
werke	5
ammed	5
Paint	5
acker	5
lecht	5
duino	5
burgo	5
exist	5
glass	5
cdnjs	5
texte	5
Times	5
schau	5
Under	5
fahrt	5
Smith	5
odore	5
tritt	5
onyme	5
isses	5
atica	5
ariat	5
until	5
Front	5
Story	5
aties	5
jekte	5
meter	5
lices	5
ansen	5
isser	5
Sound	5
James	5
zeuge	5
Throw	5
geber	5
datab	5
gable	5
heten	5
utors	5
cribe	5
ignon	5
ucker	5
Pixel	5
Shift	5
coded	5
endum	5
NSURL	5
macht	5
uesto	5
sound	5
chunk	5
legte	5
notin	5
ment	4
code	4
egin	4
ould	4
able	4
ight	4
swer	4
lass	4
ound	4
ject	4
ated	4
ally	4
port	4
ence	4
item	4
turn	4
form	4
ther	4
tern	4
text	4
ance	4
math	4
ener	4
irst	4
lect	4
isch	4
ount	4
vent	4
ough	4
vers	4
ings	4
atch	4
fter	4
lock	4
ange	4
ific	4
ical	4
read	4
over	4
ield	4
name	4
inal	4
cess	4
ient	4
roid	4
ater	4
blem	4
View	4
land	4
ator	4
ular	4
ause	4
ning	4
ates	4
fore	4
ions	4
vice	4
pect	4
abel	4
cond	4
http	4
raph	4
frac	4
Name	4
ages	4
olog	4
very	4
line	4
ents	4
ince	4
ider	4
roll	4
ruct	4
ress	4
ried	4
date	4
ting	4
lace	4
data	4
arch	4
ames	4
cont	4
work	4
ault	4
List	4
eter	4
ever	4
self	4
ined	4
idth	4
Cont	4
ward	4
anks	4
atur	4
amil	4
imes	4
load	4
this	4
rite	4
edia	4
ique	4
gram	4
lick	4
html	4
ione	4
icht	4
alse	4
file	4
ween	4
cial	4
play	4
ract	4
ased	4
Data	4
lich	4
ines	4
view	4
iter	4
Type	4
cept	4
left	4
ited	4
ices	4
part	4
orld	4
rect	4
Text	4
back	4
ream	4
java	4
ante	4
ason	4
ader	4
lish	4
ower	4
test	4
ouse	4
flow	4
itle	4
word	4
ando	4
ving	4
cent	4
list	4
vert	4
user	4
elle	4
ible	4
ache	4
ateg	4
ling	4
type	4
ager	4
ogle	4
ized	4
ques	4
ille	4
ativ	4
ants	4
sert	4
lear	4
ense	4
ared	4
esch	4
ures	4
ends	4
ople	4
ways	4
Item	4
ente	4
rist	4
cite	4
comm	4
orth	4
atal	4
ista	4
path	4
igen	4
itor	4
ales	4
ross	4
ases	4
istr	4
ball	4
serv	4
iver	4
bert	4
ters	4
face	4
sole	4
inci	4
ican	4
ably	4
duct	4
less	4
lose	4
time	4
ails	4
ides	4
ados	4
ness	4
File	4
ison	4
Port	4
size	4
link	4
ilar	4
itch	4
init	4
ived	4
ette	4
iled	4
icro	4
ores	4
lack	4
aint	4
idad	4
angu	4
comp	4
atus	4
tain	4
ital	4
ffic	4
ieve	4
ride	4
outh	4
eder	4
avas	4
atic	4
urch	4
oint	4
ours	4
ster	4
cies	4
oman	4
Time	4
iste	4
post	4
pper	4
Form	4
icle	4
ware	4
unic	4
Date	4
ules	4
with	4
mail	4
berg	4
elta	4
ival	4
aten	4
body	4
bers	4
Path	4
inst	4
ided	4
ario	4
odes	4
docs	4
ires	4
User	4
osed	4
oute	4
utes	4
ibli	4
soft	4
ples	4
ains	4
ries	4
chen	4
reen	4
amma	4
ious	4
site	4
ayer	4
come	4
endo	4
omen	4
hing	4
amed	4
ctor	4
lete	4
head	4
pond	4
plit	4
soci	4
ired	4
else	4
ones	4
ists	4
udio	4
find	4
ourn	4
book	4
illa	4
ynam	4
igma	4
ties	4
cted	4
ured	4
lied	4
side	4
sing	4
pped	4
ideo	4
true	4
imal	4
With	4
Test	4
host	4
loat	4
burg	4
ades	4
ungs	4
char	4
json	4
rame	4
ilon	4
ador	4
ives	4
open	4
ello	4
ards	4
from	4
node	4
hand	4
base	4
pril	4
cons	4
heck	4
down	4
ebru	4
ufen	4
core	4
ouch	4
vern	4
most	4
ites	4
cing	4
LECT	4
omet	4
aces	4
unch	4
ende	4
iano	4
olds	4
pass	4
ised	4
oper	4
Inst	4
main	4
Code	4
Info	4
utor	4
quad	4
ague	4
egen	4
empt	4
ging	4
cias	4
Hand	4
etch	4
page	4
aven	4
alle	4
mark	4
Size	4
sten	4
rodu	4
cket	4
ship	4
iene	4
pace	4
iten	4
wise	4
Line	4
ella	4
Over	4
beta	4
iden	4
ural	4
ivid	4
fect	4
anti	4
orem	4
itar	4
sqrt	4
lies	4
ioni	4
abor	4
iert	4
avig	4
cell	4
resh	4
orry	4
ency	4
cdot	4
ugin	4
iana	4
uted	4
anel	4
elij	4
used	4
info	4
orge	4
lang	4
idae	4
fort	4
adas	4
skie	4
ceed	4
izer	4
iler	4
ford	4
draw	4
This	4
rich	4
ming	4
pack	4
aged	4
iche	4
iger	4
oria	4
urop	4
icon	4
rict	4
here	4
stra	4
raft	4
heet	4
untu	4
ands	4
ande	4
amer	4
imer	4
este	4
each	4
medi	4
pose	4
last	4
owie	4
Node	4
haps	4
sers	4
exec	4
iers	4
alls	4
show	4
alth	4
null	4
rier	4
cope	4
ords	4
aste	4
reci	4
iale	4
cast	4
valu	4
ored	4
idos	4
rive	4
mann	4
esta	4
oups	4
ismo	4
util	4
lege	4
abil	4
oken	4
elen	4
ById	4
atos	4
reet	4
ango	4
sign	4
like	4
aria	4
pres	4
eren	4
emat	4
enne	4
From	4
wiki	4
Cell	4
next	4
ustr	4
cher	4
root	4
ises	4
rypt	4
umer	4
rown	4
mult	4
blic	4
onym	4
otes	4
boot	4
esto	4
nect	4
call	4
ania	4
cret	4
ysis	4
aden	4
rote	4
icos	4
rome	4
case	4
igne	4
tait	4
onom	4
lier	4
cker	4
born	4
ober	4
lymp	4
band	4
iner	4
oney	4
HERE	4
aron	4
rest	4
icas	4
amen	4
Page	4
chan	4
args	4
grad	4
ares	4
isto	4
just	4
auth	4
eben	4
Base	4
home	4
aire	4
mary	4
Comm	4
vare	4
icol	4
plot	4
esse	4
ivil	4
bind	4
anto	4
gent	4
agen	4
some	4
Exec	4
itte	4
ring	4
Task	4
void	4
ying	4
ocus	4
long	4
asta	4
iven	4
leep	4
POST	4
unit	4
iles	4
elli	4
Head	4
Http	4
more	4
idge	4
conf	4
Work	4
osto	4
attr	4
inct	4
True	4
yles	4
isse	4
fill	4
Call	4
iker	4
What	4
edit	4
font	4
ovie	4
make	4
orph	4
arts	4
alis	4
oted	4
dist	4
enza	4
rows	4
cape	4
nder	4
gers	4
voke	4
that	4
Grid	4
clud	4
aker	4
asse	4
annt	4
NAME	4
what	4
omin	4
eles	4
ians	4
Back	4
acht	4
anda	4
well	4
tres	4
agne	4
bern	4
Load	4
lice	4
nych	4
push	4
Char	4
vari	4
west	4
sche	4
aves	4
circ	4
rain	4
atre	4
anie	4
ills	4
then	4
Edit	4
stat	4
wood	4
oder	4
engl	4
ABLE	4
lage	4
only	4
undo	4
ingu	4
area	4
beit	4
haus	4
ouve	4
keit	4
DATE	4
eten	4
aspx	4
wrap	4
cert	4
Main	4
cade	4
augh	4
ogen	4
Read	4
year	4
real	4
park	4
enta	4
piel	4
isme	4
chni	4
heim	4
rian	4
uses	4
onia	4
ened	4
eden	4
acle	4
Auth	4
avel	4
unst	4
enty	4
ardo	4
menu	4
bour	4
enen	4
ajax	4
oles	4
spec	4
nost	4
Open	4
Link	4
sort	4
ches	4
hood	4
rage	4
Init	4
Impl	4
oupe	4
esis	4
foot	4
zeit	4
wick	4
rupt	4
inte	4
send	4
bach	4
zent	4
Post	4
loss	4
Down	4
pers	4
esso	4
oded	4
hard	4
note	4
Mode	4
Menu	4
sequ	4
Comp	4
iful	4
Mult	4
ktop	4
heit	4
Serv	4
ancy	4
look	4
auto	4
akes	4
uten	4
anta	4
ooth	4
adow	4
clus	4
frak	4
HTML	4
inen	4
anal	4
That	4
izes	4
Oper	4
gest	4
airs	4
join	4
Pass	4
erve	4
adre	4
ktet	4
ilde	4
onal	4
erni	4
gres	4
aper	4
vier	4
sets	4
igin	4
JSON	4
enti	4
Util	4
emph	4
reek	4
otal	4
onne	4
meta	4
blog	4
Null	4
ston	4
icks	4
Rect	4
itat	4
eler	4
itet	4
temp	4
ypes	4
ului	4
etzt	4
ubre	4
lain	4
Part	4
ongo	4
tons	4
itel	4
lide	4
aupt	4
edic	4
rule	4
etic	4
irth	4
rift	4
card	4
auer	4
eign	4
bles	4
scri	4
iser	4
iced	4
astr	4
save	4
obre	4
greg	4
orie	4
task	4
anno	4
isen	4
Fran	4
quis	4
aval	4
grid	4
FILE	4
prop	4
ribu	4
osen	4
rent	4
dots	4
ppen	4
cles	4
quer	4
atro	4
unes	4
dest	4
voir	4
Args	4
loop	4
uman	4
argo	4
owej	4
teil	4
ikan	4
aled	4
udad	4
ppet	4
arse	4
enso	4
zone	4
gang	4
appa	4
echo	4
your	4
oren	4
Left	4
pher	4
uent	4
Json	4
keys	4
wide	4
full	4
ensk	4
udes	4
cide	4
Long	4
Bean	4
inos	4
writ	4
oved	4
when	4
Case	4
mbox	4
lung	4
iera	4
mond	4
msdn	4
Unit	4
aren	4
acji	4
imin	4
tree	4
laim	4
room	4
rait	4
enda	4
ners	4
Java	4
chor	4
Body	4
buch	4
anci	4
help	4
term	4
ding	4
star	4
mode	4
Host	4
None	4
anza	4
Draw	4
yond	4
copy	4
usqu	4
etto	4
rero	4
hash	4
uler	4
ISBN	4
emas	4
iska	4
ders	4
lare	4
atom	4
aily	4
fire	4
amar	4
aign	4
eria	4
fold	4
ools	4
sect	4
idas	4
plom	4
bitr	4
drop	4
Last	4
nica	4
cken	4
unda	4
onic	4
itan	4
bold	4
into	4
hold	4
shot	4
Show	4
iour	4
dict	4
axis	4
plan	4
free	4
rael	4
illo	4
enth	4
amin	4
Vert	4
rick	4
unde	4
skim	4
iele	4
bank	4
zero	4
Next	4
ests	4
Core	4
ruit	4
ento	4
cala	4
live	4
ellt	4
none	4
king	4
rito	4
essa	4
ielt	4
lers	4
redu	4
rial	4
umes	4
vere	4
iego	4
orer	4
illy	4
teen	4
helm	4
aken	4
nung	4
alet	4
ints	4
prim	4
atie	4
rand	4
Stat	4
Some	4
blue	4
rale	4
kten	4
onte	4
onie	4
late	4
ifer	4
Tree	4
span	4
film	4
eros	4
Mapp	4
otto	4
crit	4
anna	4
anth	4
heid	4
umin	4
thur	4
ruby	4
Each	4
jekt	4
phen	4
Mark	4
high	4
oven	4
Amer	4
Font	4
Note	4
stop	4
vens	4
emon	4
alla	4
aine	4
werk	4
anni	4
etti	4
func	4
miss	4
nitt	4
sett	4
SERT	4
urer	4
irls	4
road	4
asso	4
Make	4
uela	4
rank	4
addr	4
blob	4
alen	4
racy	4
orte	4
ells	4
NULL	4
loor	4
pool	4
tera	4
lica	4
azon	4
folg	4
Sign	4
PATH	4
vest	4
tool	4
inet	4
olar	4
ocia	4
inas	4
Hrsg	4
ugen	4
rach	4
ucht	4
libs	4
onto	4
bild	4
enez	4
eerd	4
reme	4
Spec	4
Root	4
wart	4
nego	4
othe	4
chts	4
maps	4
ikon	4
lets	4
Rece	4
liga	4
byte	4
When	4
ktor	4
Hash	4
Vari	4
kehr	4
ovan	4
aret	4
rate	4
HTTP	4
aped	4
aved	4
Ital	4
utch	4
zial	4
bing	4
heel	4
step	4
stru	4
Here	4
oval	4
feld	4
prod	4
once	4
halt	4
idel	4
Rows	4
tras	4
erie	4
wait	4
pert	4
plex	4
uren	4
Rule	4
etes	4
rane	4
rics	4
ruck	4
Your	4
Sing	4
erme	4
iere	4
orio	4
iams	4
aban	4
Html	4
cole	4
uras	4
roke	4
chte	4
colo	4
Book	4
Cond	4
erna	4
ivot	4
rees	4
skip	4
tikz	4
inda	4
rieb	4
bury	4
onel	4
unkt	4
icio	4
TYPE	4
bahn	4
arod	4
igan	4
adel	4
unci	4
eres	4
safe	4
Home	4
stal	4
auss	4
igli	4
bool	4
uber	4
plus	4
iesz	4
oral	4
fast	4
itud	4
aram	4
anne	4
ydro	4
CHAR	4
Well	4
clos	4
etta	4
Math	4
zeta	4
kins	4
tags	4
tech	4
dart	4
apis	4
eper	4
wall	4
fang	4
Save	4
erer	4
ROUP	4
eman	4
Pool	4
arna	4
hide	4
icia	4
uvud	4
esti	4
tegr	4
iffe	4
ieur	4
atti	4
anim	4
onna	4
apes	4
Unis	4
edom	4
uset	4
eurs	4
move	4
John	4
peat	4
rice	4
iens	4
INFO	4
edes	4
nier	4
iani	4
idea	4
Only	4
Then	4
ummy	4
erde	4
erne	4
game	4
lais	4
halb	4
ilia	4
pson	4
Copy	4
even	4
Kind	4
USER	4
hang	4
gems	4
arte	4
ixed	4
aded	4
cred	4
fall	4
esen	4
cean	4
pred	4
walt	4
mess	4
oret	4
cler	4
ritt	4
igue	4
role	4
nero	4
ansk	4
ALSE	4
reib	4
obil	4
Tool	4
iest	4
raid	4
aris	4
defn	4
Auto	4
norm	4
iber	4
anse	4
zech	4
tere	4
kens	4
sson	4
EDIT	4
omer	4
emen	4
cion	4
ilor	4
abei	4
icus	4
aver	4
Icon	4
oked	4
niej	4
pton	4
aked	4
imum	4
Find	4
limp	4
bell	4
unto	4
reas	4
Send	4
unos	4
fica	4
quet	4
rons	4
href	4
icip	4
mean	4
orig	4
anga	4
city	4
ugby	4
alem	4
avia	4
kazy	4
tion	4
diff	4
inds	4
rano	4
elor	4
aben	4
uter	4
riel	4
illi	4
agon	4
edge	4
itos	4
hein	4
Year	4
Byte	4
isms	4
icul	4
ivos	4
itut	4
Will	4
many	4
ibil	4
stre	4
weis	4
furt	4
bash	4
iesa	4
conn	4
imit	4
rios	4
izio	4
cout	4
rett	4
irty	4
bere	4
mask	4
abet	4
oden	4
Arch	4
Card	4
does	4
enze	4
cier	4
opol	4
agog	4
ivel	4
mina	4
mers	4
vano	4
zeug	4
quel	4
ycle	4
best	4
cido	4
exit	4
gart	4
cipl	4
dern	4
expr	4
embl	4
apps	4
holm	4
SION	4
Dist	4
inus	4
Tube	4
Foot	4
infl	4
Play	4
Iter	4
krie	4
onde	4
uint	4
rior	4
irat	4
chat	4
Pres	4
nika	4
aman	4
otta	4
eral	4
iges	4
rece	4
cuss	4
otic	4
luss	4
hren	4
enci	4
lett	4
Full	4
Pane	4
Sort	4
ktur	4
Cons	4
impl	4
nten	4
resp	4
MENT	4
onds	4
Area	4
ieux	4
rile	4
xico	4
cart	4
emes	4
bara	4
elve	4
chod	4
agem	4
andy	4
rera	4
ieri	4
auch	4
iken	4
phys	4
prom	4
will	4
lean	4
amos	4
fail	4
ourd	4
pend	4
Just	4
indi	4
elly	4
aton	4
oire	4
laps	4
mont	4
inue	4
umen	4
hell	4
ulpt	4
itul	4
isti	4
Game	4
borg	4
SIZE	4
nbsp	4
elte	4
quip	4
ikel	4
desc	4
czas	4
onda	4
ourt	4
team	4
Term	4
otte	4
kind	4
ucky	4
Func	4
stan	4
ropy	4
hape	4
Step	4
gabe	4
Word	4
bean	4
werp	4
scar	4
eval	4
cito	4
ensa	4
wend	4
ered	4
such	4
logo	4
DATA	4
hips	4
anch	4
dash	4
esty	4
okal	4
rout	4
xxxx	4
onio	4
seau	4
staw	4
mals	4
simp	4
ifik	4
anny	4
ATCH	4
wind	4
Many	4
uper	4
hire	4
atel	4
bits	4
lauf	4
entr	4
appy	4
atar	4
ilio	4
fico	4
ohen	4
erei	4
Mich	4
Mail	4
atol	4
Look	4
wahl	4
chem	4
atta	4
ibly	4
irit	4
erem	4
Dest	4
ulus	4
nico	4
indo	4
rell	4
Drop	4
iero	4
dump	4
inta	4
Rest	4
zten	4
PORT	4
igte	4
done	4
amps	4
ulle	4
owym	4
cook	4
atte	4
Pers	4
bben	4
fish	4
roit	4
iley	4
ulas	4
also	4
fony	4
hora	4
acja	4
laus	4
mund	4
prep	4
orsz	4
TIME	4
izar	4
izia	4
sudo	4
qual	4
virt	4
Infl	4
lire	4
aggi	4
proc	4
trim	4
ears	4
rade	4
tele	4
Span	4
Keys	4
Cred	4
ouri	4
cola	4
ften	4
hner	4
flag	4
They	4
naio	4
Temp	4
psum	4
jdbc	4
ping	4
Bind	4
ixel	4
agna	4
erst	4
Wait	4
clam	4
utat	4
iast	4
Perm	4
Cast	4
enia	4
news	4
isis	4
otos	4
ffen	4
oses	4
vote	4
bose	4
pole	4
Mart	4
imat	4
rias	4
bras	4
zerw	4
bone	4
ilib	4
ierz	4
ugno	4
rijk	4
ptop	4
iona	4
elde	4
flex	4
odio	4
Axis	4
cord	4
avid	4
osti	4
cius	4
bres	4
neur	4
olas	4
prov	4
West	4
phas	4
fois	4
unta	4
uest	4
aska	4
scan	4
Star	4
anst	4
osta	4
atto	4
ginx	4
rium	4
Fail	4
legt	4
phia	4
bund	4
prev	4
empl	4
READ	4
Stop	4
issa	4
wert	4
dorf	4
oten	4
Conf	4
orno	4
High	4
anas	4
wich	4
iedz	4
estr	4
jure	4
anos	4
sted	4
inha	4
enie	4
CODE	4
nice	4
Lock	4
clar	4
atra	4
deck	4
orus	4
coln	4
sync	4
azzo	4
ilst	4
Move	4
itas	4
Pack	4
arsi	4
weet	4
iane	4
days	4
phan	4
Role	4
inea	4
anje	4
good	4
ieck	4
fran	4
ampf	4
otti	4
Enum	4
zung	4
City	4
hind	4
enis	4
vars	4
onso	4
vard	4
Sequ	4
kmal	4
wing	4
TEXT	4
arta	4
WORD	4
ilen	4
fact	4
Site	4
vity	4
gate	4
oter	4
yect	4
avor	4
ygon	4
urus	4
ffff	4
inae	4
iros	4
umps	4
phal	4
olid	4
imir	4
orum	4
culo	4
akte	4
Join	4
arel	4
uous	4
anes	4
zahl	4
unte	4
utto	4
odox	4
ikus	4
ppel	4
Also	4
HOME	4
pois	4
gens	4
Alex	4
ikai	4
alom	4
door	4
isce	4
keep	4
demo	4
unas	4
spot	4
unal	4
nest	4
imet	4
have	4
atem	4
wers	4
stad	4
wort	4
odor	4
phon	4
rost	4
bigg	4
JECT	4
mock	4
same	4
spre	4
znam	4
outs	4
ifts	4
comb	4
pipe	4
umbn	4
bage	4
ienn	4
rose	4
STAT	4
neut	4
four	4
perm	4
arks	4
stmt	4
ablo	4
capt	4
ziel	4
osof	4
Flow	4
oker	4
erta	4
EGIN	4
acco	4
usch	4
folk	4
odge	4
prec	4
olia	4
ardi	4
care	4
lijk	4
rinn	4
ourg	4
unct	4
ligt	4
Ctrl	4
stud	4
elsk	4
kiem	4
izon	4
omon	4
Prim	4
reck	4
icky	4
inar	4
cowo	4
tail	4
ritz	4
verb	4
rugu	4
cost	4
TEST	4
Paul	4
oust	4
olis	4
uder	4
ashi	4
anka	4
mitt	4
bare	4
dzie	4
aler	4
olly	4
wald	4
lave	4
adem	4
Loop	4
Good	4
nell	4
fred	4
week	4
eras	4
aniu	4
LETE	4
Zone	4
okat	4
endl	4
bird	4
LINE	4
ichi	4
Miss	4
elia	4
Prom	4
ltre	4
ondo	4
imos	4
enum	4
iami	4
cych	4
sent	4
wand	4
uale	4
ocal	4
Fire	4
Mock	4
chos	4
fahr	4
burn	4
hour	4
alty	4
lost	4
pair	4
rola	4
atis	4
zych	4
feed	4
unks	4
hung	4
lias	4
yyyy	4
ulty	4
omas	4
iors	4
agan	4
curl	4
loyd	4
olen	4
nete	4
zysk	4
shop	4
Mess	4
VICE	4
FORM	4
rien	4
onen	4
inge	4
umph	4
Cook	4
XXXX	4
Mill	4
fert	4
gior	4
enig	4
male	4
argv	4
eded	4
nick	4
iore	4
osis	4
life	4
mysq	4
LENG	4
supp	4
unft	4
igos	4
Meta	4
inks	4
geme	4
arie	4
abol	4
Team	4
asts	4
prit	4
unge	4
iske	4
zony	4
brid	4
dess	4
raum	4
scal	4
uits	4
they	4
zing	4
chio	4
Desc	4
alia	4
engu	4
izen	4
beck	4
lius	4
iral	4
ingt	4
ibus	4
ivas	4
alph	4
midt	4
take	4
ulos	4
arde	4
bero	4
aque	4
roph	4
aszt	4
pret	4
Mask	4
yard	4
arqu	4
uchs	4
fass	4
Rate	4
indu	4
anon	4
imen	4
mill	4
igua	4
ulse	4
ctic	4
amba	4
ampa	4
pler	4
ywna	4
gets	4
repo	4
iras	4
abad	4
dire	4
imon	4
Supp	4
ingo	4
imar	4
ntil	4
cios	4
udem	4
both	4
acia	4
Plan	4
othy	4
gren	4
stav	4
MODE	4
erek	4
derr	4
Prop	4
itto	4
Cert	4
elem	4
Free	4
edad	4
urre	4
chia	4
drag	4
leur	4
Pair	4
rama	4
conv	4
welt	4
ordo	4
ivan	4
flat	4
ossa	4
TRUE	4
eton	4
ilus	4
Fact	4
logs	4
More	4
nett	4
ermo	4
criv	4
afka	4
five	4
atio	4
rock	4
HOST	4
hook	4
mpeg	4
agle	4
utos	4
proj	4
Plot	4
Fill	4
Fern	4
anya	4
walk	4
owed	4
disk	4
Boot	4
rike	4
gray	4
cong	4
egos	4
nake	4
zeti	4
atum	4
emet	4
zett	4
Anal	4
Sync	4
Capt	4
rica	4
acre	4
ouss	4
kill	4
tabs	4
Expr	4
atin	4
herr	4
ROOT	4
inho	4
Blue	4
LOCK	4
uben	4
hbox	4
nown	4
ktiv	4
apan	4
iums	4
cono	4
jack	4
song	4
acyj	4
FROM	4
cida	4
COMP	4
dens	4
eses	4
voor	4
Dict	4
iety	4
mans	4
acci	4
umed	4
isan	4
nius	4
Anim	4
segu	4
fade	4
wach	4
away	4
Real	4
ifiz	4
scop	4
ulla	4
sock	4
wehr	4
rant	4
cile	4
arga	4
yman	4
iese	4
nant	4
curr	4
must	4
emit	4
Flag	4
soap	4
tery	4
coll	4
haft	4
perl	4
chez	4
FFFF	4
olph	4
nahm	4
iech	4
arto	4
kern	4
engo	4
rack	4
fram	4
oned	4
wire	4
grep	4
iday	4
CONT	4
ippi	4
eing	4
arlo	4
pios	4
Jean	4
offs	4
quia	4
inch	4
ebol	4
IGHT	4
ocoa	4
priv	4
Gest	4
cers	4
emed	4
lika	4
Week	4
lach	4
inth	4
anze	4
Land	4
poly	4
irus	4
weit	4
cols	4
kret	4
para	4
igny	4
prob	4
arma	4
pent	4
posa	4
bian	4
obar	4
olin	4
oser	4
ptic	4
Russ	4
wner	4
harm	4
east	4
aran	4
osci	4
ethe	4
uese	4
ceae	4
usto	4
ovat	4
acon	4
quot	4
Pred	4
lava	4
vous	4
izin	4
agit	4
arda	4
sens	4
AAAA	4
fach	4
okes	4
ANCE	4
prof	4
edly	4
HEAD	4
shal	4
kund	4
dale	4
ilis	4
edor	4
eszt	4
cera	4
Face	4
Cent	4
arca	4
lade	4
idor	4
atan	4
Demo	4
itis	4
rais	4
CASE	4
Circ	4
enas	4
obox	4
CESS	4
enix	4
arbe	4
anja	4
rust	4
ikal	4
uszt	4
xter	4
meck	4
clou	4
idal	4
elif	4
como	4
glob	4
brow	4
brie	4
ugel	4
ajes	4
lesh	4
Live	4
Edge	4
Side	4
pick	4
Drag	4
eree	4
mind	4
fern	4
cipe	4
clip	4
iben	4
afen	4
irse	4
irie	4
owan	4
quin	4
tero	4
asto	4
sein	4
ilty	4
Zero	4
ctrl	4
icha	4
Rout	4
RIPT	4
ISTS	4
Self	4
ANGE	4
chin	4
erca	4
iali	4
LIST	4
Exit	4
Qual	4
stag	4
icut	4
ront	4
lein	4
tout	4
elin	4
isie	4
odos	4
verk	4
osos	4
half	4
leid	4
anus	4
expl	4
deep	4
unix	4
refs	4
umar	4
aset	4
flug	4
orde	4
assa	4
itza	4
perp	4
rror	4
fare	4
quez	4
Mont	4
tick	4
mine	4
skog	4
Bool	4
ongs	4
isat	4
camp	4
rico	4
erno	4
skap	4
jahr	4
stwa	4
cock	4
erte	4
izza	4
cref	4
horn	4
mate	4
atri	4
enst	4
mana	4
Attr	4
asis	4
udni	4
uuid	4
Does	4
angs	4
weak	4
ghan	4
emer	4
nome	4
yaml	4
teck	4
ovis	4
inde	4
Cart	4
erea	4
imas	4
UILD	4
werb	4
iony	4
geon	4
orch	4
Best	4
dade	4
mass	4
asma	4
rams	4
BASE	4
omic	4
warn	4
erva	4
odot	4
enes	4
ljen	4
dawn	4
race	4
fers	4
nehm	4
yter	4
Have	4
atif	4
INST	4
Grad	4
avam	4
Rich	4
puis	4
Done	4
addy	4
tiny	4
oure	4
ogne	4
opts	4
witz	4
PASS	4
osph	4
Cost	4
zyst	4
znik	4
coli	4
lane	4
arab	4
Phys	4
dent	4
iman	4
lera	4
lder	4
ilda	4
stwo	4
alin	4
rare	4
Days	4
cano	4
INIT	4
lles	4
Diff	4
airo	4
dark	4
thes	4
urls	4
guez	4
iono	4
bine	4
aget	4
PART	4
mier	4
ilog	4
reno	4
unya	4
allo	4
need	4
apor	4
achi	4
pine	4
utzt	4
Once	4
stvo	4
hart	4
asia	4
ulen	4
urst	4
swap	4
RECT	4
hnen	4
etal	4
baut	4
apat	4
made	4
iszt	4
uing	4
oshi	4
endi	4
arus	4
opus	4
Jose	4
olta	4
olan	4
acks	4
FLAG	4
adic	4
brit	4
opro	4
jpeg	4
cija	4
agin	4
uria	4
ucha	4
trat	4
hbar	4
ifen	4
ltal	4
Lond	4
agas	4
csol	4
pull	4
Life	4
mile	4
hrer	4
rass	4
Take	4
atge	4
seed	4
ahoo	4
RESS	4
hens	4
chus	4
TRAN	4
asha	4
oemd	4
guer	4
rado	4
ouwd	4
esar	4
icki	4
skih	4
ched	4
sero	4
baar	4
odia	4
rott	4
migr	4
vole	4
ucci	4
Jack	4
arct	4
lyph	4
Push	4
irks	4
omed	4
veis	4
lige	4
hall	4
uals	4
goto	4
kter	4
aaaa	4
arin	4
chas	4
fund	4
rikt	4
andr	4
etry	4
odel	4
bled	4
uate	4
rita	4
agli	4
lait	4
etra	4
adal	4
olit	4
alog	4
ixen	4
uden	4
iare	4
Else	4
Turn	4
zyma	4
hrte	4
nats	4
rets	4
larg	4
lant	4
jets	4
fatt	4
owel	4
hely	4
Like	4
sono	4
sime	4
ogli	4
than	4
egov	4
akov	4
ceil	4
kiej	4
town	4
wave	4
decl	4
Come	4
kele	4
onas	4
SOUR	4
lint	4
ioso	4
inek	4
Proc	4
zeum	4
IONS	4
ynie	4
cego	4
Hint	4
LEFT	4
seen	4
ueil	4
buff	4
lime	4
weig	4
Tags	4
eken	4
epen	4
goal	4
iels	4
meno	4
eggi	4
merk	4
adin	4
gele	4
vera	4
acje	4
iffs	4
quit	4
Coll	4
liqu	4
cije	4
know	4
mart	4
iskt	4
bars	4
Sito	4
auff	4
ymen	4
BOOL	4
cian	4
odon	4
FFER	4
near	4
slow	4
rene	4
oped	4
agar	4
esia	4
calc	4
azar	4
arth	4
alus	4
clic	4
atia	4
uche	4
rend	4
ixon	4
gypt	4
isko	4
zess	4
ijst	4
poss	4
cita	4
ifie	4
hmen	4
INCT	4
reso	4
audi	4
pmod	4
osas	4
emor	4
stor	4
anha	4
iada	4
MAIN	4
appe	4
club	4
avan	4
Scan	4
prog	4
ksam	4
hill	4
Hold	4
ophe	4
ryty	4
rund	4
lict	4
nitz	4
bove	4
oben	4
idan	4
stab	4
ythm	4
agua	4
wohl	4
hoff	4
News	4
iate	4
oris	4
rong	4
ikes	4
icum	4
zien	4
pply	4
LOAD	4
osex	4
aser	4
RENT	4
ipes	4
leaf	4
xaml	4
slug	4
etro	4
itie	4
uola	4
Plus	4
trad	4
baum	4
ishi	4
fest	4
jest	4
kord	4
emos	4
Scal	4
yrus	4
Help	4
pont	4
suit	4
usta	4
nach	4
idia	4
hole	4
mort	4
corr	4
zott	4
Feed	4
emia	4
ximo	4
neum	4
hlen	4
iczn	4
Butt	4
chev	4
blah	4
ikor	4
ion	3
ing	3
ent	3
est	3
end	3
ode	3
ter	3
ver	3
ith	3
ist	3
and	3
ate	3
ess	3
ere	3
ers	3
ame	3
ant	3
ich	3
ort	3
art	3
out	3
ill	3
rom	3
ine	3
ass	3
our	3
ain	3
age	3
ore	3
ile	3
ath	3
ber	3
ach	3
all	3
ult	3
ust	3
lic	3
com	3
ind	3
ell	3
ost	3
ect	3
int	3
ata	3
ire	3
con	3
ord	3
ity	3
ard	3
ure	3
per	3
ack	3
ork	3
ong	3
ans	3
ple	3
orm	3
wer	3
ase	3
ite	3
ble	3
fer	3
ive	3
ang	3
ens	3
ast	3
ies	3
urn	3
are	3
ime	3
ome	3
ont	3
ial	3
eth	3
ice	3
act	3
ier	3
ser	3
iew	3
ign	3
put	3
one	3
ary	3
get	3
ran	3
ype	3
der	3
ize	3
low	3
ide	3
ous	3
ink	3
ung	3
res	3
htt	3
oug	3
cri	3
ory	3
ery	3
iel	3
str	3
ian	3
oth	3
ish	3
ror	3
ail	3
ale	3
elf	3
ray	3
rit	3
pro	3
own	3
ces	3
ons	3
ild	3
iss	3
val	3
les	3
row	3
ear	3
que	3
ank	3
ags	3
ann	3
ert	3
ace	3
sch	3
ien	3
ern	3
erm	3
led	3
ten	3
set	3
ose	3
ven	3
yst	3
ick	3
par	3
ote	3
und	3
ely	3
ava	3
ton	3
ise	3
ond	3
ado	3
ull	3
ger	3
ict	3
ree	3
app	3
ark	3
ors	3
rac	3
ual	3
vel	3
ese	3
ica	3
itt	3
uch	3
org	3
ove	3
eng	3
ref	3
ied	3
fig	3
old	3
let	3
bre	3
ays	3
cre	3
urr	3
ues	3
mer	3
cal	3
col	3
ext	3
pos	3
ute	3
ner	3
rib	3
ina	3
son	3
pon	3
ada	3
amb	3
red	3
att	3
oup	3
ced	3
igh	3
ins	3
den	3
riv	3
ude	3
amp	3
ash	3
Con	3
its	3
man	3
che	3
Pro	3
eta	3
log	3
arg	3
min	3
ics	3
add	3
net	3
ato	3
umn	3
ows	3
ait	3
ren	3
ask	3
urs	3
ake	3
ule	3
aut	3
ari	3
oun	3
ful	3
not	3
rop	3
als	3
ave	3
tem	3
ler	3
til	3
els	3
any	3
dex	3
leg	3
orn	3
ico	3
rag	3
Val	3
ats	3
for	3
pre	3
ida	3
air	3
rol	3
ead	3
new	3
aus	3
ody	3
ero	3
ved	3
sub	3
ott	3
ars	3
ool	3
yle	3
use	3
cia	3
doc	3
Com	3
men	3
une	3
yth	3
mod	3
the	3
vol	3
uss	3
ano	3
ems	3
era	3
The	3
way	3
emb	3
ify	3
ene	3
ife	3
ism	3
raw	3
ior	3
ron	3
Col	3
www	3
bar	3
ana	3
ici	3
ste	3
unt	3
ane	3
Res	3
equ	3
ets	3
ock	3
ral	3
var	3
ken	3
reg	3
vis	3
rem	3
Ser	3
def	3
ais	3
ole	3
fil	3
ben	3
ino	3
ett	3
cul	3
ird	3
cho	3
ots	3
ush	3
ros	3
box	3
gen	3
lin	3
raf	3
ido	3
ade	3
num	3
map	3
ves	3
php	3
por	3
ium	3
SBN	3
itu	3
lib	3
key	3
alt	3
ura	3
vec	3
eme	3
urg	3
hor	3
ume	3
erd	3
pha	3
ift	3
ita	3
loc	3
iet	3
ito	3
aft	3
App	3
irc	3
sum	3
ood	3
bol	3
enn	3
bin	3
Mod	3
rix	3
lob	3
elt	3
apt	3
tes	3
med	3
ini	3
Par	3
uro	3
ric	3
try	3
idd	3
ora	3
oss	3
dis	3
ati	3
ige	3
ams	3
alk	3
pen	3
cel	3
zen	3
IMA	3
cer	3
ret	3
opy	3
url	3
her	3
ope	3
dem	3
ley	3
pty	3
ily	3
ios	3
loy	3
ena	3
rap	3
bum	3
vir	3
lem	3
ego	3
mit	3
rid	3
len	3
ega	3
hat	3
ius	3
tre	3
uel	3
img	3
eld	3
ula	3
lex	3
Man	3
ara	3
met	3
Add	3
rie	3
aps	3
ook	3
Key	3
inn	3
Ind	3
cht	3
ban	3
ram	3
ski	3
ief	3
lim	3
Get	3
bed	3
ony	3
iff	3
ema	3
ali	3
lev	3
cor	3
bra	3
ili	3
ete	3
xim	3
iod	3
rel	3
web	3
ona	3
off	3
Set	3
uck	3
ges	3
dep	3
ils	3
ync	3
ION	3
irt	3
png	3
oud	3
ald	3
ede	3
arr	3
arn	3
api	3
cur	3
ilt	3
des	3
itz	3
nie	3
uth	3
arm	3
iam	3
For	3
sel	3
cle	3
ria	3
sql	3
wik	3
uer	3
And	3
ury	3
Act	3
tml	3
rer	3
phi	3
och	3
ala	3
mat	3
Int	3
sol	3
ima	3
unk	3
ola	3
bit	3
aug	3
aux	3
omm	3
tra	3
oph	3
oll	3
mar	3
ATE	3
chn	3
ira	3
uto	3
can	3
SON	3
uff	3
ela	3
lag	3
uit	3
err	3
dom	3
alf	3
xml	3
pec	3
oot	3
hen	3
ias	3
ged	3
lie	3
Def	3
ono	3
day	3
ijn	3
ani	3
zer	3
ULL	3
ama	3
ety	3
fty	3
Box	3
max	3
top	3
las	3
pis	3
iro	3
dev	3
ych	3
Map	3
run	3
ham	3
oid	3
Log	3
onn	3
ras	3
jor	3
omb	3
ump	3
Fil	3
rep	3
emp	3
lip	3
aff	3
sec	3
lig	3
cis	3
eln	3
ROM	3
You	3
Loc	3
how	3
olo	3
ops	3
irm	3
yes	3
adt	3
All	3
sim	3
rat	3
Web	3
tri	3
osa	3
Not	3
rad	3
opt	3
van	3
now	3
mon	3
ady	3
OST	3
pol	3
inc	3
Out	3
oto	3
big	3
rec	3
iem	3
umb	3
ols	3
ris	3
leq	3
ney	3
ogn	3
uen	3
vin	3
isk	3
gra	3
tab	3
ynt	3
uni	3
zie	3
nia	3
ENT	3
cio	3
cos	3
txt	3
ker	3
hel	3
dir	3
rew	3
enc	3
nof	3
Des	3
ube	3
ttp	3
aar	3
jet	3
hip	3
Sub	3
tag	3
hal	3
ape	3
bor	3
anz	3
atz	3
ika	3
kre	3
lav	3
ril	3
cat	3
oma	3
dat	3
acy	3
jen	3
see	3
chi	3
Att	3
ori	3
std	3
SQL	3
but	3
imo	3
rab	3
Dis	3
agn	3
ING	3
URL	3
urt	3
ila	3
ivo	3
iva	3
icy	3
tot	3
css	3
ael	3
ova	3
car	3
Bar	3
Row	3
abe	3
geb	3
iga	3
una	3
tty	3
src	3
olf	3
New	3
ago	3
vas	3
rak	3
iar	3
HER	3
lia	3
mes	3
uby	3
ami	3
igr	3
isf	3
ahl	3
war	3
Sch	3
ips	3
nes	3
lad	3
fol	3
exp	3
div	3
anc	3
nen	3
Reg	3
yal	3
ako	3
ota	3
lac	3
ska	3
ibr	3
rho	3
owe	3
unc	3
uis	3
enz	3
lar	3
cks	3
asp	3
osp	3
tau	3
roy	3
udi	3
lop	3
jar	3
utt	3
tex	3
Rec	3
ppe	3
det	3
iti	3
enu	3
oms	3
ids	3
amm	3
usr	3
egr	3
orf	3
sen	3
iny	3
rij	3
TER	3
fin	3
zet	3
izz	3
auf	3
Str	3
cap	3
pat	3
eli	3
End	3
oul	3
lat	3
oli	3
win	3
lik	3
gex	3
lor	3
ouv	3
pdf	3
mal	3
irl	3
sta	3
icz	3
sin	3
cup	3
vor	3
oni	3
III	3
lam	3
Ent	3
cie	3
avy	3
ech	3
uct	3
Tra	3
How	3
udo	3
uri	3
gio	3
VER	3
has	3
rik	3
gin	3
aba	3
rio	3
hol	3
gar	3
han	3
los	3
eur	3
obj	3
uid	3
ahn	3
foo	3
rot	3
non	3
pub	3
bal	3
igt	3
igu	3
pes	3
cil	3
git	3
nik	3
lov	3
owa	3
ahr	3
Rep	3
Ref	3
rim	3
rea	3
Ext	3
Wik	3
arc	3
kar	3
rav	3
bes	3
uge	3
acc	3
Tem	3
eds	3
mys	3
oro	3
rei	3
cha	3
enk	3
rum	3
akt	3
ieg	3
fix	3
Per	3
pid	3
unn	3
rod	3
spe	3
erk	3
igo	3
Url	3
vet	3
lio	3
NET	3
CON	3
Can	3
via	3
edu	3
Equ	3
Vis	3
ugh	3
psi	3
del	3
ele	3
Aut	3
mut	3
oon	3
asc	3
bug	3
jpg	3
Dec	3
uda	3
nej	3
dim	3
gle	3
oco	3
But	3
gan	3
erc	3
env	3
geq	3
you	3
SER	3
dot	3
hib	3
Det	3
oir	3
oca	3
lan	3
rip	3
agy	3
jax	3
bas	3
ohn	3
Run	3
mid	3
Ver	3
Pre	3
imp	3
qui	3
bel	3
etz	3
iza	3
zon	3
uta	3
nav	3
aur	3
One	3
bon	3
imm	3
bro	3
ued	3
nek	3
ums	3
emy	3
Net	3
irk	3
ifi	3
arp	3
asi	3
jer	3
bet	3
Off	3
ovi	3
abs	3
czy	3
ogy	3
oke	3
uns	3
vey	3
mem	3
ycz	3
YPE	3
ovo	3
Big	3
erv	3
lap	3
OIN	3
nis	3
kow	3
alo	3
Top	3
tmp	3
ajo	3
etc	3
elo	3
Mar	3
got	3
dec	3
ouw	3
gru	3
iat	3
ded	3
nab	3
Mon	3
inf	3
GET	3
ulo	3
kom	3
ije	3
lij	3
uls	3
btn	3
Rem	3
hab	3
pop	3
cip	3
tor	3
kit	3
ptr	3
utz	3
bot	3
gel	3
riz	3
isl	3
dig	3
Acc	3
azz	3
ATH	3
ROR	3
zip	3
cut	3
edy	3
eqn	3
yer	3
sur	3
csv	3
msg	3
Hel	3
mos	3
fun	3
Pol	3
sey	3
aga	3
Ste	3
wie	3
ilo	3
nic	3
pal	3
xsl	3
Cal	3
sto	3
weg	3
ket	3
adr	3
bst	3
Sec	3
Ass	3
sky	3
ads	3
fri	3
req	3
Max	3
gre	3
uje	3
hem	3
Num	3
Ret	3
DER	3
amt	3
ija	3
isa	3
kon	3
lah	3
atu	3
exe	3
Eng	3
tat	3
iqu	3
ivi	3
Uni	3
ASE	3
Min	3
atr	3
odo	3
eno	3
osi	3
Tag	3
Car	3
kte	3
lab	3
har	3
cpp	3
Yes	3
aka	3
mas	3
ATA	3
bus	3
owy	3
lot	3
pad	3
ART	3
aje	3
pan	3
mus	3
ipp	3
lay	3
bur	3
ocr	3
ORT	3
sed	3
esk	3
PDF	3
Dep	3
nak	3
yar	3
Arg	3
Enc	3
iej	3
nam	3
vid	3
PRO	3
esa	3
mac	3
kaz	3
bul	3
ULT	3
Que	3
cus	3
inu	3
TAC	3
hav	3
eda	3
hot	3
nah	3
wed	3
hof	3
API	3
ijd	3
cyc	3
aml	3
kbd	3
idi	3
zte	3
nil	3
uts	3
abb	3
aro	3
Tab	3
rsg	3
oda	3
IME	3
INE	3
rey	3
zig	3
nat	3
jan	3
VAL	3
Sim	3
fox	3
eps	3
rig	3
nap	3
asy	3
reh	3
cmd	3
aya	3
Var	3
Red	3
vat	3
IST	3
job	3
oso	3
kin	3
ITE	3
xes	3
rog	3
neh	3
Pos	3
nel	3
oku	3
wid	3
XML	3
Dir	3
don	3
het	3
wig	3
fit	3
Did	3
urb	3
ibt	3
ike	3
tim	3
opp	3
gew	3
cas	3
utf	3
ted	3
uno	3
DIR	3
AND	3
Phi	3
jav	3
Bas	3
raz	3
ikz	3
ieu	3
Exp	3
alg	3
ned	3
nym	3
owo	3
fic	3
Rel	3
sys	3
Cat	3
hom	3
cop	3
rif	3
buf	3
bau	3
eft	3
kov	3
ppo	3
moz	3
Mat	3
ped	3
ALL	3
Cre	3
ims	3
Rad	3
aja	3
Ang	3
Obj	3
aki	3
bbe	3
esc	3
esp	3
Art	3
ctr	3
Ill	3
awa	3
kol	3
neg	3
cke	3
iki	3
izi	3
acz	3
igi	3
yan	3
Met	3
esi	3
adi	3
rov	3
zza	3
amo	3
two	3
INT	3
roc	3
seg	3
bat	3
imi	3
jes	3
Deb	3
kel	3
ifs	3
cen	3
Don	3
agr	3
aks	3
ohl	3
iko	3
UNT	3
iev	3
sko	3
ikt	3
odb	3
Now	3
AGE	3
aws	3
pay	3
zem	3
ogo	3
SET	3
Emp	3
UTF	3
Sql	3
scr	3
zel	3
osh	3
agu	3
uso	3
Spe	3
law	3
raj	3
isc	3
iso	3
omo	3
abc	3
neq	3
fre	3
noc	3
isi	3
Any	3
hou	3
ieb	3
kes	3
aby	3
STR	3
KEY	3
uma	3
eto	3
zes	3
usz	3
pet	3
bie	3
Why	3
mir	3
kan	3
mag	3
Xml	3
Dom	3
was	3
cam	3
rug	3
egy	3
arz	3
Sum	3
dbc	3
QUE	3
UID	3
dob	3
aty	3
aco	3
hin	3
fah	3
asa	3
cli	3
kal	3
uti	3
usa	3
eni	3
zej	3
fen	3
she	3
jed	3
ACK	3
Use	3
izo	3
wan	3
Mem	3
sun	3
Pat	3
phy	3
uba	3
neo	3
xis	3
URE	3
ois	3
nom	3
ACE	3
inv	3
BUG	3
MDb	3
trz	3
asm	3
Chr	3
Lin	3
WOR	3
Api	3
iek	3
seh	3
trl	3
seq	3
yen	3
END	3
orb	3
ggi	3
uly	3
lez	3
zek	3
fte	3
isp	3
ITY	3
Job	3
sym	3
aca	3
OUT	3
Let	3
ymn	3
gie	3
ORM	3
Ptr	3
esh	3
ogs	3
ICE	3
oks	3
odi	3
lus	3
deg	3
Inv	3
chs	3
EXT	3
pow	3
NOT	3
mor	3
Non	3
dal	3
Pop	3
bad	3
uan	3
ocs	3
PUT	3
pie	3
eff	3
xxx	3
dll	3
ONE	3
Cap	3
rir	3
jal	3
aph	3
abl	3
Cor	3
sup	3
Div	3
eed	3
asz	3
won	3
tip	3
tar	3
MAX	3
vre	3
tek	3
pin	3
jem	3
May	3
ees	3
iri	3
Day	3
thm	3
Est	3
sem	3
opo	3
mel	3
Fin	3
CCN	3
irs	3
mvc	3
ktr	3
lon	3
fan	3
ugg	3
UES	3
gue	3
jon	3
may	3
VID	3
ITH	3
Vol	3
ctx	3
mic	3
Fig	3
pip	3
pel	3
Kit	3
kor	3
idx	3
Del	3
tan	3
osz	3
zil	3
PER	3
iji	3
hes	3
eca	3
fel	3
Sol	3
cep	3
vez	3
isy	3
htm	3
pus	3
oux	3
See	3
ppa	3
nih	3
SSN	3
sam	3
owi	3
Ant	3
adu	3
She	3
rev	3
lyn	3
gov	3
lla	3
mov	3
ijk	3
iac	3
ANT	3
pag	3
azu	3
eri	3
fas	3
BER	3
hew	3
rar	3
cdn	3
uur	3
nan	3
Tim	3
nov	3
rob	3
gia	3
wor	3
vex	3
wad	3
ECT	3
NER	3
CLA	3
NUM	3
pla	3
Two	3
Lat	3
nex	3
pez	3
nea	3
Foo	3
zym	3
blo	3
vod	3
OPT	3
hus	3
Psi	3
Vor	3
kir	3
sex	3
osc	3
jas	3
emi	3
apa	3
olt	3
ups	3
Cam	3
LOG	3
uet	3
Has	3
Doc	3
eau	3
eks	3
uli	3
why	3
wal	3
bbi	3
inx	3
Uri	3
jos	3
auc	3
gry	3
mot	3
Lib	3
upp	3
oga	3
iom	3
pgf	3
Mus	3
npm	3
Dig	3
aly	3
uve	3
COL	3
aud	3
erg	3
PRE	3
spr	3
yll	3
svg	3
clo	3
tom	3
Bbb	3
reb	3
oko	3
ARN	3
ssh	3
eny	3
oti	3
jel	3
tei	3
dia	3
ulp	3
bez	3
oba	3
pod	3
nem	3
sdk	3
Der	3
tha	3
nor	3
Gen	3
Pay	3
ugo	3
pur	3
umi	3
URI	3
wen	3
anu	3
far	3
obi	3
hos	3
hui	3
occ	3
ipe	3
Mac	3
rez	3
Esp	3
aye	3
emo	3
rus	3
opf	3
Mer	3
bud	3
edi	3
pkg	3
Try	3
ovy	3
Cho	3
bia	3
who	3
sob	3
Ori	3
RES	3
Hub	3
hum	3
zas	3
omy	3
mul	3
aal	3
iry	3
nim	3
esz	3
Dim	3
pio	3
agg	3
MIN	3
Msg	3
zna	3
die	3
ssl	3
lei	3
ulf	3
PAR	3
Die	3
cin	3
Dat	3
cla	3
isz	3
tbl	3
Arr	3
JAX	3
elm	3
pic	3
tto	3
rok	3
pts	3
deb	3
eti	3
fab	3
cou	3
nez	3
Dev	3
TeX	3
LOC	3
ECK	3
bru	3
apk	3
dar	3
hre	3
uld	3
kil	3
aku	3
gly	3
acs	3
dam	3
cfg	3
bek	3
TAG	3
Bus	3
iba	3
ugs	3
obe	3
oor	3
ctl	3
maz	3
roz	3
ARD	3
rai	3
oka	3
sha	3
rin	3
vik	3
GER	3
tok	3
god	3
urm	3
LES	3
Ber	3
alm	3
PHP	3
hed	3
gro	3
USE	3
lee	3
vil	3
Hor	3
adv	3
Ign	3
IGN	3
UST	3
awt	3
avi	3
das	3
usk	3
fac	3
Are	3
voj	3
bla	3
nio	3
ffe	3
cji	3
cca	3
ply	3
nos	3
fly	3
Seg	3
jud	3
tid	3
agi	3
mbH	3
ked	3
nde	3
bow	3
Win	3
ADD	3
aso	3
pot	3
gem	3
rup	3
liv	3
mee	3
ACT	3
zec	3
ihe	3
aru	3
awn	3
bil	3
wij	3
REG	3
lak	3
sku	3
pas	3
etr	3
Pal	3
tta	3
urd	3
fal	3
iku	3
Aus	3
oly	3
did	3
CLC	3
ysz	3
cue	3
dan	3
uca	3
rys	3
aqu	3
IVE	3
yna	3
Sur	3
bib	3
Dan	3
cze	3
jus	3
SSL	3
voy	3
Her	3
ymi	3
gif	3
FIG	3
ibe	3
aci	3
oby	3
gnu	3
fff	3
fon	3
iai	3
UND	3
LAY	3
bis	3
uzz	3
sig	3
oty	3
FLA	3
azi	3
cii	3
jev	3
ORY	3
CCE	3
cir	3
lle	3
Mag	3
vek	3
xsd	3
Err	3
abi	3
uki	3
syn	3
cod	3
WID	3
AMP	3
Med	3
cem	3
aju	3
bij	3
hoz	3
NaN	3
bec	3
RED	3
ocz	3
CSS	3
lit	3
boy	3
akh	3
ANG	3
zug	3
kie	3
ijo	3
sep	3
DEX	3
mad	3
sal	3
nog	3
fik	3
gcc	3
ods	3
ABC	3
vue	3
ppi	3
COM	3
dra	3
zia	3
rah	3
ixa	3
aza	3
ARY	3
imb	3
leb	3
Hol	3
cgi	3
awk	3
tod	3
cnt	3
oct	3
Bre	3
eso	3
uru	3
lst	3
fli	3
ERT	3
odu	3
Cla	3
xyz	3
oit	3
xls	3
yci	3
Pad	3
Sal	3
bir	3
tal	3
olu	3
wel	3
clk	3
jou	3
Lou	3
LED	3
APP	3
cow	3
ytu	3
axi	3
ONG	3
Opt	3
SUB	3
AUT	3
zik	3
tax	3
cit	3
Sto	3
lea	3
nth	3
uil	3
Btn	3
nal	3
say	3
obb	3
Ben	3
kim	3
dup	3
euw	3
fra	3
sBy	3
hex	3
zyk	3
omi	3
oki	3
laz	3
yml	3
cmp	3
iah	3
uwe	3
Pub	3
ein	3
uky	3
Bel	3
YES	3
kou	3
thy	3
iec	3
gor	3
lax	3
tac	3
upt	3
iop	3
ipt	3
Rot	3
nut	3
had	3
oge	3
jsp	3
niu	3
qua	3
agt	3
kap	3
eus	3
Len	3
ulu	3
ajn	3
Bit	3
Tom	3
dbo	3
Old	3
mez	3
REE	3
ERR	3
agh	3
omp	3
Env	3
bew	3
gef	3
Rob	3
Mad	3
kem	3
oem	3
Ids	3
cpu	3
Har	3
IDE	3
Bal	3
Occ	3
zat	3
SEE	3
Bad	3
FOR	3
acu	3
sty	3
bey	3
Nav	3
Who	3
Raw	3
DOM	3
usc	3
rek	3
nig	3
eor	3
CRE	3
IND	3
kih	3
alu	3
Age	3
typ	3
odn	3
Alg	3
CUR	3
amd	3
chr	3
ocy	3
San	3
rii	3
ceu	3
dor	3
fur	3
uvo	3
BIT	3
CAA	3
som	3
geh	3
cki	3
sce	3
RIG	3
XXX	3
RAY	3
oru	3
igg	3
DBC	3
odd	3
MON	3
his	3
nou	3
Put	3
nas	3
hez	3
ASS	3
kup	3
ipo	3
Sam	3
koz	3
OUR	3
uka	3
Leg	3
olg	3
dst	3
Mal	3
ctu	3
gal	3
gow	3
ftp	3
kee	3
cpy	3
bag	3
edo	3
eil	3
lej	3
hov	3
Ord	3
onk	3
zin	3
igs	3
iae	3
jub	3
lis	3
fmt	3
SHA	3
vos	3
hai	3
Bag	3
tit	3
gui	3
enf	3
spl	3
lou	3
ERS	3
pit	3
Cmd	3
Pan	3
von	3
DIS	3
LIN	3
ppy	3
Seq	3
IAB	3
chy	3
rut	3
umm	3
MAP	3
kur	3
mil	3
AXI	3
bid	3
Cur	3
Fre	3
erb	3
ubs	3
AML	3
CAT	3
rgb	3
tcp	3
hod	3
URN	3
egu	3
Hen	3
iak	3
INF	3
pto	3
ILL	3
cro	3
tte	3
Lar	3
Kar	3
etu	3
ORS	3
nar	3
dag	3
Imp	3
cej	3
jdk	3
Hom	3
Jac	3
mai	3
DEF	3
iot	3
ERY	3
emu	3
Zyg	3
wol	3
uez	3
ulk	3
LAB	3
dri	3
Dra	3
Alt	3
cov	3
uce	3
Les	3
mun	3
din	3
phr	3
GEN	3
azy	3
zed	3
jak	3
onc	3
geo	3
viv	3
POS	3
bio	3
reu	3
zan	3
Typ	3
ASH	3
SUM	3
tol	3
flu	3
RAM	3
Gre	3
kop	3
WIN	3
ROW	3
cid	3
Und	3
aum	3
Nov	3
Oct	3
Fun	3
yme	3
Inf	3
gas	3
Img	3
Sym	3
sil	3
ORD	3
iii	3
aha	3
giv	3
FIX	3
geg	3
otr	3
IAL	3
efe	3
AME	3
oce	3
Uns	3
DAT	3
ENV	3
heb	3
Lng	3
lau	3
REF	3
lef	3
ikk	3
orr	3
cyk	3
IOS	3
cls	3
amy	3
dek	3
vie	3
Vec	3
UTE	3
ske	3
ifa	3
oci	3
ege	3
nit	3
sci	3
dog	3
dru	3
cot	3
Zip	3
uga	3
obs	3
vic	3
iju	3
MIT	3
nja	3
dro	3
orp	3
EAR	3
cco	3
iez	3
xiv	3
kaf	3
egn	3
wei	3
AVA	3
squ	3
Jan	3
lbl	3
zar	3
Sil	3
mis	3
vim	3
oop	3
ruf	3
axy	3
cra	3
ccc	3
Che	3
adj	3
EMA	3
VAR	3
zef	3
Tex	3
ciu	3
SDK	3
UTC	3
bye	3
roe	3
him	3
USA	3
Fri	3
avo	3
gom	3
vee	3
CLI	3
bei	3
CES	3
ERE	3
jih	3
ELD	3
een	3
hon	3
wod	3
hit	3
Pod	3
pse	3
xic	3
dit	3
Arm	3
rvm	3
bay	3
iei	3
Jul	3
svn	3
rou	3
apy	3
Mvc	3
cko	3
MAN	3
OFF	3
anh	3
bos	3
ecz	3
dic	3
Nil	3
Aff	3
ebb	3
LIC	3
sak	3
baz	3
jna	3
LOW	3
fir	3
urz	3
beg	3
mix	3
yed	3
Men	3
Bra	3
RGB	3
oin	3
isu	3
six	3
aze	3
THE	3
phe	3
pta	3
olk	3
san	3
ikh	3
nad	3
fif	3
tel	3
lek	3
Sem	3
gon	3
zeg	3
NEW	3
Mor	3
ASC	3
sef	3
VIS	3
aes	3
Lab	3
DAY	3
DOC	3
usb	3
Gui	3
Git	3
bah	3
jin	3
gun	3
gat	3
cza	3
Wel	3
rze	3
tis	3
LOB	3
Hot	3
AST	3
boa	3
fog	3
zor	3
ahu	3
Sdk	3
ouc	3
IES	3
dfs	3
ISO	3
zak	3
veg	3
due	3
UMN	3
Syn	3
sdl	3
zew	3
Los	3
iks	3
arf	3
xty	3
Den	3
Mil	3
Bob	3
ROP	3
lua	3
pom	3
ufe	3
Tri	3
chk	3
Wil	3
hpp	3
urk	3
iao	3
oom	3
ibm	3
aho	3
PRI	3
zos	3
Bro	3
lub	3
er	2
in	2
en	2
on	2
es	2
at	2
or	2
an	2
is	2
re	2
it	2
ar	2
le	2
ou	2
al	2
ed	2
om	2
ic	2
as	2
el	2
nd	2
et	2
st	2
ch	2
ro	2
il	2
de	2
ct	2
am	2
ol	2
im	2
ot	2
ad	2
ut	2
em	2
ur	2
id	2
ig	2
ra	2
qu	2
ow	2
se	2
ve	2
ce	2
ie	2
un	2
ag	2
ul	2
he	2
os	2
if	2
ly	2
ab	2
te	2
ri	2
us	2
ir	2
ck	2
th	2
eg	2
ay	2
od	2
um	2
ht	2
pp	2
pe	2
pt	2
lo	2
ia	2
ld	2
ub	2
la	2
ue	2
iv	2
ke	2
ci	2
op	2
iz	2
og	2
ge	2
ap	2
ne	2
av	2
xt	2
li	2
tr	2
to	2
oc	2
ok	2
ak	2
pr	2
ph	2
ac	2
ud	2
ps	2
pl	2
so	2
ru	2
au	2
ov	2
nt	2
ff	2
io	2
ft	2
cc	2
gr	2
ik	2
ll	2
ma	2
ip	2
ec	2
ug	2
cl	2
tt	2
du	2
we	2
ob	2
ry	2
ex	2
ib	2
eb	2
up	2
In	2
ah	2
sk	2
ew	2
ij	2
wo	2
ml	2
bo	2
az	2
sh	2
St	2
ix	2
ng	2
ss	2
ze	2
be	2
ta	2
yn	2
ys	2
ym	2
of	2
ER	2
me	2
ty	2
ep	2
sp	2
ey	2
si	2
na	2
hr	2
co	2
ca	2
Re	2
po	2
uf	2
oh	2
ON	2
ax	2
aj	2
IN	2
fo	2
br	2
kt	2
Id	2
no	2
wn	2
ni	2
ho	2
Ex	2
ST	2
cy	2
dd	2
AT	2
LE	2
ux	2
js	2
je	2
bb	2
wh	2
ka	2
fr	2
Th	2
my	2
za	2
vo	2
ID	2
ts	2
da	2
ef	2
vi	2
ek	2
EN	2
Ar	2
aw	2
Ch	2
ny	2
yp	2
ui	2
go	2
gg	2
ms	2
ql	2
RE	2
mp	2
MA	2
zy	2
sc	2
va	2
fl	2
td	2
by	2
ww	2
pi	2
bf	2
SE	2
RO	2
uc	2
GE	2
AR	2
fe	2
SB	2
px	2
rm	2
To	2
ja	2
CT	2
ai	2
SS	2
IT	2
eq	2
do	2
Im	2
lt	2
gy	2
OR	2
AL	2
ns	2
ki	2
ML	2
Se	2
ti	2
ks	2
By	2
zt	2
cz	2
rl	2
Er	2
oz	2
ku	2
af	2
su	2
df	2
Qu	2
AN	2
bl	2
LL	2
jo	2
rc	2
PI	2
ii	2
QL	2
RL	2
ox	2
cd	2
py	2
rt	2
DE	2
rs	2
ba	2
ME	2
Tr	2
ha	2
En	2
cs	2
ji	2
bu	2
mi	2
AC	2
Al	2
zo	2
Un	2
zi	2
sl	2
gu	2
ET	2
db	2
mu	2
uk	2
II	2
UT	2
Sh	2
An	2
wa	2
De	2
sw	2
Of	2
ND	2
Or	2
AB	2
As	2
ES	2
OT	2
ko	2
yl	2
hi	2
yd	2
On	2
IC	2
AD	2
sq	2
NS	2
ln	2
It	2
bt	2
UI	2
hn	2
ls	2
gi	2
gs	2
CH	2
CO	2
Le	2
IS	2
Pl	2
ga	2
Ad	2
OS	2
pa	2
AS	2
AP	2
US	2
Gr	2
ED	2
ua	2
pm	2
uz	2
Up	2
Lo	2
My	2
nu	2
ky	2
md	2
NA	2
TP	2
MP	2
xy	2
sz	2
Is	2
Be	2
oo	2
yt	2
If	2
ae	2
Bu	2
FI	2
pu	2
zn	2
ya	2
No	2
gl	2
sm	2
oj	2
Ed	2
He	2
UN	2
ee	2
HT	2
LO	2
HP	2
kn	2
RI	2
DO	2
DF	2
Pr	2
DB	2
pg	2
uv	2
ye	2
gt	2
PE	2
CC	2
At	2
FF	2
vs	2
yr	2
mm	2
TE	2
MS	2
mo	2
wi	2
LA	2
mt	2
hl	2
xx	2
Sc	2
UE	2
sv	2
dy	2
FA	2
DI	2
UR	2
OP	2
sf	2
TH	2
RA	2
CE	2
yg	2
We	2
Ph	2
ih	2
UP	2
ju	2
cm	2
Ab	2
sd	2
sa	2
cu	2
TO	2
UM	2
Su	2
AF	2
gn	2
AM	2
dn	2
LI	2
sg	2
bi	2
BC	2
xi	2
SI	2
fa	2
CA	2
rd	2
SP	2
Sp	2
dz	2
OL	2
zz	2
ws	2
TR	2
La	2
IV	2
Om	2
BA	2
IP	2
yw	2
EX	2
ev	2
MD	2
FO	2
hy	2
bs	2
bm	2
fs	2
LT	2
iu	2
IO	2
dt	2
Em	2
Ob	2
TA	2
rb	2
di	2
KE	2
lu	2
ez	2
dp	2
Do	2
CL	2
SO	2
IL	2
ao	2
XX	2
IG	2
CP	2
tn	2
ds	2
So	2
kl	2
AA	2
IX	2
bd	2
OM	2
El	2
CD	2
IF	2
AX	2
NO	2
EL	2
MO	2
pc	2
cp	2
Me	2
Cl	2
Am	2
cf	2
kk	2
hu	2
vm	2
zu	2
PS	2
PU	2
SH	2
vc	2
CK	2
Te	2
hm	2
SC	2
GB	2
PA	2
SD	2
GL	2
fi	2
uw	2
cr	2
oe	2
aa	2
PL	2
MM	2
UB	2
tx	2
tw	2
AV	2
SV	2
zw	2
DA	2
dr	2
zk	2
oi	2
pf	2
WS	2
FT	2
IM	2
BU	2
DD	2
Co	2
PT	2
Ge	2
uj	2
TV	2
yy	2
Go	2
SA	2
Ne	2
dk	2
NE	2
HO	2
IR	2
dx	2
VC	2
Fe	2
mb	2
DR	2
CI	2
Bo	2
DS	2
BO	2
LS	2
FC	2
uy	2
IE	2
JS	2
Fl	2
GC	2
Wh	2
km	2
zd	2
WE	2
OK	2
TF	2
IB	2
PC	2
yo	2
Oh	2
fn	2
tu	2
CF	2
VM	2
CS	2
np	2
NG	2
TS	2
tp	2
kg	2
iw	2
TC	2
Gu	2
MB	2
hs	2
Ro	2
Ke	2
rf	2
HE	2
OF	2
OW	2
Po	2
BS	2
nb	2
wd	2
WR	2
FS	2
AG	2
ei	2
Db	2
LD	2
NN	2
ej	2
xs	2
Bl	2
RC	2
MI	2
FL	2
PR	2
Ac	2
VD	2
cb	2
ZE	2
GS	2
IA	2
Sw	2
Jo	2
rg	2
kw	2
cv	2
yc	2
fx	2
CG	2
tk	2
DP	2
bn	2
EC	2
ea	2
mk	2
CR	2
MT	2
fd	2
NU	2
dl	2
Op	2
EG	2
Pa	2
wp	2
rz	2
VE	2
yk	2
Di	2
LC	2
XT	2
kc	2
Pi	2
bc	2
yz	2
tv	2
Br	2
gh	2
RS	2
MC	2
oy	2
Sm	2
Hz	2
EM	2
DC	2
GA	2
dh	2
kr	2
SL	2
BI	2
Av	2
wy	2
NI	2
eu	2
nl	2
DT	2
WA	2
RT	2
PO	2
RY	2
LP	2
tf	2
EY	2
vy	2
UL	2
QU	2
BL	2
vr	2
PM	2
OD	2
PF	2
Na	2
CN	2
fc	2
Je	2
dc	2
rw	2
zm	2
lj	2
mc	2
SR	2
Il	2
Es	2
Fa	2
tc	2
GR	2
BB	2
Fr	2
wt	2
SU	2
TL	2
Ag	2
eh	2
SY	2
OB	2
DU	2
HS	2
fb	2
YY	2
BR	2
tl	2
rv	2
kh	2
BE	2
HL	2
EP	2
xl	2
TY	2
CV	2
Pe	2
PN	2
HA	2
nn	2
UD	2
Sk	2
FR	2
wr	2
NC	2
Us	2
pd	2
SK	2
AE	2
WN	2
uh	2
TW	2
bg	2
FE	2
fg	2
hd	2
NR	2
sn	2
Az	2
jb	2
LY	2
mx	2
jp	2
PG	2
Sl	2
SM	2
GO	2
xe	2
Qt	2
DK	2
xa	2
Ap	2
yj	2
KS	2
tz	2
Ah	2
zh	2
nc	2
Sa	2
HI	2
rx	2
WT	2
MY	2
EE	2
qt	2
PP	2
cn	2
fp	2
VI	2
tm	2
FB	2
XY	2
VP	2
vn	2
Hi	2
Eq	2
Fi	2
gz	2
cx	2
dm	2
rh	2
rp	2
HC	2
SN	2
DL	2
PH	2
Py	2
dj	2
oa	2
iy	2
GP	2
lg	2
UK	2
TT	2
PY	2
OC	2
NT	2
SF	2
Mr	2
Ok	2
VA	2
Bi	2
pk	2
Cr	2
dg	2
GN	2
sb	2
vl	2
HR	2
MR	2
kb	2
fu	2
jm	2
pn	2
Ty	2
lm	2
rr	2
YS	2
GM	2
CB	2
PK	2
xc	2
VS	2
Ma	2
vt	2
sr	2
WI	2
FM	2
nr	2
EV	2
AK	2
zs	2
NF	2
tb	2
Mo	2
BY	2
jt	2
lp	2
nm	2
GV	2
SW	2
TM	2
UC	2
OH	2
NB	2
Tu	2
wx	2
IK	2
UG	2
Li	2
mn	2
DM	2
GT	2
nx	2
AI	2
Lu	2
VB	2
TI	2
qq	2
pb	2
VF	2
CM	2
TD	2
Ze	2
xf	2
vb	2
WD	2
Ha	2
Os	2
fm	2
vu	2
TB	2
VO	2
PD	2
WH	2
fw	2
NL	2
zA	2
bp	2
MW	2
hh	2
jk	2
Js	2
NP	2
MQ	2
Si	2
uo	2
qa	2
Dr	2
yi	2
EB	2
AU	2
jd	2
SG	2
KB	2
Gi	2
HD	2
Ca	2
gb	2
Hy	2
xp	2
FP	2
LM	2
WP	2
FD	2
qi	2
IZ	2
WM	2
FX	2
GG	2
hw	2
kv	2
OU	2
Mc	2
gc	2
Tw	2
vd	2
rn	2
HH	2
lb	2
Da	2
dw	2
BF	2
RU	2
DN	2
XV	2
lv	2
mq	2
Ig	2
TX	2
jq	2
EQ	2
hp	2
BD	2
Fn	2
lr	2
mv	2
AW	2
LR	2
jl	2
EF	2
JB	2
WF	2
Cy	2
e	1
t	1
a	1
i	1
n	1
o	1
r	1
s	1
l	1
d	1
h	1
c	1
u	1
m	1
p	1
g	1
f	1
b	1
y	1
w	1
v	1
k	1
I	1
S	1
C	1
A	1
T	1
x	1
z	1
E	1
M	1
P	1
j	1
D	1
L	1
B	1
R	1
q	1
N	1
F	1
O	1
H	1
G	1
W	1
V	1
U	1
J	1
K	1
Y	1
Q	1
X	1
Z	1
