t	19
i	13
▁	13
o	12
p	12
e	11
d	10
m	9
s	9
l	6
n	6
a	6
g	6
u	5
c	4
x	3
r	3
y	2
H	2
B	2
O	2
S	2
M	2
D	2
b	2
h	2
<	1
0	1
C	1
8	1
>	1
f	1
q	1
F	1
P	1
I	1
v	1
k	1
的	1
大	1
中	1
一	1
人	1
子	1
日	1
山	1
文	1
本	1
数	1
国	1
新	1
是	1
田	1
道	1
村	1
用	1
天	1
镇	1
不	1
学	1
有	1
上	1
会	1
小	1
行	1
三	1
市	1
王	1
区	1
年	1
生	1
成	1
定	1
个	1
和	1
在	1
方	1
高	1
地	1
月	1
公	1
出	1
法	1
名	1
下	1
社	1
为	1
乡	1
川	1
之	1
字	1
海	1
東	1
明	1
时	1
南	1
西	1
平	1
式	1
家	1
第	1
城	1
美	1
件	1
部	1
女	1
神	1
以	1
太	1
前	1
金	1
野	1
北	1
加	1
原	1
置	1
安	1
我	1
京	1
可	1
取	1
县	1
二	1
理	1
自	1
信	1
代	1
要	1
化	1
木	1
水	1
島	1
正	1
内	1
作	1
合	1
回	1
了	1
所	1
事	1
表	1
分	1
入	1
全	1
里	1
郎	1
据	1
州	1
者	1
通	1
都	1
江	1
到	1
对	1
使	1
世	1
果	1
十	1
藤	1
来	1
面	1
这	1
街	1
石	1
能	1
空	1
武	1
后	1
元	1
河	1
町	1
花	1
类	1
物	1
版	1
动	1
如	1
真	1
号	1
林	1
書	1
民	1
口	1
示	1
图	1
戦	1
李	1
光	1
白	1
心	1
设	1
路	1
最	1
手	1
型	1
建	1
主	1
集	1
目	1
度	1
長	1
星	1
五	1
重	1
于	1
发	1
史	1
國	1
你	1
駅	1
多	1
士	1
四	1
司	1
次	1
立	1
点	1
音	1
器	1
井	1
存	1
当	1
寺	1
性	1
也	1
位	1
值	1
古	1
院	1
界	1
語	1
愛	1
時	1
东	1
同	1
保	1
青	1
体	1
清	1
相	1
情	1
将	1
族	1
宮	1
政	1
间	1
松	1
始	1
息	1
少	1
教	1
获	1
列	1
开	1
科	1
春	1
治	1
吉	1
台	1
工	1
知	1
八	1
場	1
画	1
百	1
記	1
得	1
氏	1
关	1
标	1
外	1
間	1
校	1
制	1
力	1
門	1
好	1
指	1
色	1
返	1
馬	1
请	1
風	1
接	1
志	1
魔	1
更	1
程	1
郡	1
利	1
県	1
周	1
谷	1
香	1
期	1
初	1
福	1
片	1
動	1
参	1
義	1
象	1
功	1
过	1
皇	1
特	1
长	1
英	1
其	1
流	1
除	1
永	1
直	1
千	1
館	1
朝	1
单	1
格	1
德	1
歌	1
进	1
限	1
夫	1
園	1
量	1
土	1
放	1
码	1
等	1
系	1
華	1
常	1
否	1
見	1
源	1
实	1
博	1
解	1
男	1
無	1
查	1
条	1
後	1
他	1
网	1
阿	1
户	1
命	1
就	1
龍	1
君	1
夏	1
言	1
先	1
典	1
府	1
组	1
改	1
华	1
与	1
调	1
由	1
修	1
學	1
消	1
符	1
录	1
已	1
陽	1
容	1
未	1
宗	1
龙	1
提	1
六	1
形	1
伊	1
火	1
佐	1
结	1
九	1
雄	1
而	1
张	1
向	1
选	1
仁	1
堂	1
久	1
义	1
无	1
那	1
線	1
务	1
基	1
属	1
配	1
軍	1
津	1
完	1
研	1
注	1
失	1
应	1
友	1
章	1
求	1
们	1
模	1
需	1
電	1
此	1
夜	1
或	1
橋	1
根	1
玉	1
交	1
品	1
良	1
则	1
開	1
被	1
株	1
记	1
會	1
经	1
转	1
崎	1
比	1
造	1
没	1
现	1
七	1
商	1
机	1
阳	1
角	1
站	1
及	1
術	1
认	1
创	1
編	1
伝	1
岡	1
港	1
任	1
登	1
布	1
究	1
帝	1
密	1
变	1
序	1
计	1
曲	1
传	1
包	1
意	1
去	1
沙	1
写	1
超	1
今	1
森	1
黄	1
景	1
湖	1
何	1
宇	1
張	1
语	1
老	1
例	1
鉄	1
克	1
然	1
報	1
服	1
想	1
実	1
载	1
波	1
马	1
状	1
线	1
洋	1
万	1
添	1
球	1
機	1
支	1
显	1
拉	1
送	1
隊	1
处	1
師	1
像	1
黒	1
只	1
起	1
段	1
區	1
選	1
業	1
算	1
广	1
视	1
秋	1
因	1
输	1
康	1
思	1
死	1
聖	1
头	1
車	1
按	1
夢	1
汉	1
从	1
题	1
展	1
省	1
葉	1
素	1
関	1
页	1
共	1
宿	1
态	1
技	1
乐	1
控	1
移	1
影	1
管	1
戸	1
函	1
尾	1
场	1
介	1
育	1
泉	1
说	1
换	1
必	1
紀	1
宝	1
気	1
门	1
令	1
左	1
漢	1
若	1
屋	1
局	1
打	1
発	1
问	1
恋	1
兵	1
別	1
并	1
节	1
引	1
统	1
智	1
电	1
赤	1
断	1
称	1
身	1
首	1
付	1
連	1
官	1
持	1
奈	1
御	1
親	1
库	1
秀	1
址	1
守	1
活	1
藏	1
竹	1
草	1
結	1
昌	1
樹	1
勝	1
足	1
航	1
陳	1
业	1
富	1
雪	1
再	1
默	1
楽	1
沢	1
羅	1
忠	1
错	1
桥	1
雲	1
该	1
岩	1
专	1
切	1
店	1
朱	1
幸	1
母	1
串	1
击	1
設	1
經	1
座	1
云	1
告	1
変	1
试	1
隆	1
判	1
劉	1
编	1
达	1
右	1
复	1
看	1
話	1
坂	1
尔	1
衛	1
丸	1
样	1
鬼	1
喜	1
斯	1
銀	1
群	1
近	1
塔	1
确	1
索	1
非	1
望	1
希	1
甲	1
越	1
鳥	1
麻	1
雅	1
拳	1
溪	1
测	1
话	1
池	1
菜	1
食	1
渡	1
速	1
陈	1
健	1
军	1
庄	1
红	1
論	1
孝	1
頭	1
飛	1
么	1
達	1
巴	1
洞	1
貴	1
项	1
种	1
运	1
彦	1
书	1
构	1
米	1
连	1
操	1
装	1
反	1
仮	1
员	1
昭	1
兴	1
客	1
删	1
居	1
現	1
助	1
唐	1
瀬	1
微	1
舞	1
导	1
效	1
深	1
梅	1
料	1
每	1
洲	1
茶	1
败	1
些	1
双	1
嘉	1
進	1
丁	1
故	1
計	1
遠	1
候	1
房	1
两	1
才	1
止	1
番	1
奇	1
怪	1
联	1
泰	1
边	1
还	1
黃	1
收	1
弘	1
给	1
