▁	13	1
ide	2	3
Http	2	4
padding	2	7
BO	2	2
spl	2	3
metric	2	6
<	1	1
0xC8	1	4
>	1	1
tml	1	3
ops	1	3
ttp	1	3
tty	1	3
flo	1	3
omin	1	4
usqu	1	4
FS	1	2
Ps	1	2
ogo	1	3
MDb	1	3
IMDb	1	4
xspace	1	6
htm	1	3
uve	1	3
opsis	1	5
hd	1	2
tto	1	3
xe	1	2
tta	1	3
lg	1	2
omi	1	3
pygame	1	6
dimin	1	5
ogonal	1	6
tte	1	3
omic	1	4
HttpRequest	1	11
kis	1	3
Setup	1	5
rounded	1	7
的	1	1
大	1	1
中	1	1
一	1	1
人	1	1
子	1	1
日	1	1
山	1	1
文	1	1
本	1	1
数	1	1
国	1	1
新	1	1
是	1	1
田	1	1
道	1	1
村	1	1
用	1	1
天	1	1
镇	1	1
不	1	1
学	1	1
有	1	1
上	1	1
会	1	1
小	1	1
行	1	1
三	1	1
市	1	1
王	1	1
区	1	1
年	1	1
生	1	1
成	1	1
定	1	1
个	1	1
和	1	1
在	1	1
方	1	1
高	1	1
地	1	1
月	1	1
公	1	1
出	1	1
法	1	1
名	1	1
下	1	1
社	1	1
为	1	1
乡	1	1
川	1	1
之	1	1
字	1	1
海	1	1
東	1	1
明	1	1
时	1	1
南	1	1
西	1	1
平	1	1
式	1	1
家	1	1
第	1	1
城	1	1
美	1	1
件	1	1
部	1	1
女	1	1
神	1	1
以	1	1
太	1	1
前	1	1
金	1	1
野	1	1
北	1	1
加	1	1
原	1	1
置	1	1
安	1	1
我	1	1
京	1	1
可	1	1
取	1	1
县	1	1
二	1	1
理	1	1
自	1	1
信	1	1
代	1	1
要	1	1
化	1	1
木	1	1
水	1	1
島	1	1
正	1	1
内	1	1
作	1	1
合	1	1
回	1	1
了	1	1
所	1	1
事	1	1
表	1	1
分	1	1
入	1	1
全	1	1
里	1	1
郎	1	1
据	1	1
州	1	1
者	1	1
通	1	1
都	1	1
江	1	1
到	1	1
对	1	1
使	1	1
世	1	1
果	1	1
十	1	1
藤	1	1
来	1	1
面	1	1
这	1	1
街	1	1
石	1	1
能	1	1
空	1	1
武	1	1
后	1	1
元	1	1
河	1	1
町	1	1
花	1	1
类	1	1
物	1	1
版	1	1
动	1	1
如	1	1
真	1	1
号	1	1
林	1	1
書	1	1
民	1	1
口	1	1
示	1	1
图	1	1
戦	1	1
李	1	1
光	1	1
白	1	1
心	1	1
设	1	1
路	1	1
最	1	1
手	1	1
型	1	1
建	1	1
主	1	1
集	1	1
目	1	1
度	1	1
長	1	1
星	1	1
五	1	1
重	1	1
于	1	1
发	1	1
史	1	1
國	1	1
你	1	1
駅	1	1
多	1	1
士	1	1
四	1	1
司	1	1
次	1	1
立	1	1
点	1	1
音	1	1
器	1	1
井	1	1
存	1	1
当	1	1
寺	1	1
性	1	1
也	1	1
位	1	1
值	1	1
古	1	1
院	1	1
界	1	1
語	1	1
愛	1	1
時	1	1
东	1	1
同	1	1
保	1	1
青	1	1
体	1	1
清	1	1
相	1	1
情	1	1
将	1	1
族	1	1
宮	1	1
政	1	1
间	1	1
松	1	1
始	1	1
息	1	1
少	1	1
教	1	1
获	1	1
列	1	1
开	1	1
科	1	1
春	1	1
治	1	1
吉	1	1
台	1	1
工	1	1
知	1	1
八	1	1
場	1	1
画	1	1
百	1	1
記	1	1
得	1	1
氏	1	1
关	1	1
标	1	1
外	1	1
間	1	1
校	1	1
制	1	1
力	1	1
門	1	1
好	1	1
指	1	1
色	1	1
返	1	1
馬	1	1
请	1	1
風	1	1
接	1	1
志	1	1
魔	1	1
更	1	1
程	1	1
郡	1	1
利	1	1
県	1	1
周	1	1
谷	1	1
香	1	1
期	1	1
初	1	1
福	1	1
片	1	1
動	1	1
参	1	1
義	1	1
象	1	1
功	1	1
过	1	1
皇	1	1
特	1	1
长	1	1
英	1	1
其	1	1
流	1	1
除	1	1
永	1	1
直	1	1
千	1	1
館	1	1
朝	1	1
单	1	1
格	1	1
德	1	1
歌	1	1
进	1	1
限	1	1
夫	1	1
園	1	1
量	1	1
土	1	1
放	1	1
码	1	1
等	1	1
系	1	1
華	1	1
常	1	1
否	1	1
見	1	1
源	1	1
实	1	1
博	1	1
解	1	1
男	1	1
無	1	1
查	1	1
条	1	1
後	1	1
他	1	1
网	1	1
阿	1	1
户	1	1
命	1	1
就	1	1
龍	1	1
君	1	1
夏	1	1
言	1	1
先	1	1
典	1	1
府	1	1
组	1	1
改	1	1
华	1	1
与	1	1
调	1	1
由	1	1
修	1	1
學	1	1
消	1	1
符	1	1
录	1	1
已	1	1
陽	1	1
容	1	1
未	1	1
宗	1	1
龙	1	1
提	1	1
六	1	1
形	1	1
伊	1	1
火	1	1
佐	1	1
结	1	1
九	1	1
雄	1	1
而	1	1
张	1	1
向	1	1
选	1	1
仁	1	1
堂	1	1
久	1	1
义	1	1
无	1	1
那	1	1
線	1	1
务	1	1
基	1	1
属	1	1
配	1	1
軍	1	1
津	1	1
完	1	1
研	1	1
注	1	1
失	1	1
应	1	1
友	1	1
章	1	1
求	1	1
们	1	1
模	1	1
需	1	1
電	1	1
此	1	1
夜	1	1
或	1	1
橋	1	1
根	1	1
玉	1	1
交	1	1
品	1	1
良	1	1
则	1	1
開	1	1
被	1	1
株	1	1
记	1	1
會	1	1
经	1	1
转	1	1
崎	1	1
比	1	1
造	1	1
没	1	1
现	1	1
七	1	1
商	1	1
机	1	1
阳	1	1
角	1	1
站	1	1
及	1	1
術	1	1
认	1	1
创	1	1
編	1	1
伝	1	1
岡	1	1
港	1	1
任	1	1
登	1	1
布	1	1
究	1	1
帝	1	1
密	1	1
变	1	1
序	1	1
计	1	1
曲	1	1
传	1	1
包	1	1
意	1	1
去	1	1
沙	1	1
写	1	1
超	1	1
今	1	1
森	1	1
黄	1	1
景	1	1
湖	1	1
何	1	1
宇	1	1
張	1	1
语	1	1
老	1	1
例	1	1
鉄	1	1
克	1	1
然	1	1
報	1	1
服	1	1
想	1	1
実	1	1
载	1	1
波	1	1
马	1	1
状	1	1
线	1	1
洋	1	1
万	1	1
添	1	1
球	1	1
機	1	1
支	1	1
显	1	1
拉	1	1
送	1	1
隊	1	1
处	1	1
師	1	1
像	1	1
黒	1	1
只	1	1
起	1	1
段	1	1
區	1	1
選	1	1
業	1	1
算	1	1
广	1	1
视	1	1
秋	1	1
因	1	1
输	1	1
康	1	1
思	1	1
死	1	1
聖	1	1
头	1	1
車	1	1
按	1	1
夢	1	1
汉	1	1
从	1	1
题	1	1
展	1	1
省	1	1
葉	1	1
素	1	1
関	1	1
页	1	1
共	1	1
宿	1	1
态	1	1
技	1	1
乐	1	1
控	1	1
移	1	1
影	1	1
管	1	1
戸	1	1
函	1	1
尾	1	1
场	1	1
介	1	1
育	1	1
泉	1	1
说	1	1
换	1	1
必	1	1
紀	1	1
宝	1	1
気	1	1
门	1	1
令	1	1
左	1	1
漢	1	1
若	1	1
屋	1	1
局	1	1
打	1	1
発	1	1
问	1	1
恋	1	1
兵	1	1
別	1	1
并	1	1
节	1	1
引	1	1
统	1	1
智	1	1
电	1	1
赤	1	1
断	1	1
称	1	1
身	1	1
首	1	1
付	1	1
連	1	1
官	1	1
持	1	1
奈	1	1
御	1	1
親	1	1
库	1	1
秀	1	1
址	1	1
守	1	1
活	1	1
藏	1	1
竹	1	1
草	1	1
結	1	1
昌	1	1
樹	1	1
勝	1	1
足	1	1
航	1	1
陳	1	1
业	1	1
富	1	1
雪	1	1
再	1	1
默	1	1
楽	1	1
沢	1	1
羅	1	1
忠	1	1
错	1	1
桥	1	1
雲	1	1
该	1	1
岩	1	1
专	1	1
切	1	1
店	1	1
朱	1	1
幸	1	1
母	1	1
串	1	1
击	1	1
設	1	1
經	1	1
座	1	1
云	1	1
告	1	1
変	1	1
试	1	1
隆	1	1
判	1	1
劉	1	1
编	1	1
达	1	1
右	1	1
复	1	1
看	1	1
話	1	1
坂	1	1
尔	1	1
衛	1	1
丸	1	1
样	1	1
鬼	1	1
喜	1	1
斯	1	1
銀	1	1
群	1	1
近	1	1
塔	1	1
确	1	1
索	1	1
非	1	1
望	1	1
希	1	1
甲	1	1
越	1	1
鳥	1	1
麻	1	1
雅	1	1
拳	1	1
溪	1	1
测	1	1
话	1	1
池	1	1
菜	1	1
食	1	1
渡	1	1
速	1	1
陈	1	1
健	1	1
军	1	1
庄	1	1
红	1	1
論	1	1
孝	1	1
頭	1	1
飛	1	1
么	1	1
達	1	1
巴	1	1
洞	1	1
貴	1	1
项	1	1
种	1	1
运	1	1
彦	1	1
书	1	1
构	1	1
米	1	1
连	1	1
操	1	1
装	1	1
反	1	1
仮	1	1
员	1	1
昭	1	1
兴	1	1
客	1	1
删	1	1
居	1	1
現	1	1
助	1	1
唐	1	1
瀬	1	1
微	1	1
舞	1	1
导	1	1
效	1	1
深	1	1
梅	1	1
料	1	1
每	1	1
洲	1	1
茶	1	1
败	1	1
些	1	1
双	1	1
嘉	1	1
進	1	1
丁	1	1
故	1	1
計	1	1
遠	1	1
候	1	1
房	1	1
两	1	1
才	1	1
止	1	1
番	1	1
奇	1	1
怪	1	1
联	1	1
泰	1	1
边	1	1
还	1	1
黃	1	1
收	1	1
弘	1	1
给	1	1
