的	2174
一	672
不	530
是	496
了	472
人	471
有	409
在	388
大	352
中	339
上	289
为	281
学	276
会	272
和	268
生	266
我	263
发	238
个	235
这	231
出	231
国	226
要	211
t	206
来	203
用	201
时	197
可	196
地	195
年	194
业	192
自	192
家	190
以	187
能	187
到	186
子	182
作	181
行	177
理	176
多	173
下	173
分	167
工	163
对	162
实	162
成	160
就	160
心	158
e	156
于	154
公	154
高	152
主	152
小	151
性	151
开	149
动	147
好	147
化	147
们	144
经	144
也	142
o	141
他	139
新	139
面	138
本	138
方	137
体	137
说	136
定	136
得	136
事	136
市	135
力	134
文	134
现	132
水	131
之	130
全	130
长	130
法	129
部	127
着	127
过	126
第	126
后	124
合	123
产	123
你	121
天	121
重	121
进	117
所	117
入	117
点	112
电	111
意	111
都	110
建	110
十	109
教	108
无	108
名	108
前	107
物	107
r	106
机	105
度	105
区	105
p	104
关	104
情	104
道	104
日	103
制	102
同	101
内	100
加	99
三	99
民	99
与	98
品	98
量	98
相	97
务	97
者	96
管	96
信	95
通	94
特	93
最	92
看	92
展	92
位	92
场	92
外	92
想	92
代	92
n	91
表	90
而	89
二	89
种	88
应	88
手	88
科	88
里	87
保	87
-	86
如	86
起	86
平	86
安	86
i	85
等	85
间	84
很	84
么	84
明	84
比	84
员	84
政	84
还	83
资	83
车	83
设	82
程	82
网	82
质	82
期	81
基	81
气	81
当	80
目	79
利	79
a	78
常	78
金	78
然	77
知	77
社	77
其	76
活	76
提	75
样	75
美	74
书	74
次	73
解	73
交	73
己	72
身	72
头	72
s	71
感	71
任	71
术	70
色	70
总	70
数	69
西	69
因	68
没	68
去	68
将	68
题	68
结	68
两	68
院	68
风	68
门	68
l	67
系	67
海	67
向	67
果	66
正	66
做	66
强	66
山	66
打	66
章	66
f	65
处	65
技	64
问	63
司	63
流	63
口	63
g	62
月	62
原	62
组	62
立	62
商	62
计	61
路	61
服	61
专	61
育	61
格	61
党	61
更	60
创	60
线	60
委	60
尔	60
d	59
各	59
导	59
研	59
收	59
南	59
义	59
那	58
被	58
老	58
规	58
项	58
息	58
深	58
并	57
变	57
件	57
东	57
病	57
回	56
师	56
治	56
条	56
从	55
只	55
统	55
图	55
影	55
价	55
节	55
级	55
光	55
花	55
斯	55
但	54
此	54
单	54
标	54
给	54
放	54
源	54
报	53
世	53
万	53
营	53
限	53
_	52
m	52
元	52
持	52
城	52
记	52
容	52
清	52
省	52
转	52
u	51
式	51
使	51
受	51
少	51
企	51
共	51
见	51
局	51
女	50
接	50
传	50
料	50
形	50
联	50
视	50
房	50
已	49
型	49
白	49
战	49
百	49
四	48
直	48
选	48
示	48
习	48
五	48
复	48
职	48
真	47
效	47
爱	47
台	47
精	47
医	47
较	47
增	47
值	47
太	47
考	46
运	46
调	46
具	46
造	46
究	46
集	46
观	46
准	46
注	46
语	46
华	46
几	46
别	45
什	45
校	45
再	45
办	45
演	45
克	45
极	45
红	45
及	44
些	44
类	44
认	44
指	44
先	44
北	44
带	44
证	44
取	44
片	44
让	43
参	43
论	43
每	43
备	43
近	43
步	43
热	43
境	43
油	43
士	43
她	42
完	42
话	42
非	42
思	42
游	42
越	42
案	42
历	42
议	42
切	42
据	41
需	41
至	41
把	41
村	41
领	41
率	41
素	41
州	41
言	41
血	41
H	40
达	40
儿	40
界	40
装	40
权	40
养	40
走	40
护	40
军	40
马	40
字	40
积	40
层	40
c	39
求	39
推	39
包	39
空	39
功	39
球	39
易	39
济	39
首	39
引	38
神	38
识	38
乐	38
周	38
干	38
显	38
江	38
致	38
该	37
改	37
确	37
环	37
队	37
觉	37
供	37
器	37
火	37
拉	37
广	36
今	36
布	36
支	36
决	36
快	36
始	36
农	36
低	36
必	36
适	36
林	36
站	36
落	36
微	36
构	35
优	35
反	35
户	35
投	35
存	35
友	35
县	35
赛	35
排	35
由	34
才	34
整	34
何	34
施	34
防	34
团	34
段	34
助	34
置	34
称	34
照	34
责	34
眼	34
失	34
均	34
列	34
又	33
难	33
查	33
试	33
际	33
控	33
维	33
细	33
预	33
声	33
听	33
模	32
像	32
断	32
边	32
连	32
音	32
望	32
喜	32
药	32
星	32
古	32
态	31
孩	31
王	31
配	31
算	31
德	31
速	31
告	31
响	31
命	31
象	31
众	31
满	31
升	31
范	31
版	31
约	31
课	31
吃	31
属	31
石	31
未	30
客	30
离	30
便	30
状	30
疗	30
压	30
款	30
欢	30
角	30
写	30
早	30
族	30
验	29
费	29
张	29
消	29
根	29
评	29
青	29
住	29
随	29
简	29
往	29
英	29
势	29
温	29
双	29
监	29
河	29
怎	29
味	29
画	29
亚	29
半	29
剧	29
况	28
例	28
足	28
获	28
史	28
除	28
园	28
股	28
艺	28
景	28
亲	28
仅	28
健	28
初	28
核	28
益	28
兴	28
词	28
八	28
副	28
食	27
阳	27
群	27
销	27
远	27
居	27
坚	27
络	27
千	27
巴	27
号	26
材	26
读	26
土	26
争	26
龙	26
留	26
举	26
尽	26
卫	26
久	26
男	25
京	25
黄	25
府	25
修	25
香	25
围	25
念	25
编	25
负	25
室	25
载	25
差	25
店	25
板	25
死	25
皮	25
异	25
座	25
批	25
送	25
征	25
货	25
抗	25
则	24
采	24
检	24
超	24
介	24
福	24
讲	24
底	24
严	24
班	24
免	24
伤	24
害	24
短	24
笑	24
S	23
E	23
或	23
候	23
即	23
许	23
划	23
请	23
录	23
险	23
律	23
六	23
降	23
减	23
奖	23
纪	23
察	23
楼	23
诉	23
兰	23
测	22
米	22
织	22
域	22
协	22
康	22
析	22
充	22
找	22
财	22
富	22
跟	22
审	22
博	22
购	22
七	22
革	22
换	22
执	22
晚	22
九	22
波	22
曲	22
余	22
紧	22
典	22
额	22
酸	22
税	22
y	21
它	21
续	21
宝	21
融	21
镇	21
独	21
乡	21
愿	21
密	21
官	21
错	21
曾	21
歌	21
止	21
季	21
端	21
假	21
夜	21
固	21
G	20
依	20
终	20
志	20
酒	20
轻	20
份	20
承	20
买	20
钱	20
智	20
黑	20
待	20
肉	20
疫	20
盘	20
刻	20
绝	20
木	20
奇	20
停	20
航	20
射	20
故	19
述	19
售	19
击	19
临	19
旅	19
帮	19
激	19
武	19
序	19
印	19
占	19
草	19
丝	19
宁	19
症	19
毛	19
哈	19
奥	19
C	18
L	18
b	18
够	18
却	18
策	18
善	18
妈	18
患	18
突	18
某	18
卡	18
破	18
菜	18
湖	18
汉	18
背	18
馆	18
移	18
筑	18
缺	18
毒	18
穿	18
痛	18
冷	18
静	18
急	18
谈	18
聚	18
衣	18
贵	18
退	18
救	18
轮	18
疑	18
遗	18
I	17
择	17
牌	17
云	17
普	17
母	17
互	17
般	17
含	17
良	17
补	17
朋	17
希	17
粉	17
亿	17
宣	17
玩	17
警	17
植	17
综	17
句	17
付	17
届	17
冠	17
沉	17
O	16
h	16
R	16
培	16
春	16
答	16
罗	16
银	16
否	16
略	16
须	16
吸	16
招	16
纳	16
灵	16
树	16
拿	16
彩	16
著	16
乎	16
净	16
追	16
牛	16
床	16
朝	16
守	16
笔	16
餐	16
架	16
烧	16
迷	16
按	15
戏	15
频	15
块	15
播	15
似	15
稳	15
劳	15
操	15
洗	15
钟	15
诗	15
顺	15
探	15
阶	15
丽	15
登	15
损	15
藏	15
沙	15
散	15
督	15
归	15
礼	15
附	15
卖	15
迎	15
鲜	15
脱	15
践	15
避	15
访	15
甲	15
伴	15
炎	15
锅	15
侧	15
呼	15
皇	15
私	15
牙	15
A	14
李	14
础	14
哪	14
另	14
飞	14
阿	14
夫	14
输	14
苏	14
遇	14
套	14
脑	14
染	14
绿	14
苦	14
液	14
梦	14
鱼	14
判	14
亮	14
叫	14
胜	14
媒	14
倒	14
骨	14
田	14
竞	14
尼	14
怀	14
佳	14
末	14
脸	14
岛	14
烈	14
宜	14
盛	14
恶	14
菌	14
幕	14
阻	14
训	13
括	13
担	13
庭	13
婚	13
闻	13
丰	13
港	13
索	13
票	13
概	13
熟	13
您	13
键	13
码	13
篇	13
托	13
虑	13
荣	13
庆	13
攻	13
午	13
危	13
饰	13
豆	13
透	13
延	13
摄	13
误	13
烟	13
虚	13
冰	13
违	13
爆	13
暖	13
矿	13
椒	13
浓	13
x	12
N	12
且	12
岁	12
障	12
毕	12
针	12
谢	12
雨	12
杂	12
幸	12
杀	12
佛	12
释	12
糖	12
启	12
献	12
哥	12
剂	12
借	12
辑	12
诊	12
帝	12
趣	12
露	12
罪	12
残	12
钢	12
宫	12
符	12
犯	12
席	12
硬	12
脚	12
圆	12
奶	12
幅	12
隐	12
妇	12
弱	12
灯	12
纯	12
秘	12
偏	12
折	12
膜	12
庄	12
阵	12
缓	12
详	12
缩	12
奋	12
驾	12
伙	12
潜	12
览	12
侵	12
刑	12
铁	11
父	11
享	11
刚	11
练	11
令	11
堂	11
汽	11
困	11
绩	11
斗	11
询	11
既	11
胞	11
盖	11
顶	11
秋	11
野	11
巨	11
惊	11
宽	11
贴	11
冬	11
脉	11
扬	11
储	11
订	11
贸	11
漫	11
隔	11
淡	11
贯	11
耐	11
裁	11
闭	11
灾	11
赞	11
癌	11
誉	11
废	11
淋	11
P	10
v	10
吧	10
虽	10
继	10
软	10
疾	10
左	10
松	10
促	10
右	10
永	10
顾	10
拍	10
蛋	10
靠	10
厂	10
欧	10
库	10
挥	10
谁	10
威	10
兵	10
川	10
派	10
予	10
饭	10
怕	10
渐	10
签	10
封	10
混	10
饮	10
姐	10
阴	10
仪	10
跑	10
翻	10
雷	10
圈	10
陆	10
旧	10
唱	10
汇	10
厚	10
洋	10
触	10
齐	10
润	10
镜	10
坏	10
刺	10
龄	10
途	10
诚	10
映	10
箱	10
污	10
忘	10
湿	10
肠	10
弃	10
诸	10
默	10
伊	10
抽	10
氧	10
毫	10
债	10
津	10
顿	10
凝	10
沿	10
尿	10
乳	10
俗	10
萨	10
敬	10
磨	10
迫	10
坦	10
貌	10
F	9
k	9
甚	9
秀	9
街	9
叶	9
冲	9
慢	9
拥	9
绍	9
坐	9
夏	9
授	9
童	9
讨	9
逐	9
仍	9
鸡	9
茶	9
洲	9
央	9
雪	9
休	9
零	9
累	9
抓	9
胡	9
搭	9
弹	9
扩	9
睡	9
寻	9
湾	9
幼	9
尤	9
弟	9
浪	9
径	9
估	9
贫	9
麻	9
纸	9
汤	9
涨	9
耳	9
圣	9
肥	9
败	9
纷	9
暴	9
惠	9
岗	9
址	9
猪	9
旗	9
亡	9
召	9
滑	9
租	9
恋	9
敏	9
咨	9
炒	9
振	9
苗	9
摩	9
魔	9
塞	9
截	9
凡	9
迹	9
墙	9
胶	9
朗	9
爷	9
瓜	9
耗	9
抵	9
筹	9
拼	9
援	9
荷	9
邮	9
插	9
肾	9
徒	9
淀	9
B	8
w	8
M	8
陈	8
申	8
努	8
尚	8
距	8
桥	8
盐	8
阅	8
爸	8
束	8
卷	8
措	8
吉	8
厅	8
链	8
币	8
肤	8
涉	8
讯	8
谓	8
册	8
肯	8
缘	8
档	8
尊	8
孔	8
孙	8
惯	8
洁	8
池	8
伦	8
贝	8
蒙	8
祖	8
懂	8
幺	8
彻	8
鲁	8
唯	8
舒	8
械	8
妹	8
忙	8
挂	8
趋	8
殊	8
繁	8
籍	8
肝	8
肿	8
怪	8
聘	8
舍	8
塑	8
豪	8
胃	8
腹	8
凉	8
甜	8
灭	8
脏	8
裂	8
娘	8
岸	8
戴	8
谱	8
幻	8
辣	8
晶	8
忍	8
碎	8
扫	8
匀	8
澳	8
赢	8
纹	8
胸	8
殖	8
悲	8
逆	8
碳	8
畅	8
滴	8
牢	8
滋	8
揭	8
D	7
T	7
刘	7
若	7
玉	7
竟	7
描	7
舞	7
宗	7
峰	7
掌	7
励	7
雄	7
乱	7
唐	7
蓝	7
颜	7
禁	7
楚	7
页	7
拟	7
醒	7
勇	7
衡	7
遍	7
盟	7
震	7
宋	7
暗	7
泡	7
跳	7
谷	7
潮	7
乘	7
鉴	7
券	7
尾	7
莫	7
嘉	7
泛	7
燃	7
姜	7
甘	7
肺	7
珠	7
乌	7
晓	7
跨	7
杰	7
赶	7
赏	7
悉	7
兼	7
驶	7
珍	7
腐	7
闲	7
刊	7
孕	7
麦	7
薄	7
柔	7
倾	7
腿	7
勤	7
账	7
桃	7
搜	7
绘	7
壁	7
旁	7
凭	7
忽	7
返	7
葱	7
浮	7
抑	7
锋	7
坡	7
晋	7
胎	7
伸	7
尖	7
妙	7
邀	7
腔	7
夺	7
辈	7
纵	7
桌	7
篮	7
扰	7
巡	7
摇	7
郁	7
闪	7
腺	7
忧	7
辖	7
剩	7
桂	7
耀	7
廉	7
迟	7
辨	7
悬	7
拖	7
羽	7
悠	7
俱	7
呢	6
握	6
雅	6
屋	6
喝	6
辆	6
塔	6
敢	6
巧	6
寒	6
船	6
伟	6
亦	6
辅	6
贷	6
屏	6
窗	6
抱	6
洛	6
脂	6
迪	6
跌	6
羊	6
姓	6
郑	6
泽	6
粒	6
循	6
泉	6
仙	6
绕	6
罚	6
恐	6
洞	6
替	6
伯	6
圳	6
祝	6
刷	6
敌	6
偶	6
浙	6
紫	6
炼	6
辛	6
扎	6
偿	6
陷	6
昌	6
迁	6
抢	6
虫	6
暂	6
陪	6
莱	6
宾	6
墨	6
恒	6
拜	6
轨	6
欣	6
挺	6
逃	6
杜	6
谋	6
炸	6
乙	6
壮	6
榜	6
涂	6
瓶	6
纠	6
溶	6
兄	6
捷	6
磁	6
纤	6
愈	6
骗	6
菲	6
尘	6
稿	6
奔	6
锦	6
骑	6
悟	6
薪	6
荡	6
疏	6
牵	6
衰	6
拌	6
梯	6
邻	6
穷	6
踏	6
剪	6
袭	6
赔	6
滨	6
嫌	6
颈	6
霸	6
讼	6
昆	6
囊	6
恰	6
戒	6
矩	6
艰	6
惑	6
扮	6
株	6
遥	6
胀	6
沸	6
泄	6
契	6
弥	6
颁	6
氨	6
募	6
業	6
発	6
/	5
吗	5
啊	5
杨	5
掉	5
韩	5
恩	5
挑	5
焦	5
泰	5
梅	5
忆	5
肌	5
妻	5
丁	5
绪	5
宇	5
扶	5
婆	5
丹	5
仁	5
俄	5
董	5
译	5
添	5
聊	5
伍	5
乏	5
署	5
腾	5
遭	5
旦	5
摆	5
贡	5
隆	5
井	5
宿	5
秦	5
拓	5
覆	5
嘴	5
煤	5
铺	5
填	5
轴	5
锁	5
勒	5
晨	5
寿	5
搞	5
姆	5
驱	5
鞋	5
宏	5
扣	5
拔	5
仓	5
孤	5
喷	5
哭	5
碍	5
驻	5
艾	5
杆	5
昨	5
拒	5
辞	5
履	5
冒	5
汁	5
鼠	5
遵	5
跃	5
蒸	5
番	5
赋	5
蜜	5
硕	5
漏	5
漂	5
枝	5
谐	5
徽	5
姑	5
肖	5
斑	5
携	5
稍	5
汗	5
栏	5
垃	5
圾	5
舰	5
佩	5
乔	5
崇	5
雕	5
碗	5
稀	5
帅	5
脾	5
犹	5
役	5
牧	5
缝	5
钻	5
灌	5
寄	5
壳	5
姿	5
厦	5
滚	5
裤	5
兽	5
葡	5
耕	5
慎	5
瘦	5
滤	5
捕	5
瓣	5
辩	5
浸	5
弗	5
萄	5
醇	5
晰	5
催	5
搬	5
翼	5
螺	5
屈	5
丘	5
叹	5
盗	5
卵	5
颖	5
浴	5
廷	5
罩	5
朴	5
泌	5
逝	5
夕	5
勃	5
脊	5
浏	5
阐	5
削	5
茫	5
轰	5
畏	5
陀	5
庸	5
時	5
場	5
(	4
U	4
鼓	4
赵	4
呈	4
梁	4
诺	4
杯	4
荐	4
欲	4
瑞	4
慧	4
刀	4
倍	4
狗	4
岩	4
迅	4
递	4
泥	4
猫	4
尺	4
恢	4
仿	4
灰	4
烦	4
瘤	4
狂	4
疼	4
颗	4
竹	4
曼	4
娱	4
胆	4
煮	4
彼	4
瓦	4
洪	4
哲	4
腰	4
忠	4
盾	4
旋	4
涵	4
奏	4
柱	4
鸟	4
沈	4
鼻	4
赖	4
惜	4
宅	4
泪	4
伏	4
皆	4
赚	4
奉	4
袋	4
氛	4
陶	4
仔	4
杭	4
劲	4
矛	4
碰	4
摸	4
拆	4
吐	4
眠	4
妆	4
肩	4
糊	4
逻	4
陵	4
割	4
疆	4
朵	4
诱	4
肃	4
蒂	4
叔	4
醉	4
埃	4
烂	4
饱	4
御	4
咖	4
毁	4
旺	4
烤	4
逼	4
慰	4
粘	4
陕	4
踪	4
瞬	4
爽	4
阔	4
迈	4
匹	4
纽	4
魅	4
堡	4
瓷	4
恨	4
浆	4
蒜	4
筋	4
萝	4
柜	4
慈	4
芝	4
丢	4
怨	4
碑	4
赴	4
砂	4
雾	4
诞	4
婴	4
呵	4
墓	4
锻	4
浦	4
飘	4
喊	4
挡	4
疯	4
拳	4
裙	4
厌	4
沃	4
叠	4
撤	4
纲	4
叙	4
疲	4
寓	4
忌	4
牲	4
涯	4
柴	4
押	4
挤	4
悔	4
倡	4
抚	4
湘	4
稻	4
棋	4
扭	4
舌	4
伪	4
痕	4
绵	4
欺	4
蜂	4
搅	4
涌	4
椅	4
颇	4
蓄	4
寨	4
肢	4
牺	4
昂	4
滞	4
抬	4
陌	4
峡	4
逢	4
泳	4
劣	4
狠	4
腊	4
悄	4
勾	4
妥	4
唤	4
廊	4
仇	4
溢	4
侦	4
噪	4
煎	4
畜	4
愉	4
剖	4
喻	4
躺	4
隙	4
沥	4
掩	4
霉	4
蟹	4
膀	4
铃	4
椎	4
旬	4
匆	4
歉	4
髓	4
诵	4
勘	4
剥	4
奢	4
隶	4
誓	4
粤	4
躁	4
奠	4
绑	4
栓	4
薯	4
酿	4
莞	4
嵌	4
韧	4
疹	4
愧	4
宰	4
胰	4
烘	4
嘱	4
溯	4
埔	4
柿	4
匈	4
動	4
漓	4
開	4
無	4
対	4
q	3
z	3
'	3
K	3
吴	3
沟	3
森	3
君	3
朱	3
徐	3
横	3
氏	3
寸	3
酱	3
尝	3
啦	3
鬼	3
睛	3
粮	3
辉	3
魂	3
枪	3
寺	3
粗	3
乃	3
框	3
吨	3
偷	3
琴	3
铜	3
挖	3
凌	3
怒	3
盈	3
曹	3
柳	3
堆	3
悦	3
炉	3
允	3
祥	3
缴	3
莲	3
邦	3
璃	3
芳	3
撞	3
旨	3
仰	3
奈	3
黎	3
摘	3
郎	3
齿	3
垂	3
艳	3
辽	3
斤	3
擦	3
盆	3
厨	3
宠	3
淘	3
弯	3
俊	3
鸣	3
啥	3
卜	3
卓	3
掘	3
赠	3
夹	3
撒	3
串	3
厉	3
玄	3
棒	3
猛	3
浩	3
酷	3
幽	3
盒	3
亏	3
孟	3
饼	3
眉	3
聪	3
冻	3
娃	3
胖	3
蔬	3
捐	3
赫	3
槽	3
谨	3
慕	3
啡	3
坊	3
虾	3
邓	3
殿	3
燥	3
披	3
丧	3
糕	3
叉	3
捞	3
抛	3
埋	3
肚	3
吕	3
暑	3
馈	3
穴	3
彰	3
宙	3
脆	3
丛	3
锐	3
胁	3
鸿	3
拨	3
肪	3
堪	3
猜	3
呆	3
狱	3
俩	3
馨	3
菇	3
惧	3
芽	3
敦	3
滩	3
猎	3
筛	3
芬	3
欠	3
堵	3
傻	3
尸	3
渔	3
宴	3
罢	3
狮	3
恼	3
贪	3
饲	3
垫	3
腻	3
葛	3
蒋	3
逸	3
吾	3
漠	3
酬	3
茂	3
丸	3
抖	3
蚀	3
阀	3
裕	3
毅	3
虹	3
洒	3
诈	3
桶	3
吵	3
莎	3
擅	3
寂	3
巾	3
闷	3
狐	3
衍	3
挣	3
咳	3
纺	3
衔	3
酵	3
愤	3
逊	3
纱	3
熬	3
豫	3
煌	3
谊	3
懒	3
昏	3
茄	3
庞	3
溃	3
撰	3
泊	3
妮	3
笼	3
姨	3
妃	3
硫	3
搏	3
蕴	3
吻	3
晕	3
芒	3
浇	3
惩	3
乾	3
衬	3
妨	3
躲	3
憾	3
沪	3
缠	3
吞	3
菩	3
棚	3
烯	3
奴	3
猴	3
枢	3
膏	3
攀	3
侣	3
梗	3
斥	3
叛	3
舆	3
钮	3
盼	3
锈	3
匠	3
鹅	3
旱	3
衷	3
卑	3
兑	3
爵	3
匙	3
渊	3
蓬	3
饿	3
卸	3
喉	3
杏	3
翅	3
瑰	3
歧	3
樱	3
痴	3
膝	3
趁	3
蕾	3
钓	3
橡	3
秉	3
玫	3
厕	3
恭	3
粹	3
颠	3
媳	3
罕	3
挽	3
擎	3
僵	3
雇	3
盯	3
弊	3
绣	3
膨	3
沧	3
乖	3
矫	3
绒	3
腌	3
痘	3
谅	3
慨	3
冶	3
杉	3
懈	3
蔽	3
刹	3
顽	3
驳	3
屠	3
缅	3
祈	3
滥	3
湛	3
刃	3
焯	3
姥	3
嘲	3
垒	3
潇	3
涡	3
舅	3
漳	3
倦	3
讽	3
嘿	3
洽	3
蝎	3
琐	3
磅	3
乒	3
仑	3
膳	3
佣	3
绸	3
挚	3
辜	3
贮	3
竣	3
剔	3
霆	3
肇	3
癜	3
祷	3
嘻	3
菠	3
侈	3
秤	3
榄	3
坞	3
淇	3
橄	3
羯	3
乓	3
迄	3
寥	3
瞩	3
椭	3
芡	3
璋	3
間	3
兢	3
毋	3
咐	3
設	3
計	3
結	3
関	3
売	3
価	3
査	3
販	3
験	3
\	2
X	2
虎	2
剑	2
坛	2
撑	2
凤	2
凯	2
溪	2
渠	2
郭	2
亩	2
曰	2
闹	2
秒	2
浅	2
函	2
呀	2
吹	2
弄	2
娜	2
姻	2
芯	2
燕	2
玻	2
臣	2
玛	2
魏	2
渡	2
丈	2
熊	2
苹	2
壤	2
炮	2
韵	2
岭	2
庙	2
赤	2
卧	2
酶	2
桑	2
邪	2
侯	2
斜	2
晒	2
孝	2
霍	2
卢	2
渗	2
仲	2
莉	2
箭	2
蔡	2
骤	2
坑	2
塘	2
棉	2
删	2
柏	2
厘	2
贺	2
嫁	2
砖	2
锡	2
贾	2
耶	2
傅	2
兔	2
侠	2
岳	2
萌	2
弘	2
曝	2
咱	2
祭	2
傲	2
爬	2
冯	2
劝	2
宪	2
鸭	2
蹈	2
苍	2
辰	2
鹿	2
炭	2
嘛	2
妖	2
铝	2
盲	2
惨	2
伐	2
袁	2
帽	2
抹	2
玲	2
渴	2
扑	2
泵	2
袖	2
铭	2
碧	2
焊	2
舟	2
臂	2
彭	2
阁	2
秩	2
窝	2
嫩	2
驰	2
巷	2
淮	2
翔	2
栽	2
夸	2
黏	2
儒	2
翠	2
磷	2
碱	2
晴	2
藤	2
凶	2
扇	2
汪	2
渣	2
娇	2
喂	2
咬	2
丙	2
臭	2
熙	2
漆	2
吓	2
穆	2
姚	2
潘	2
葬	2
弦	2
铸	2
赌	2
敲	2
咽	2
拾	2
遮	2
赁	2
禅	2
辐	2
翰	2
唇	2
凸	2
巩	2
祸	2
坪	2
枯	2
硅	2
窄	2
茅	2
枣	2
劫	2
崩	2
哀	2
枚	2
沫	2
绳	2
巢	2
慌	2
抄	2
菊	2
梳	2
羡	2
潭	2
泻	2
芦	2
怜	2
浑	2
竭	2
蝶	2
狭	2
怖	2
詹	2
拘	2
糟	2
蛮	2
氯	2
薇	2
尬	2
靖	2
胺	2
侨	2
谦	2
蓉	2
凰	2
裹	2
戚	2
辟	2
辱	2
捉	2
骄	2
逛	2
泼	2
斩	2
荆	2
烫	2
尴	2
坤	2
帐	2
崔	2
帖	2
凑	2
捧	2
衫	2
皱	2
缆	2
酯	2
艇	2
羞	2
挫	2
雀	2
喘	2
歇	2
撕	2
痰	2
勿	2
茎	2
桐	2
逾	2
灿	2
摔	2
遣	2
龟	2
翁	2
灶	2
瑜	2
隧	2
甸	2
扁	2
敷	2
坎	2
钩	2
郊	2
冈	2
愚	2
谣	2
笋	2
仗	2
咪	2
塌	2
碌	2
钠	2
墅	2
卦	2
峻	2
坠	2
晃	2
勉	2
禽	2
澄	2
酮	2
窃	2
绎	2
汰	2
昔	2
烹	2
帧	2
橙	2
棵	2
國	2
崖	2
厢	2
疮	2
伽	2
肆	2
珊	2
轿	2
钥	2
妄	2
褐	2
屑	2
屁	2
耍	2
杠	2
拦	2
垄	2
谜	2
枕	2
麟	2
痒	2
肛	2
帘	2
澜	2
卒	2
骚	2
炫	2
澡	2
莹	2
奸	2
贩	2
凹	2
亨	2
铅	2
谎	2
宵	2
啤	2
硝	2
锂	2
闺	2
颤	2
栖	2
粪	2
嗽	2
橘	2
勋	2
饺	2
寞	2
虐	2
蒲	2
芹	2
焰	2
棕	2
冀	2
苔	2
萎	2
迭	2
闽	2
畴	2
媚	2
蜡	2
妊	2
咒	2
蔓	2
梭	2
镀	2
脖	2
個	2
襄	2
熏	2
仕	2
掀	2
芙	2
甫	2
吁	2
诠	2
牡	2
娠	2
腕	2
糯	2
敞	2
槛	2
寝	2
丫	2
呕	2
撼	2
睁	2
蚁	2
蹄	2
灸	2
舶	2
荧	2
莓	2
醛	2
蠢	2
矢	2
雌	2
诀	2
挪	2
沐	2
柠	2
敛	2
畸	2
鞭	2
赣	2
哎	2
巅	2
汛	2
绽	2
饥	2
栅	2
靶	2
贬	2
缀	2
檬	2
顷	2
鸦	2
昧	2
黛	2
叮	2
沂	2
彤	2
孵	2
泣	2
渍	2
缚	2
趟	2
涅	2
稚	2
蔚	2
疡	2
瀑	2
拯	2
惕	2
讶	2
瞻	2
酰	2
祀	2
沦	2
廓	2
卉	2
胚	2
雍	2
袍	2
蕉	2
鸽	2
缔	2
抒	2
宛	2
睹	2
毯	2
沛	2
贿	2
溺	2
蝴	2
糙	2
丞	2
杞	2
佬	2
萃	2
锥	2
躯	2
哺	2
傍	2
焚	2
窟	2
弈	2
榴	2
颅	2
侃	2
匿	2
瞒	2
榆	2
栈	2
绞	2
妒	2
迦	2
韭	2
睐	2
汕	2
屿	2
烛	2
癫	2
耽	2
蘑	2
喇	2
芭	2
乞	2
坟	2
涤	2
摧	2
胱	2
棠	2
噬	2
淹	2
皂	2
蚊	2
邢	2
後	2
蛛	2
聆	2
帜	2
澎	2
掺	2
紊	2
驿	2
夯	2
袜	2
荔	2
們	2
蛙	2
狸	2
鞍	2
溉	2
孢	2
惫	2
掠	2
恳	2
哮	2
蚂	2
嫉	2
凋	2
筷	2
逮	2
芜	2
囚	2
诡	2
觅	2
痹	2
枸	2
稣	2
悍	2
飙	2
葫	2
堕	2
赎	2
喧	2
汲	2
腑	2
幂	2
呐	2
驼	2
嚣	2
昼	2
遏	2
饪	2
澈	2
嗓	2
臀	2
亥	2
嚼	2
镶	2
犀	2
倘	2
暇	2
梧	2
骁	2
砺	2
琢	2
潍	2
崭	2
靡	2
苛	2
篷	2
淄	2
骆	2
現	2
拭	2
疤	2
娥	2
帷	2
麒	2
禧	2
俘	2
耦	2
彝	2
恍	2
筝	2
泸	2
瞄	2
阱	2
碾	2
湃	2
秆	2
娩	2
绚	2
煸	2
翡	2
盎	2
弛	2
鄙	2
簧	2
懿	2
粽	2
渲	2
叭	2
酪	2
睦	2
僚	2
捆	2
噩	2
朽	2
橱	2
抉	2
玺	2
瑕	2
烁	2
颊	2
毗	2
矶	2
洱	2
茉	2
驭	2
苓	2
渤	2
疱	2
譬	2
肴	2
诫	2
痔	2
眩	2
膊	2
绅	2
髦	2
嗅	2
霾	2
铬	2
珀	2
鲤	2
镑	2
琉	2
盔	2
胳	2
谍	2
汶	2
拇	2
瘫	2
蜘	2
邯	2
秸	2
機	2
砥	2
豌	2
逍	2
曙	2
睫	2
蚝	2
晗	2
馒	2
汹	2
疚	2
葩	2
蔗	2
暧	2
侮	2
惰	2
匮	2
電	2
淌	2
亟	2
焙	2
挛	2
狩	2
徊	2
郸	2
纂	2
蜕	2
糜	2
徘	2
殴	2
轼	2
惬	2
蜗	2
憬	2
缤	2
憧	2
柬	2
蠕	2
坷	2
朦	2
癣	2
脯	2
咀	2
胧	2
痉	2
沌	2
绯	2
羟	2
炬	2
婿	2
阈	2
姊	2
虔	2
徙	2
馏	2
睾	2
窒	2
逅	2
璨	2
邂	2
沮	2
谴	2
稼	2
淆	2
捍	2
瑚	2
慷	2
珑	2
莆	2
鹃	2
璀	2
衅	2
虏	2
疵	2
耘	2
務	2
茯	2
阪	2
陛	2
踊	2
辗	2
痊	2
帼	2
東	2
氓	2
婪	2
粱	2
蝠	2
狙	2
豉	2
遴	2
槃	2
瘙	2
螃	2
楂	2
門	2
潢	2
丐	2
侥	2
鲫	2
忏	2
禺	2
蔷	2
龈	2
浒	2
鱿	2
蝙	2
缮	2
诅	2
題	2
邃	2
琶	2
鸳	2
谧	2
術	2
摒	2
問	2
菏	2
報	2
跻	2
猕	2
俨	2
咙	2
鸯	2
酝	2
見	2
惚	2
莅	2
琥	2
祉	2
嫦	2
毂	2
琵	2
記	2
疸	2
吩	2
疙	2
袱	2
雳	2
斓	2
霹	2
認	2
瘩	2
蜒	2
蜿	2
話	2
Q	2
気	2
実	2
円	2
様	2
変	2
楽	2
約	2
買	2
応	2
経	2
調	2
製	2
確	2
連	2
語	2
際	2
費	2
収	2
効	2
説	2
単	2
紹	2
購	2
療	2
細	2
態	2
専	2
証	2
換	2
葉	2
録	2
談	2
評	2
積	2
納	2
係	2
財	2
険	2
環	2
詳	2
塗	2
簡	2
況	2
較	2
舗	2
徴	2
緒	2
V	1
[	1
#	1
—	1
{	1
哦	1
贤	1
荒	1
狼	1
骂	1
吊	1
亭	1
萧	1
醋	1
鹏	1
蛇	1
涛	1
帕	1
栋	1
霞	1
丑	1
琳	1
暨	1
咸	1
钙	1
鼎	1
霜	1
兹	1
氢	1
韦	1
愁	1
摊	1
戈	1
柯	1
罐	1
坝	1
轩	1
筒	1
佐	1
遂	1
昭	1
梨	1
鹤	1
鹰	1
僧	1
桩	1
兆	1
犬	1
苑	1
氮	1
帆	1
斌	1
粥	1
郡	1
鑫	1
贼	1
缸	1
苯	1
怡	1
瑟	1
卿	1
踩	1
婷	1
刮	1
闯	1
茨	1
矣	1
扔	1
琼	1
旭	1
於	1
赐	1
壶	1
萍	1
惹	1
勺	1
谭	1
钉	1
舱	1
薛	1
瑶	1
學	1
夷	1
窑	1
丨	1
踢	1
扯	1
侍	1
會	1
贞	1
惟	1
裸	1
為	1
溜	1
枫	1
兮	1
屡	1
琪	1
殷	1
炖	1
汝	1
彦	1
蜀	1
熔	1
婉	1
伞	1
磊	1
爹	1
砍	1
屯	1
娶	1
馅	1
祛	1
睿	1
颂	1
揉	1
竖	1
尹	1
寡	1
砸	1
涩	1
拐	1
锤	1
穗	1
嗯	1
饶	1
姬	1
捡	1
耻	1
弧	1
邵	1
沾	1
雁	1
艘	1
楠	1
闸	1
钦	1
這	1
焕	1
柄	1
捏	1
吟	1
鲍	1
淑	1
冥	1
锌	1
钾	1
拱	1
娟	1
彬	1
斋	1
崛	1
巫	1
弓	1
堤	1
豹	1
魄	1
禄	1
渝	1
爪	1
岂	1
栗	1
鄂	1
矮	1
纬	1
挨	1
瞧	1
禾	1
來	1
匪	1
咏	1
邱	1
蚕	1
酥	1
揽	1
氟	1
藻	1
鳞	1
邹	1
浊	1
甩	1
佑	1
跪	1
禹	1
骏	1
瘀	1
梵	1
菱	1
逗	1
窦	1
淫	1
俯	1
嫂	1
籽	1
仆	1
與	1
廖	1
裔	1
棍	1
歪	1
琦	1
邑	1
祠	1
瘾	1
兜	1
烷	1
掏	1
笨	1
俞	1
脓	1
咋	1
冤	1
蹲	1
喀	1
甄	1
哄	1
暮	1
淳	1
雯	1
庐	1
焉	1
畔	1
卤	1
棘	1
昊	1
阜	1
祁	1
庚	1
酚	1
孜	1
笛	1
發	1
稽	1
奎	1
哇	1
倩	1
隋	1
吏	1
虞	1
奕	1
耿	1
幢	1
沁	1
俭	1
痫	1
靓	1
晖	1
尧	1
砌	1
瞎	1
厄	1
壹	1
娅	1
哑	1
贱	1
灼	1
樊	1
葵	1
驴	1
腥	1
倪	1
吼	1
霖	1
翘	1
汀	1
對	1
郝	1
怠	1
镁	1
岚	1
梓	1
墩	1
媛	1
苷	1
韶	1
榨	1
恤	1
絮	1
缕	1
哉	1
棱	1
蝉	1
崎	1
肋	1
愣	1
碟	1
厥	1
咯	1
尉	1
釉	1
狄	1
哼	1
旷	1
嗜	1
阮	1
荫	1
哨	1
妍	1
窍	1
靴	1
搓	1
铲	1
堰	1
寅	1
龚	1
锚	1
捣	1
黔	1
坯	1
芋	1
陋	1
稠	1
轧	1
凄	1
倚	1
藩	1
朔	1
渭	1
拢	1
扛	1
眸	1
蹭	1
肘	1
過	1
钧	1
璐	1
楷	1
剁	1
杖	1
眷	1
冉	1
啸	1
經	1
淤	1
聂	1
盏	1
芸	1
戳	1
琅	1
诏	1
挠	1
嘎	1
豁	1
煞	1
窥	1
翩	1
脐	1
魁	1
肽	1
桓	1
叨	1
攒	1
哟	1
呗	1
钛	1
巍	1
俏	1
垦	1
苟	1
裴	1
芥	1
趴	1
撇	1
椰	1
曦	1
煲	1
扒	1
陇	1
搁	1
茜	1
伺	1
牟	1
蹦	1
唉	1
垢	1
钝	1
瞳	1
锯	1
寇	1
磕	1
霄	1
茵	1
檐	1
簿	1
凳	1
沼	1
钞	1
俺	1
阎	1
戊	1
皓	1
斧	1
骼	1
撩	1
藉	1
藕	1
咕	1
昕	1
晾	1
炳	1
彪	1
瞪	1
哗	1
歼	1
麓	1
呜	1
懵	1
亢	1
體	1
斐	1
拂	1
碘	1
耸	1
嘟	1
簇	1
凿	1
酌	1
揣	1
劈	1
岐	1
羁	1
唑	1
陡	1
臻	1
跋	1
讳	1
槐	1
焖	1
戎	1
舜	1
梢	1
蕊	1
滇	1
洼	1
長	1
屎	1
棺	1
書	1
聋	1
笃	1
憋	1
滕	1
渺	1
庵	1
鲸	1
炙	1
瀚	1
瘟	1
圭	1
侄	1
桔	1
熄	1
颐	1
說	1
啪	1
實	1
秧	1
仄	1
竿	1
粟	1
晏	1
汾	1
垮	1
雏	1
绊	1
滔	1
绷	1
捂	1
檀	1
僻	1
庇	1
妞	1
荟	1
怯	1
庶	1
埠	1
嫣	1
缪	1
關	1
嗨	1
颌	1
皖	1
绥	1
峪	1
躬	1
拙	1
哩	1
當	1
咧	1
烃	1
窜	1
悼	1
娄	1
樟	1
谛	1
柚	1
漱	1
篆	1
蝇	1
秃	1
區	1
嘘	1
濒	1
掷	1
枉	1
乍	1
绮	1
褪	1
锣	1
莽	1
萱	1
闵	1
诛	1
趾	1
卯	1
岔	1
冕	1
拽	1
祺	1
嵩	1
璧	1
烙	1
將	1
笙	1
垣	1
闫	1
鞠	1
茹	1
硒	1
峨	1
豚	1
進	1
赘	1
礁	1
蒿	1
镍	1
涕	1
喵	1
拣	1
妾	1
泾	1
眨	1
柑	1
眶	1
腋	1
恺	1
內	1
喃	1
绰	1
哒	1
翟	1
瑾	1
踝	1
鲨	1
钰	1
恕	1
羲	1
涝	1
犁	1
嬉	1
佼	1
羌	1
嗣	1
褶	1
铂	1
歹	1
扳	1
拧	1
禀	1
掐	1
眯	1
羹	1
钳	1
點	1
憨	1
咚	1
菁	1
資	1
茸	1
韬	1
驯	1
锰	1
啃	1
莺	1
宸	1
墟	1
榕	1
穹	1
镖	1
惶	1
窖	1
苞	1
襟	1
喔	1
玮	1
溅	1
娴	1
栩	1
磺	1
啼	1
裳	1
谬	1
唾	1
鞘	1
猩	1
坂	1
酉	1
饵	1
剿	1
泗	1
還	1
員	1
晦	1
擒	1
鹊	1
纶	1
壬	1
茬	1
慑	1
寐	1
匡	1
茗	1
應	1
厮	1
恪	1
唠	1
辙	1
炽	1
恬	1
悸	1
酋	1
戌	1
孽	1
芍	1
蛾	1
蚌	1
妓	1
熠	1
颓	1
缉	1
诣	1
猿	1
蛤	1
冗	1
钵	1
怼	1
瞿	1
從	1
眺	1
陨	1
拎	1
挟	1
猝	1
凛	1
苇	1
扼	1
茧	1
姗	1
剃	1
涧	1
癸	1
黯	1
種	1
巳	1
砚	1
腱	1
掰	1
蘸	1
岑	1
數	1
摹	1
阙	1
噢	1
揪	1
芷	1
睑	1
沒	1
漾	1
師	1
舔	1
峭	1
芪	1
峥	1
毙	1
論	1
阑	1
炜	1
烨	1
谏	1
佟	1
拷	1
悖	1
秽	1
嚷	1
窘	1
晟	1
沽	1
桦	1
衢	1
憩	1
刁	1
辊	1
蔑	1
札	1
殡	1
髋	1
璇	1
敖	1
汐	1
荀	1
磋	1
榻	1
醚	1
衙	1
荠	1
昱	1
楞	1
懦	1
槟	1
宦	1
俐	1
薰	1
曳	1
並	1
靳	1
鹭	1
峙	1
伶	1
婶	1
鸥	1
狡	1
產	1
夭	1
祂	1
釜	1
扉	1
圩	1
孰	1
搂	1
膛	1
岱	1
傳	1
瘘	1
晤	1
褒	1
鳄	1
涟	1
擀	1
萤	1
憎	1
囤	1
缭	1
兀	1
孚	1
谚	1
匾	1
椿	1
町	1
赦	1
網	1
铮	1
刨	1
铵	1
車	1
殆	1
鳌	1
篱	1
珂	1
辄	1
悯	1
叩	1
钗	1
瞰	1
隘	1
啰	1
荼	1
爲	1
吝	1
昙	1
玖	1
痪	1
屹	1
腮	1
祯	1
婧	1
砾	1
倔	1
朕	1
玥	1
吡	1
樣	1
哆	1
潼	1
遁	1
唔	1
嘶	1
噜	1
宕	1
戮	1
樂	1
皋	1
圃	1
烽	1
鳍	1
桨	1
麽	1
煜	1
屉	1
诃	1
濮	1
惭	1
莘	1
嫡	1
骇	1
喽	1
辫	1
麼	1
奚	1
讓	1
辍	1
隅	1
葆	1
愛	1
兩	1
抠	1
灣	1
舵	1
悚	1
運	1
薏	1
蛊	1
娓	1
爻	1
篡	1
癖	1
铣	1
冢	1
芮	1
熹	1
戟	1
炊	1
霓	1
蕃	1
螨	1
琛	1
吱	1
嗦	1
圖	1
疣	1
疝	1
煽	1
鸠	1
創	1
遐	1
氰	1
呦	1
廿	1
铠	1
咎	1
袅	1
忱	1
谕	1
俪	1
撮	1
痿	1
稷	1
攘	1
怅	1
濡	1
淬	1
赃	1
痣	1
馋	1
筱	1
胤	1
楔	1
铎	1
觀	1
戛	1
筐	1
號	1
觑	1
忻	1
啶	1
辕	1
汞	1
叽	1
怂	1
硼	1
毓	1
溴	1
惮	1
別	1
棣	1
诲	1
選	1
華	1
氣	1
痞	1
谤	1
烊	1
漪	1
轶	1
專	1
瑛	1
殇	1
煦	1
螂	1
痢	1
邸	1
擂	1
绛	1
統	1
寰	1
骸	1
挝	1
貂	1
峦	1
褚	1
吒	1
驹	1
馀	1
粑	1
诧	1
蕨	1
處	1
瞥	1
磐	1
帛	1
茴	1
淼	1
酣	1
撬	1
義	1
皿	1
赂	1
俑	1
钊	1
迥	1
匣	1
馍	1
皙	1
丕	1
萬	1
佰	1
揍	1
蹬	1
赡	1
呛	1
坍	1
荚	1
撸	1
嗡	1
萦	1
則	1
泓	1
浚	1
捅	1
迸	1
礴	1
侗	1
殉	1
谥	1
祐	1
栀	1
箔	1
潺	1
跤	1
昵	1
枭	1
箍	1
鹦	1
風	1
锵	1
斟	1
媲	1
視	1
荤	1
漩	1
瑙	1
惦	1
绢	1
瓢	1
惋	1
彷	1
荞	1
胫	1
渎	1
掖	1
覃	1
斛	1
崽	1
羚	1
鳝	1
钨	1
哔	1
镂	1
裘	1
萼	1
璞	1
導	1
變	1
嘀	1
喱	1
噶	1
蔻	1
曜	1
嬛	1
瘢	1
咔	1
啧	1
熵	1
瞅	1
逞	1
筠	1
粕	1
懊	1
溥	1
骋	1
涓	1
拮	1
節	1
怔	1
胥	1
笠	1
臧	1
疟	1
楹	1
蛟	1
镰	1
涎	1
産	1
続	1
込	1
質	1
県	1
組	1
強	1
職	1
違	1
決	1
読	1
転	1
広	1
線	1
島	1
適	1
戦	1
検	1
備	1
額	1
載	1
護	1
値	1
営	1
聞	1
類	1
終	1
規	1
薬	1
増	1
済	1
試	1
伝	1
観	1
議	1
達	1
優	1
駅	1
難	1
軽	1
張	1
働	1
識	1
願	1
園	1
頂	1
頭	1
構	1
剤	1
習	1
異	1
覧	1
準	1
勝	1
毎	1
給	1
頼	1
歩	1
週	1
歳	1
離	1
乗	1
親	1
満	1
悪	1
団	1
側	1
岡	1
負	1
払	1
帯	1
館	1
飲	1
減	1
級	1
総	1
図	1
処	1
囲	1
編	1
覚	1
両	1
庫	1
補	1
戸	1
熱	1
賞	1
築	1
顔	1
豊	1
銀	1
響	1
雑	1
焼	1
協	1
黒	1
宮	1
講	1
紙	1
Z	1
圧	1
馬	1
権	1
極	1
頃	1
標	1
労	1
択	1
階	1
抜	1
絶	1
児	1
課	1
辺	1
帰	1
沢	1
興	1
復	1
複	1
審	1
訳	1
災	1
項	1
誰	1
掛	1
聴	1
請	1
ẩ	1
養	1
診	1
順	1
鉄	1
絡	1
齢	1
遊	1
掲	1
従	1
訪	1
撃	1
ỗ	1
飛	1
	1
貨	1
歯	1
討	1
