的	1958
 	1428
年	617
一	565
1	565
0	539
人	477
在	445
2	434
是	429
不	429
有	402
了	380
和	351
大	337
中	321
月	289
我	284
国	245
会	238
9	230
第	222
为	219
上	219
日	217
以	214
行	201
出	196
法	193
你	192
地	191
他	190
:	187
下	174
生	173
部	171
用	169
分	169
斯	167
可	165
家	164
公	164
之	162
子	162
要	161
这	161
多	160
定	156
到	154
个	154
成	152
3	146
所	145
方	144
发	143
文	143
作	142
名	138
事	136
于	135
主	133
其	128
合	128
特	128
5	125
道	122
面	122
利	121
6	120
得	119
性	119
8	119
e	118
来	118
自	118
為	118
尔	118
时	116
对	114
民	113
政	112
里	112
力	112
（	112
》	112
加	111
同	110
7	110
4	110
能	109
就	109
工	109
西	109
新	108
國	108
理	108
们	107
议	107
本	107
也	106
格	106
小	105
高	105
-	105
南	104
克	104
字	103
天	103
《	103
动	102
三	101
十	101
后	99
通	99
体	99
被	98
二	98
：	98
好	97
意	97
音	96
代	96
化	95
长	95
全	94
美	94
物	93
拉	93
任	92
表	91
外	91
学	90
北	90
安	90
位	90
而	89
入	89
期	89
明	88
前	87
德	87
提	86
平	86
心	86
基	86
）	85
a	85
者	84
正	84
进	83
重	83
机	83
次	83
员	82
过	82
金	82
t	82
i	81
海	81
说	81
o	81
水	80
·	80
关	79
开	79
经	79
相	79
制	78
會	78
比	78
口	78
最	77
度	77
山	77
此	76
立	76
士	76
r	76
保	75
教	74
村	74
都	73
建	73
於	73
女	73
内	73
约	73
手	73
n	73
如	72
目	72
世	72
原	72
去	71
個	71
看	71
科	71
“	71
区	70
亚	70
并	69
時	69
起	69
路	69
知	69
等	68
程	68
報	68
使	67
现	67
情	67
常	67
与	66
实	66
数	66
解	66
交	66
爾	66
展	65
将	65
信	65
报	65
元	65
那	64
「	64
市	63
权	63
巴	63
尼	63
各	62
务	62
l	62
因	61
业	61
应	61
么	61
形	61
州	61
語	61
由	60
至	60
這	60
还	60
管	60
语	60
體	60
台	59
件	59
量	59
院	59
布	59
组	58
很	58
决	58
取	58
言	58
注	58
p	58
s	58
來	57
式	57
当	57
學	57
社	57
向	57
告	57
该	57
电	57
条	57
战	57
没	56
案	56
回	56
点	56
四	56
英	56
太	56
车	56
联	55
委	55
想	55
书	55
/	55
及	54
间	54
先	54
治	54
产	54
首	54
些	53
然	53
种	53
指	53
果	52
助	52
资	52
做	52
军	52
无	52
商	52
已	51
官	51
流	51
但	50
後	50
共	50
受	50
府	50
接	50
身	50
發	50
m	50
标	49
球	49
少	49
城	49
示	49
長	49
司	48
支	48
什	48
列	48
只	47
别	47
打	47
米	47
老	47
東	47
數	47
系	46
问	46
马	46
直	46
号	46
器	46
電	46
g	46
持	45
计	45
处	45
色	45
东	45
放	45
區	45
着	45
白	45
動	45
省	45
；	45
项	44
界	44
影	44
反	44
命	44
星	44
非	43
更	43
收	43
总	43
运	43
族	43
活	42
何	42
样	42
真	42
清	42
林	42
光	42
百	42
或	41
王	41
两	41
查	41
始	41
结	41
调	41
未	41
說	41
强	41
选	41
源	41
病	41
局	41
亞	41
题	40
它	40
际	40
改	40
五	40
阿	40
门	40
场	40
感	40
車	40
效	40
线	40
维	40
失	40
」	40
u	40
设	39
品	39
准	39
集	39
夫	39
变	39
d	38
們	38
聯	38
服	38
必	38
型	38
機	38
罗	38
普	38
率	38
规	37
需	37
空	37
著	37
达	37
级	37
卡	37
演	37
防	37
江	37
转	37
]	37
她	36
统	36
對	36
完	36
见	36
馬	36
武	36
洲	36
队	36
古	36
致	36
款	36
？	36
[	36
港	35
供	35
把	35
軍	35
開	35
儿	35
单	35
研	35
专	35
复	35
”	35
包	34
据	34
又	34
話	34
除	34
段	34
领	34
算	34
近	34
容	34
料	34
現	34
史	34
称	34
律	34
住	34
引	34
周	34
塞	34
认	33
今	33
每	33
死	33
构	33
类	33
存	33
导	33
境	33
片	33
兰	33
見	33
求	32
再	32
义	32
协	32
给	32
當	32
参	32
客	32
护	32
万	32
戰	32
f	32
造	31
记	31
神	31
域	31
河	31
气	31
头	31
密	31
害	31
察	31
典	31
詞	31
香	30
团	30
则	30
论	30
增	30
進	30
經	30
拼	30
六	30
视	30
切	30
消	30
像	30
传	30
居	30
节	30
精	30
吉	30
過	29
即	29
技	29
术	29
步	29
土	29
往	29
网	29
石	29
止	29
走	29
预	29
稱	29
千	29
實	29
观	29
哥	29
根	28
确	28
站	28
便	28
內	28
易	28
校	28
間	28
例	28
证	28
派	28
推	28
执	28
越	28
望	28
装	28
火	28
角	28
风	28
爱	28
落	28
警	28
友	28
c	28
與	27
具	27
無	27
花	27
員	27
审	27
照	27
羅	27
带	27
备	27
限	27
八	27
福	27
波	27
傳	27
場	27
华	27
深	27
索	27
總	27
词	27
从	26
施	26
织	26
將	26
续	26
考	26
究	26
质	26
足	26
門	26
干	26
章	26
威	26
职	26
简	26
思	26
運	26
怎	26
種	26
半	26
雷	26
哈	26
廣	26
蘭	26
維	26
"	26
己	25
办	25
汉	25
才	25
请	25
營	25
息	25
快	25
朝	25
候	25
兩	25
關	25
整	25
费	25
男	25
图	25
击	25
房	25
線	25
書	25
纳	25
曲	25
极	25
话	24
修	24
划	24
投	24
京	24
济	24
留	24
广	24
师	24
業	24
核	24
游	24
几	24
识	24
副	24
编	24
拿	24
血	24
送	24
托	24
录	24
育	23
置	23
頭	23
希	23
许	23
早	23
排	23
母	23
父	23
宗	23
赛	23
模	23
价	23
控	23
黑	23
积	23
洋	23
救	23
曾	22
采	22
举	22
伊	22
配	22
兵	22
承	22
份	22
属	22
九	22
印	22
县	22
登	22
述	22
條	22
歌	22
附	22
變	22
判	22
航	22
射	22
额	22
並	21
功	21
令	21
食	21
秘	21
宣	21
速	21
离	21
室	21
青	21
环	21
妇	21
象	21
罪	21
伯	21
義	21
移	21
营	21
沙	21
诉	21
免	21
座	21
達	21
塔	21
賽	21
瓦	21
單	21
历	21
議	21
占	21
卫	21
杀	21
剧	21
况	20
席	20
帝	20
計	20
责	20
素	20
該	20
低	20
草	20
童	20
七	20
评	20
犯	20
升	20
勒	20
序	20
盟	20
守	20
攻	20
党	20
應	20
選	20
網	20
洛	20
晚	20
認	20
樣	20
刑	20
類	20
摩	20
卷	20
h	20
'	20
括	19
統	19
让	19
初	19
故	19
获	19
另	19
乐	19
难	19
華	19
俄	19
值	19
较	19
喜	19
隊	19
监	19
縣	19
充	19
景	19
促	19
富	19
約	19
播	19
久	19
热	19
听	19
纪	19
甲	19
养	19
哪	19
午	19
边	18
標	18
班	18
般	18
設	18
群	18
依	18
孩	18
處	18
突	18
吃	18
略	18
念	18
號	18
创	18
博	18
叫	18
争	18
户	18
否	18
街	18
季	18
架	18
產	18
師	18
写	18
抗	18
载	18
領	18
毛	18
远	18
材	18
笑	18
鲁	18
繁	18
范	17
還	17
继	17
均	17
跟	17
试	17
萬	17
點	17
益	17
油	17
降	17
破	17
革	17
减	17
眼	17
微	17
麼	17
牙	17
农	17
众	17
围	17
參	17
阳	17
暴	17
优	17
态	17
层	17
導	17
記	17
漢	17
仅	17
佛	17
延	17
追	17
味	17
A	17
且	16
版	16
資	16
医	16
找	16
适	16
响	16
须	16
庭	16
康	16
亲	16
连	16
待	16
批	16
奇	16
状	16
志	16
随	16
票	16
停	16
毒	16
觉	16
差	16
組	16
欧	16
店	16
介	16
似	16
验	16
務	16
恩	16
督	16
严	16
艾	16
假	16
論	16
补	16
端	16
轉	16
黨	16
埃	16
級	16
温	16
陆	15
超	15
按	15
澳	15
担	15
显	15
负	15
援	15
兒	15
声	15
测	15
結	15
右	15
皇	15
別	15
付	15
永	15
氣	15
禁	15
势	15
断	15
兴	15
散	15
聲	15
封	15
奥	15
視	15
祖	15
裁	15
專	15
姆	15
曼	15
压	15
邊	15
圣	15
激	15
伙	15
弹	15
酸	15
吧	14
李	14
策	14
沒	14
仍	14
酒	14
署	14
裡	14
措	14
届	14
坦	14
欢	14
灣	14
含	14
隆	14
森	14
苏	14
船	14
股	14
弟	14
检	14
迪	14
帶	14
夜	14
板	14
圖	14
危	14
呼	14
亡	14
谈	14
缺	14
權	14
短	14
园	14
臺	14
觀	14
陽	14
征	14
強	14
愿	14
拜	14
複	14
疑	14
菲	14
寫	14
徒	14
韻	14
！	14
吗	13
從	13
底	13
混	13
木	13
樂	13
堂	13
习	13
屬	13
帮	13
药	13
双	13
尽	13
独	13
旅	13
風	13
連	13
谢	13
丹	13
婚	13
急	13
玩	13
培	13
订	13
乎	13
題	13
遇	13
舉	13
吸	13
私	13
擊	13
换	13
贸	13
萨	13
紀	13
愛	13
伴	13
興	13
穿	13
奖	13
探	13
職	13
冷	13
耶	13
址	13
烈	13
途	13
借	13
迫	13
钟	13
弗	13
逃	13
構	13
讀	13
辖	13
魯	13
確	13
侧	13
巡	13
y	13
亦	12
際	12
张	12
問	12
曰	12
善	12
左	12
田	12
细	12
湖	12
健	12
退	12
某	12
财	12
终	12
宝	12
缔	12
恐	12
险	12
讨	12
训	12
伤	12
疗	12
團	12
冲	12
束	12
钱	12
估	12
轻	12
背	12
透	12
節	12
決	12
編	12
朋	12
刻	12
幾	12
销	12
避	12
馆	12
货	12
辦	12
堡	12
替	12
製	12
創	12
莱	12
極	12
郎	12
弱	12
劇	12
費	12
宪	12
捷	12
v	12
_	12
I	12
〕	12
則	11
皮	11
申	11
镇	11
甚	11
红	11
满	11
央	11
春	11
择	11
画	11
良	11
坐	11
給	11
答	11
互	11
银	11
买	11
错	11
鎮	11
夏	11
唱	11
读	11
售	11
耳	11
離	11
绝	11
肯	11
朗	11
概	11
庄	11
固	11
染	11
讲	11
症	11
码	11
困	11
黎	11
库	11
顾	11
殺	11
扩	11
爭	11
積	11
雨	11
贝	11
洗	11
麻	11
規	11
幸	11
亮	11
丽	11
礼	11
幕	11
遗	11
炸	11
阴	11
識	11
趣	11
擴	11
監	11
預	11
B	11
H	11
S	11
若	10
張	10
企	10
聞	10
授	10
岛	10
尚	10
龙	10
牌	10
藏	10
予	10
融	10
丁	10
蒙	10
許	10
临	10
莫	10
衣	10
输	10
岁	10
余	10
迎	10
術	10
刚	10
符	10
劳	10
侵	10
據	10
紧	10
園	10
签	10
歷	10
患	10
試	10
招	10
質	10
裝	10
坚	10
備	10
乌	10
慢	10
套	10
聚	10
陸	10
厅	10
捕	10
較	10
阶	10
籍	10
亿	10
簡	10
遠	10
税	10
旗	10
卖	10
阻	10
咨	10
證	10
映	10
贫	10
捐	10
硬	10
糖	10
疫	10
撤	10
測	10
默	10
违	10
賓	10
恶	10
汇	10
舰	10
摄	10
敌	10
b	10
C	10
x	9
努	9
親	9
铁	9
飞	9
眾	9
脑	9
訊	9
冠	9
妈	9
松	9
島	9
云	9
智	9
析	9
逐	9
野	9
聽	9
购	9
操	9
遊	9
痛	9
乡	9
损	9
斗	9
蘇	9
宋	9
雅	9
伦	9
終	9
末	9
靠	9
岸	9
询	9
屋	9
掉	9
植	9
舞	9
释	9
句	9
刺	9
键	9
復	9
館	9
露	9
奧	9
败	9
碼	9
赞	9
冰	9
護	9
項	9
衛	9
暗	9
粉	9
錄	9
宁	9
歐	9
魔	9
毕	9
滋	9
归	9
圍	9
隔	9
描	9
辛	9
殖	9
筹	9
獎	9
k	9
宾	9
驗	9
潮	9
翰	9
俗	9
旋	9
搭	9
轄	9
刊	9
滑	9
缩	9
阵	9
O	9
坡	8
湾	8
啊	8
够	8
氏	8
瑞	8
韓	8
川	8
泰	8
畫	8
诺	8
玉	8
龍	8
戏	8
涉	8
享	8
虑	8
却	8
讓	8
邦	8
牛	8
您	8
隨	8
疾	8
陈	8
艺	8
休	8
楼	8
蛋	8
乘	8
鼓	8
卻	8
爆	8
濟	8
難	8
秀	8
宜	8
寺	8
嘉	8
异	8
拟	8
召	8
鄉	8
骨	8
盛	8
妻	8
灵	8
禮	8
醫	8
顿	8
環	8
抵	8
協	8
赔	8
液	8
役	8
挥	8
遍	8
廷	8
奉	8
敦	8
沿	8
毫	8
驻	8
怕	8
稳	8
笔	8
辑	8
偏	8
準	8
珠	8
泉	8
細	8
餐	8
殿	8
讯	8
顯	8
贵	8
迷	8
藝	8
残	8
薩	8
忙	8
脱	8
折	8
奶	8
敗	8
桑	8
忘	8
租	8
浪	8
币	8
误	8
静	8
荣	8
债	8
瓜	8
幼	8
頓	8
灭	8
毁	8
莉	8
饮	8
忍	8
灾	8
坑	8
夺	8
膜	8
伐	8
罚	8
迁	8
粵	8
討	8
贩	8
览	8
矿	8
檔	8
赖	8
纲	8
湿	8
仇	8
【	8
〉	8
翻	7
請	7
遭	7
獲	7
君	7
唐	7
雄	7
調	7
佳	7
肉	7
鐵	7
障	7
础	7
兄	7
胡	7
聖	7
媒	7
返	7
苦	7
软	7
拔	7
續	7
鱼	7
秋	7
拥	7
尾	7
荷	7
獨	7
枪	7
勤	7
津	7
宫	7
爸	7
掌	7
怪	7
斷	7
責	7
跑	7
銀	7
轮	7
餘	7
炎	7
歧	7
鲜	7
劃	7
震	7
熟	7
奏	7
習	7
謝	7
倫	7
評	7
遣	7
炮	7
勢	7
況	7
態	7
庆	7
竞	7
截	7
釋	7
氧	7
勇	7
輕	7
抱	7
菌	7
祝	7
燃	7
径	7
旺	7
壁	7
诸	7
档	7
饰	7
绩	7
撒	7
檢	7
拆	7
訴	7
談	7
烧	7
範	7
適	7
腐	7
莎	7
U	7
剩	7
辞	7
頻	7
晶	7
诊	7
邻	7
P	7
徙	7
】	7
肖	7
T	7
黄	6
臣	6
紅	6
尤	6
倒	6
拍	6
络	6
姐	6
尊	6
皆	6
飛	6
仁	6
针	6
篇	6
蒂	6
胞	6
歲	6
练	6
框	6
巨	6
胜	6
沃	6
谷	6
频	6
欲	6
坏	6
擔	6
尺	6
負	6
课	6
娘	6
覺	6
唯	6
启	6
访	6
響	6
渡	6
繼	6
彩	6
勝	6
滿	6
厂	6
妹	6
睡	6
麦	6
帕	6
戴	6
献	6
狀	6
戲	6
喝	6
块	6
励	6
综	6
仙	6
汗	6
穆	6
凡	6
異	6
池	6
床	6
乱	6
宇	6
傷	6
旧	6
孫	6
執	6
偿	6
寻	6
烏	6
董	6
彈	6
跨	6
農	6
顶	6
醒	6
箱	6
累	6
採	6
孕	6
陷	6
详	6
吾	6
貴	6
净	6
豆	6
僅	6
闭	6
爵	6
废	6
裂	6
壓	6
肤	6
偶	6
搜	6
弃	6
虚	6
泽	6
葡	6
桃	6
崇	6
吁	6
棒	6
叔	6
伍	6
願	6
昂	6
財	6
缓	6
浦	6
脂	6
谋	6
拘	6
穷	6
鉴	6
胎	6
萄	6
側	6
潜	6
奪	6
尿	6
陣	6
訓	6
險	6
焦	6
押	6
紐	6
伸	6
钢	6
悲	6
叛	6
谓	6
雇	6
昨	6
匹	6
邮	6
迹	6
貌	6
桌	6
碑	6
仓	6
泊	6
慕	6
幣	6
誉	6
軟	6
扰	6
罕	6
尉	6
閩	6
L	6
彙	6
w	6
〔	6
页	5
黃	5
納	5
闻	5
距	5
兼	5
既	5
盘	5
菜	5
挑	5
雲	5
雙	5
绍	5
雖	5
筑	5
姓	5
樓	5
峰	5
泛	5
汽	5
赫	5
恢	5
竹	5
忠	5
顺	5
盖	5
桥	5
杂	5
孔	5
鬼	5
熱	5
树	5
衡	5
韩	5
怀	5
杯	5
秦	5
舍	5
順	5
杰	5
寧	5
遵	5
允	5
橋	5
丰	5
跳	5
竟	5
價	5
丝	5
諸	5
戶	5
俱	5
絕	5
卢	5
拒	5
彼	5
御	5
圈	5
册	5
沉	5
溫	5
狗	5
魚	5
圆	5
诗	5
萊	5
忽	5
霍	5
陵	5
漫	5
慶	5
幅	5
畢	5
載	5
履	5
宿	5
污	5
巧	5
渐	5
爺	5
屏	5
阅	5
芬	5
婦	5
振	5
婆	5
苗	5
宽	5
豪	5
琴	5
覆	5
赤	5
紙	5
艦	5
歡	5
孙	5
庫	5
函	5
乳	5
骤	5
侍	5
換	5
貝	5
珍	5
廉	5
罷	5
尋	5
肥	5
陶	5
乙	5
槍	5
仪	5
粮	5
驱	5
账	5
輯	5
奴	5
循	5
榜	5
储	5
暂	5
镜	5
寨	5
陰	5
戒	5
幹	5
惡	5
遺	5
夠	5
赏	5
冒	5
灰	5
孤	5
練	5
墓	5
牧	5
雜	5
哲	5
隐	5
輸	5
辩	5
填	5
尖	5
聘	5
優	5
荒	5
緊	5
磁	5
幻	5
啟	5
剛	5
悉	5
哭	5
庙	5
削	5
玻	5
徽	5
塑	5
瑟	5
厄	5
锁	5
踪	5
徵	5
脉	5
诚	5
謀	5
購	5
貨	5
欣	5
衰	5
卜	5
薪	5
飾	5
揮	5
梯	5
嫌	5
脏	5
漂	5
簽	5
歉	5
滅	5
递	5
恰	5
喀	5
蘋	5
颁	5
迈	5
贯	5
犹	5
徑	5
缴	5
拨	5
剥	5
腺	5
涯	5
隶	5
绘	5
鄰	5
勃	5
漠	5
競	5
擬	5
詹	5
潭	5
隸	5
圭	5
碧	5
杉	5
脆	5
惑	5
E	5
韵	5
俘	5
遥	5
頒	5
M	5
亥	5
疊	5
潤	5
é	5
摺	5
;	5
呢	4
譯	4
虽	4
梅	4
乃	4
朱	4
谁	4
郡	4
楚	4
雪	4
刘	4
敢	4
寶	4
叶	4
杜	4
梁	4
歸	4
宮	4
昌	4
惠	4
詩	4
仔	4
洞	4
層	4
殊	4
洪	4
侯	4
旨	4
諾	4
織	4
敬	4
零	4
舊	4
娜	4
邀	4
敏	4
甘	4
旁	4
佩	4
厚	4
築	4
绿	4
謂	4
旦	4
藍	4
臨	4
触	4
藥	4
嚴	4
講	4
靈	4
亂	4
玛	4
辆	4
莊	4
剂	4
羽	4
乾	4
窗	4
纽	4
贴	4
贡	4
番	4
插	4
译	4
奈	4
迅	4
孟	4
抓	4
倡	4
麗	4
紫	4
凯	4
榮	4
碍	4
勞	4
腹	4
兹	4
熙	4
握	4
羊	4
廠	4
胁	4
寸	4
仰	4
烟	4
怒	4
肌	4
酷	4
饭	4
廟	4
呀	4
扬	4
袭	4
訪	4
嘴	4
舒	4
遷	4
豐	4
薄	4
搞	4
補	4
裏	4
麥	4
惊	4
錯	4
階	4
茨	4
械	4
晉	4
狱	4
鬥	4
漸	4
顧	4
撞	4
埔	4
缘	4
箭	4
裔	4
懂	4
葬	4
敵	4
儀	4
碎	4
審	4
獻	4
墙	4
慈	4
妙	4
鮮	4
疆	4
辅	4
肝	4
疏	4
胃	4
葛	4
晨	4
赢	4
奔	4
扣	4
赶	4
券	4
銷	4
洁	4
驶	4
雕	4
陪	4
搬	4
润	4
昆	4
玄	4
阁	4
契	4
媽	4
仿	4
醉	4
芝	4
廢	4
忆	4
肠	4
堆	4
飲	4
屯	4
串	4
閣	4
拓	4
惜	4
揭	4
杭	4
損	4
誌	4
溶	4
喬	4
涵	4
蜜	4
锅	4
凝	4
猜	4
艇	4
倾	4
凭	4
撰	4
纷	4
軌	4
谨	4
轴	4
匯	4
歇	4
辱	4
丧	4
獄	4
暫	4
骗	4
欺	4
罰	4
疯	4
惩	4
壤	4
潛	4
赠	4
誓	4
憶	4
廈	4
藉	4
糊	4
覽	4
逊	4
屠	4
災	4
爷	4
锋	4
诞	4
縮	4
矩	4
姊	4
擅	4
D	4
礎	4
卸	4
醇	4
粹	4
椒	4
掘	4
牲	4
泄	4
祈	4
漳	4
悠	4
扁	4
盲	4
颈	4
註	4
淋	4
繪	4
侦	4
氨	4
駁	4
麽	4
峡	4
阐	4
恤	4
菩	4
氛	4
奠	4
溯	4
樞	4
颉	4
膨	4
烷	4
疹	4
膀	4
谎	4
伺	4
〈	4
濠	4
腓	4
=	4
>	4
G	4
R	4
幫	3
怖	3
溪	3
虎	3
墨	3
須	3
遂	3
齊	3
徐	3
吳	3
係	3
貢	3
呈	3
脚	3
倍	3
梦	3
岩	3
戈	3
冬	3
齐	3
坛	3
樹	3
扎	3
嗎	3
哦	3
蓝	3
養	3
淡	3
蓋	3
伏	3
腦	3
廳	3
龄	3
偷	3
減	3
抽	3
鸡	3
浙	3
狂	3
翼	3
屆	3
祭	3
泡	3
刷	3
蔡	3
買	3
汤	3
誰	3
綠	3
昭	3
脸	3
浮	3
添	3
億	3
颜	3
頂	3
惯	3
辭	3
鼻	3
秒	3
纯	3
拖	3
贷	3
沟	3
乔	3
驚	3
泥	3
懷	3
鼠	3
虫	3
稍	3
攝	3
嘛	3
癌	3
粒	3
塘	3
魂	3
寄	3
晋	3
韦	3
逝	3
猶	3
迟	3
圓	3
僧	3
愈	3
傑	3
轨	3
磨	3
恨	3
割	3
枝	3
妮	3
骑	3
澤	3
叙	3
挂	3
扶	3
柯	3
嫩	3
衝	3
賣	3
彻	3
驾	3
柴	3
吹	3
療	3
袋	3
碳	3
趋	3
騎	3
脫	3
腊	3
胶	3
袖	3
烦	3
吐	3
恋	3
耀	3
鳳	3
飯	3
虛	3
宏	3
肺	3
亨	3
柔	3
伟	3
逼	3
碰	3
寿	3
绪	3
劫	3
棄	3
扫	3
霸	3
逮	3
卵	3
聊	3
肿	3
吏	3
賞	3
緣	3
抑	3
額	3
甜	3
併	3
坪	3
卓	3
扮	3
琳	3
週	3
隻	3
恒	3
詔	3
辨	3
屈	3
邪	3
鏡	3
幽	3
袁	3
嫁	3
圳	3
摆	3
錦	3
漏	3
棋	3
淘	3
蒸	3
浓	3
眠	3
艘	3
紹	3
埋	3
胆	3
锦	3
斜	3
涂	3
傅	3
抢	3
忌	3
匈	3
毀	3
璃	3
甸	3
颗	3
夕	3
绕	3
嘗	3
淮	3
賴	3
讼	3
赋	3
訂	3
怨	3
欠	3
妨	3
厘	3
尸	3
逢	3
緒	3
滴	3
螺	3
妖	3
汶	3
泳	3
閉	3
齿	3
湘	3
辣	3
纵	3
栏	3
咸	3
慎	3
顏	3
慮	3
践	3
蜂	3
棕	3
嶺	3
奋	3
瘤	3
撫	3
寓	3
灌	3
彰	3
岗	3
珊	3
滚	3
違	3
募	3
糕	3
蓮	3
煤	3
娃	3
駛	3
溝	3
帐	3
掩	3
丞	3
舌	3
棉	3
盜	3
卑	3
滨	3
臘	3
牵	3
績	3
谱	3
穩	3
痕	3
咱	3
绑	3
蔣	3
崩	3
猎	3
姿	3
囚	3
摊	3
粘	3
絡	3
浴	3
闪	3
雀	3
脊	3
辽	3
酬	3
躲	3
驅	3
扭	3
贏	3
跃	3
忧	3
曆	3
抚	3
鋼	3
悬	3
厦	3
豬	3
妥	3
哉	3
丢	3
冻	3
携	3
蓄	3
泌	3
纠	3
傾	3
株	3
貧	3
蓬	3
憾	3
譜	3
逻	3
郵	3
庇	3
譽	3
戀	3
胀	3
旬	3
閱	3
敘	3
詳	3
厌	3
窮	3
荡	3
篮	3
劣	3
禦	3
硕	3
芒	3
濱	3
伪	3
頁	3
椅	3
紛	3
谅	3
辈	3
呵	3
栗	3
诱	3
繞	3
摧	3
浏	3
厉	3
肪	3
慌	3
罢	3
磷	3
瓷	3
畅	3
僑	3
診	3
遼	3
畜	3
肃	3
滩	3
喉	3
瞧	3
稻	3
钮	3
轰	3
赌	3
脾	3
颠	3
戚	3
羞	3
詢	3
陕	3
舅	3
魁	3
擾	3
妆	3
叠	3
迄	3
竭	3
礙	3
萝	3
赦	3
椎	3
誕	3
勵	3
綜	3
琉	3
攸	3
绳	3
喇	3
艰	3
溃	3
翌	3
蹤	3
枢	3
轟	3
悄	3
驳	3
勉	3
垒	3
丫	3
庞	3
酵	3
瞬	3
籠	3
橡	3
丛	3
兑	3
榴	3
饥	3
煌	3
僚	3
噪	3
凰	3
淀	3
挽	3
僵	3
陌	3
乖	3
侣	3
诈	3
碩	3
悼	3
晤	3
瑚	3
蚀	3
髓	3
瞄	3
陨	3
纂	3
隕	3
邏	3
楷	3
茵	3
祷	3
劾	3
腻	3
橄	3
莞	3
猩	3
匆	3
缉	3
饲	3
磺	3
汐	3
锈	3
坞	3
贛	3
癜	3
葫	3
淇	3
—	3
乒	3
乓	3
j	3
{	3
\	3
陳	2
谚	2
劉	2
茶	2
錢	2
刀	2
矣	2
魏	2
杨	2
盡	2
井	2
乏	2
曹	2
ẩ	2
柏	2
纸	2
寒	2
弄	2
卿	2
仲	2
郭	2
丈	2
孝	2
擁	2
柱	2
姑	2
啦	2
宅	2
灯	2
柳	2
盐	2
燕	2
祥	2
耗	2
鄭	2
芳	2
慧	2
夢	2
桂	2
耐	2
沈	2
逆	2
賢	2
鐘	2
腿	2
横	2
丘	2
胸	2
腳	2
擇	2
瑪	2
熊	2
郑	2
鸟	2
亭	2
姻	2
惟	2
挺	2
鹿	2
駐	2
誤	2
稿	2
鞋	2
暖	2
盾	2
F	2
絲	2
剑	2
链	2
凌	2
垂	2
鳥	2
卒	2
荐	2
瓶	2
粗	2
襲	2
課	2
睛	2
腰	2
挪	2
堅	2
筆	2
彭	2
壞	2
壽	2
凱	2
疼	2
斑	2
翁	2
脈	2
揚	2
猫	2
塊	2
枚	2
姜	2
藤	2
賈	2
輛	2
腔	2
猛	2
隱	2
删	2
纹	2
憲	2
咖	2
爲	2
跌	2
渔	2
辰	2
靖	2
煮	2
宙	2
猪	2
尝	2
雞	2
囊	2
夷	2
斤	2
駕	2
嘿	2
铺	2
浩	2
肾	2
凤	2
奸	2
弘	2
啡	2
臭	2
剪	2
恭	2
燒	2
踏	2
擦	2
韋	2
虐	2
曉	2
佔	2
郊	2
翠	2
盆	2
渠	2
堪	2
豈	2
針	2
趕	2
盗	2
披	2
锡	2
悟	2
汁	2
牢	2
盈	2
儒	2
腾	2
杆	2
钻	2
铜	2
宰	2
哀	2
兆	2
嗯	2
壮	2
擎	2
裕	2
牆	2
輔	2
莲	2
催	2
廊	2
丑	2
夹	2
贺	2
涨	2
凶	2
挖	2
喪	2
淫	2
橘	2
穴	2
肩	2
觸	2
盒	2
稀	2
慰	2
糟	2
逾	2
兽	2
阮	2
弦	2
貿	2
昏	2
斥	2
祀	2
炼	2
岭	2
帽	2
摸	2
稅	2
叉	2
婴	2
摇	2
辉	2
矛	2
肚	2
屿	2
澄	2
朵	2
宴	2
摘	2
縱	2
銅	2
扇	2
衍	2
勾	2
耕	2
吨	2
陀	2
娱	2
捉	2
氯	2
垃	2
喂	2
蟲	2
浸	2
吞	2
贊	2
圾	2
儘	2
梨	2
純	2
悔	2
苹	2
昔	2
郁	2
冊	2
拾	2
弓	2
闲	2
偉	2
弥	2
秩	2
冈	2
臂	2
隧	2
盃	2
遲	2
愚	2
烤	2
邓	2
娶	2
畔	2
帖	2
柬	2
贈	2
酌	2
傻	2
閒	2
緩	2
狐	2
纤	2
赚	2
苑	2
豫	2
巢	2
虹	2
旱	2
翔	2
壇	2
鍵	2
宛	2
聪	2
仕	2
帅	2
屁	2
劲	2
吓	2
帥	2
恆	2
硫	2
抬	2
祿	2
倉	2
吻	2
掛	2
肢	2
巫	2
陛	2
鎖	2
筋	2
巾	2
漆	2
擺	2
冯	2
缅	2
磋	2
庶	2
蒋	2
兔	2
儲	2
尘	2
喻	2
雍	2
襄	2
齡	2
憑	2
鋒	2
抹	2
峽	2
齒	2
猴	2
淨	2
罩	2
氟	2
麟	2
炉	2
辟	2
滥	2
疲	2
牽	2
卧	2
堵	2
噢	2
匙	2
遞	2
衙	2
傲	2
弯	2
籌	2
胖	2
桶	2
糧	2
燥	2
饼	2
蹈	2
茅	2
勋	2
欽	2
雌	2
匀	2
狮	2
搖	2
寂	2
闹	2
渴	2
隋	2
挡	2
繫	2
－	2
咳	2
焚	2
賦	2
泪	2
掠	2
牠	2
妓	2
蔬	2
抛	2
惨	2
饿	2
愉	2
撑	2
铭	2
冤	2
蕾	2
桓	2
髮	2
鬧	2
瑜	2
懼	2
炭	2
肅	2
茄	2
膠	2
斬	2
屍	2
仗	2
裤	2
煩	2
汰	2
迴	2
貓	2
伽	2
咽	2
厨	2
砖	2
宠	2
俩	2
酱	2
衔	2
徹	2
芯	2
勘	2
咒	2
唇	2
菊	2
斐	2
暑	2
惧	2
姨	2
拯	2
巩	2
碱	2
辯	2
黛	2
窄	2
晒	2
懸	2
阔	2
鄂	2
贪	2
陝	2
谐	2
脅	2
薦	2
濃	2
蝶	2
饱	2
魅	2
託	2
豁	2
阪	2
鲍	2
枕	2
辐	2
珀	2
晰	2
爹	2
咐	2
挤	2
肆	2
唤	2
膝	2
夸	2
掃	2
蒜	2
蠢	2
吵	2
潔	2
骚	2
肇	2
趨	2
谴	2
嗨	2
粤	2
蚊	2
拌	2
娛	2
跪	2
慣	2
葱	2
滤	2
杏	2
啤	2
帆	2
妄	2
匠	2
佑	2
祸	2
厥	2
焊	2
栽	2
攜	2
礁	2
籃	2
躍	2
讚	2
翅	2
悦	2
笨	2
隙	2
蔽	2
勳	2
戌	2
芙	2
酋	2
奮	2
爪	2
峻	2
黏	2
匿	2
锐	2
獅	2
哇	2
裙	2
聰	2
棘	2
曝	2
裹	2
稽	2
荊	2
滾	2
麵	2
瓣	2
愤	2
铃	2
倘	2
銜	2
佣	2
吩	2
札	2
褐	2
锻	2
琼	2
芭	2
灘	2
蕃	2
辜	2
偵	2
瑰	2
钩	2
铸	2
塌	2
亏	2
栖	2
乍	2
晕	2
痴	2
緬	2
衫	2
怜	2
泣	2
嚇	2
夥	2
耍	2
簿	2
棲	2
噶	2
钥	2
嶼	2
挫	2
玫	2
毗	2
頃	2
沫	2
鬆	2
冕	2
捞	2
焰	2
償	2
渗	2
牺	2
稣	2
剖	2
屎	2
熬	2
舶	2
烯	2
慨	2
蛮	2
躺	2
債	2
蛛	2
橙	2
谊	2
闽	2
憐	2
綫	2
籲	2
厢	2
廂	2
嵌	2
钓	2
烹	2
蔓	2
搅	2
侄	2
厭	2
侨	2
喘	2
霉	2
狭	2
砸	2
禧	2
跋	2
熔	2
仑	2
茎	2
睹	2
嘎	2
蛙	2
矶	2
傍	2
纺	2
臟	2
馨	2
枣	2
匡	2
媳	2
冶	2
奢	2
彪	2
憤	2
哺	2
痒	2
婿	2
販	2
蓉	2
菇	2
澎	2
鞍	2
皂	2
嗽	2
樱	2
阀	2
蘆	2
宦	2
嬰	2
卦	2
硝	2
蕉	2
説	2
恼	2
澡	2
甄	2
梭	2
煽	2
泻	2
臀	2
棺	2
菱	2
芦	2
捍	2
鸦	2
鳍	2
汕	2
莽	2
逗	2
蜘	2
牡	2
馈	2
瘋	2
璋	2
咀	2
稚	2
沼	2
貸	2
堕	2
蹟	2
諮	2
缆	2
佢	2
哎	2
呎	2
崙	2
纖	2
嘲	2
挣	2
妒	2
豚	2
挹	2
癡	2
樑	2
棠	2
瀑	2
竣	2
厕	2
誼	2
邸	2
墅	2
輿	2
綁	2
讽	2
簧	2
骄	2
磯	2
廓	2
拦	2
潰	2
訟	2
顷	2
侮	2
瞭	2
蝠	2
膳	2
飓	2
肛	2
栓	2
坟	2
舆	2
膚	2
睦	2
掀	2
萎	2
狸	2
狩	2
镑	2
疮	2
廚	2
賠	2
胤	2
趟	2
懲	2
赁	2
蚁	2
遏	2
踐	2
枉	2
衬	2
穌	2
贿	2
荃	2
檬	2
鴉	2
颱	2
腫	2
刹	2
挝	2
輻	2
娩	2
妊	2
撐	2
溉	2
懈	2
酪	2
胚	2
戮	2
腥	2
塢	2
蘿	2
涡	2
沐	2
譬	2
螢	2
筛	2
荔	2
刪	2
胰	2
脖	2
с	2
虜	2
疟	2
畴	2
榄	2
『	2
毯	2
崛	2
拇	2
蝴	2
谍	2
峪	2
醛	2
蝙	2
盯	2
稷	2
寞	2
狙	2
呕	2
裳	2
沮	2
阱	2
娠	2
泼	2
慷	2
禱	2
铲	2
惕	2
莓	2
噬	2
邯	2
釐	2
羁	2
籤	2
淆	2
嫉	2
杞	2
彗	2
紮	2
骼	2
罹	2
諷	2
琵	2
翡	2
柠	2
脹	2
颶	2
撼	2
侈	2
碌	2
虏	2
糙	2
垄	2
啸	2
畸	2
疤	2
瞒	2
譴	2
尬	2
祉	2
逍	2
渥	2
瘟	2
麒	2
矫	2
糯	2
叭	2
犧	2
釣	2
斡	2
霆	2
闢	2
孢	2
讶	2
渤	2
炬	2
抒	2
弛	2
殴	2
哮	2
鑼	2
轿	2
卉	2
隍	2
绸	2
瀏	2
禎	2
瀋	2
疡	2
帜	2
羡	2
孵	2
挠	2
祯	2
傢	2
廁	2
胱	2
檳	2
訝	2
紡	2
槟	2
紊	2
疱	2
幌	2
諜	2
曙	2
鎊	2
绎	2
琶	2
尴	2
蘑	2
痔	2
闆	2
膊	2
欖	2
鬟	2
缚	2
蜒	2
涤	2
诅	2
诠	2
筷	2
徊	2
儡	2
蜿	2
蚂	2
揽	2
徘	2
氓	2
蔔	2
槛	2
禺	2
枸	2
粽	2
鹦	2
赂	2
韭	2
渲	2
茉	2
鴛	2
饪	2
傀	2
幟	2
笵	2
琥	2
胳	2
鹉	2
酗	2
鸚	2
郸	2
咙	2
X	2
鴦	2
瘙	2
鵡	2
炀	2
楊	1
ỗ	1
葉	1
吴	1
輪	1
佐	1
趙	1
赴	1
赵	1
盤	1
蛇	1
盧	1
茲	1
潘	1
俊	1
靜	1
寬	1
賊	1
橫	1
汝	1
燈	1
狼	1
拳	1
崔	1
坊	1
凉	1
舟	1
%	1
涅	1
焉	1
湯	1
劍	1
狄	1
犬	1
賜	1
妃	1
茂	1
誠	1
坎	1
岳	1
眉	1
喷	1
町	1
煙	1
呂	1
贾	1
丙	1
炒	1
晓	1
酶	1
丸	1
勿	1
嗣	1
殘	1
錫	1
薛	1
喊	1
鼎	1
藩	1
賀	1
劑	1
砂	1
吊	1
吕	1
跡	1
鹽	1
臉	1
勸	1
呆	1
憂	1
爽	1
贤	1
姚	1
汪	1
甫	1
姬	1
蕭	1
烂	1
浅	1
畏	1
崎	1
霞	1
殷	1
蜀	1
邑	1
祠	1
碗	1
鄧	1
尹	1
帳	1
軸	1
巷	1
爬	1
岡	1
萧	1
壳	1
遮	1
霜	1
礦	1
朴	1
崖	1
逸	1
馮	1
趁	1
苯	1
啥	1
咬	1
槽	1
毅	1
寡	1
瘦	1
遜	1
壯	1
鸣	1
貫	1
獸	1
膏	1
庚	1
乞	1
沖	1
祇	1
涌	1
輝	1
貼	1
妾	1
柜	1
搶	1
筒	1
奎	1
豹	1
淚	1
汀	1
拱	1
嘅	1
寇	1
晴	1
鋪	1
亩	1
琪	1
敲	1
扯	1
寮	1
赐	1
抄	1
虞	1
妳	1
愁	1
堤	1
獵	1
哩	1
碟	1
踢	1
惹	1
貞	1
僕	1
氢	1
邨	1
蒲	1
胺	1
砍	1
禍	1
庸	1
邵	1
鸿	1
頗	1
侠	1
雾	1
缝	1
鳴	1
棍	1
喚	1
禄	1
琌	1
龟	1
薇	1
漁	1
罵	1
顆	1
冀	1
劝	1
贞	1
弧	1
寅	1
邁	1
輩	1
庵	1
敷	1
迦	1
鍾	1
淑	1
弊	1
彌	1
彥	1
罐	1
芽	1
涼	1
鴻	1
戊	1
醋	1
鹰	1
匪	1
笼	1
梵	1
齋	1
綱	1
攀	1
膽	1
玲	1
矮	1
浆	1
騙	1
柄	1
禽	1
裸	1
煎	1
邱	1
閃	1
窝	1
颇	1
癸	1
吟	1
紋	1
坤	1
缸	1
坝	1
朔	1
枯	1
葵	1
夾	1
桐	1
塗	1
钙	1
怡	1
鞭	1
禅	1
廖	1
棚	1
杖	1
淺	1
扔	1
塵	1
舱	1
唔	1
饒	1
瓊	1
撥	1
貪	1
冥	1
摔	1
龐	1
祐	1
壬	1
龜	1
贼	1
嫂	1
鮑	1
秉	1
矢	1
虾	1
暨	1
噴	1
薯	1
钦	1
腸	1
溜	1
淳	1
俺	1
騰	1
擒	1
垫	1
蟹	1
萌	1
溢	1
埠	1
禪	1
扑	1
砲	1
衷	1
哨	1
宵	1
謙	1
鑄	1
濕	1
鸭	1
偽	1
戎	1
凸	1
倚	1
崗	1
狠	1
繩	1
遙	1
臥	1
绵	1
霧	1
悅	1
盼	1
磅	1
鶴	1
慘	1
栋	1
粥	1
彦	1
闊	1
爐	1
坂	1
袍	1
雁	1
厝	1
捧	1
沸	1
裴	1
淹	1
滕	1
窟	1
淵	1
斩	1
壘	1
鷹	1
笛	1
咪	1
滞	1
愧	1
艳	1
藻	1
謹	1
刮	1
渣	1
喔	1
諫	1
殼	1
骂	1
朕	1
竊	1
轎	1
兮	1
苍	1
俯	1
歎	1
禹	1
虧	1
痘	1
梗	1
醜	1
叹	1
匣	1
渊	1
賭	1
丟	1
稟	1
噸	1
旭	1
鑑	1
仆	1
敖	1
梳	1
銘	1
#	1
窃	1
凹	1
毋	1
眷	1
軒	1
欄	1
禾	1
飘	1
酮	1
卯	1
鹤	1
倪	1
娥	1
堯	1
斌	1
炳	1
暮	1
岐	1
粟	1
硂	1
舜	1
鹅	1
厲	1
婉	1
牟	1
鬱	1
呃	1
刃	1
酉	1
洽	1
誘	1
驰	1
颖	1
苟	1
萍	1
艙	1
缠	1
氮	1
佈	1
鏈	1
諭	1
荆	1
伞	1
恕	1
酯	1
晃	1
誅	1
昇	1
沛	1
棟	1
沾	1
涛	1
寵	1
茫	1
俠	1
纱	1
撕	1
搏	1
躁	1
沪	1
闷	1
壩	1
拐	1
墜	1
诏	1
坠	1
闯	1
叢	1
谦	1
墳	1
剿	1
叩	1
餅	1
彎	1
洒	1
耿	1
挨	1
敕	1
勁	1
詐	1
兜	1
賤	1
痰	1
耻	1
蠻	1
氫	1
蒼	1
撲	1
铝	1
踩	1
泵	1
倦	1
屢	1
灶	1
浑	1
斋	1
樊	1
蕩	1
趾	1
鹏	1
鈴	1
穀	1
暢	1
抖	1
梧	1
鰭	1
嵩	1
谭	1
邢	1
斧	1
廿	1
佬	1
譚	1
繡	1
铅	1
腕	1
鑽	1
孜	1
屑	1
顛	1
扳	1
拋	1
钉	1
垣	1
韶	1
磚	1
妝	1
阜	1
僱	1
鵝	1
巳	1
闸	1
頸	1
懿	1
轩	1
霖	1
鄙	1
渾	1
銳	1
昧	1
鴨	1
纬	1
檀	1
穗	1
岑	1
奕	1
瞎	1
捲	1
廝	1
墩	1
蜡	1
爛	1
歪	1
媚	1
窩	1
娅	1
贬	1
汞	1
骸	1
櫃	1
兇	1
麓	1
郝	1
睿	1
煞	1
溴	1
％	1
漲	1
擋	1
燭	1
鳞	1
壹	1
捏	1
硅	1
杠	1
馳	1
桿	1
涕	1
擢	1
瑤	1
瞻	1
纏	1
饶	1
俞	1
闕	1
梓	1
湛	1
幢	1
鵬	1
飽	1
縫	1
柿	1
颂	1
剝	1
ợ	1
蔚	1
鲸	1
哋	1
凍	1
浇	1
諡	1
烫	1
谣	1
懒	1
墟	1
盔	1
惱	1
哄	1
茜	1
嗜	1
煉	1
靴	1
琦	1
祁	1
貶	1
屡	1
帛	1
酿	1
詠	1
狹	1
悶	1
閘	1
溺	1
棵	1
п	1
渭	1
彬	1
殉	1
姪	1
陋	1
綿	1
钠	1
騷	1
猿	1
蹄	1
婢	1
鍋	1
頌	1
寢	1
畝	1
敞	1
晏	1
廬	1
雯	1
捨	1
恥	1
褒	1
顽	1
汲	1
耽	1
孚	1
锌	1
窑	1
糾	1
篷	1
飄	1
榆	1
沂	1
窦	1
緯	1
迭	1
婷	1
姦	1
濫	1
贱	1
謠	1
誦	1
諧	1
擠	1
娇	1
琅	1
濤	1
靡	1
灼	1
霄	1
弼	1
缀	1
虔	1
逛	1
苔	1
魄	1
鯨	1
壺	1
堰	1
嘻	1
祛	1
羌	1
蕊	1
咎	1
彝	1
啼	1
犁	1
酰	1
嬌	1
竿	1
餓	1
稠	1
炫	1
賺	1
竖	1
瑙	1
攔	1
谜	1
璧	1
竇	1
岱	1
勺	1
茹	1
樟	1
嫡	1
擲	1
湧	1
湊	1
壶	1
绒	1
肋	1
鑒	1
岔	1
墮	1
蝕	1
傘	1
晁	1
驟	1
朽	1
豎	1
艱	1
甩	1
ㄕ	1
讷	1
锤	1
瑶	1
恪	1
芹	1
叮	1
隅	1
跤	1
嘆	1
ㄧ	1
漿	1
咯	1
楠	1
俚	1
钾	1
繳	1
鉤	1
揉	1
饑	1
沁	1
戍	1
侶	1
樸	1
犀	1
皱	1
殆	1
紗	1
孽	1
棱	1
烘	1
韧	1
儂	1
峙	1
劈	1
椰	1
捆	1
骏	1
蝦	1
腎	1
拷	1
菸	1
腌	1
尧	1
砌	1
槐	1
闖	1
膛	1
纔	1
拂	1
瞞	1
晝	1
Q	1
篤	1
蚕	1
萃	1
倭	1
褲	1
僻	1
帘	1
穎	1
剔	1
绣	1
俾	1
剌	1
鸞	1
沦	1
暇	1
隘	1
璶	1
皓	1
諒	1
綏	1
凑	1
娟	1
歹	1
枫	1
汾	1
蔭	1
仄	1
賄	1
荀	1
櫻	1
簾	1
赣	1
ㄌ	1
躬	1
赎	1
閻	1
蛤	1
謊	1
撇	1
駿	1
閑	1
淤	1
兀	1
輒	1
诵	1
谥	1
囑	1
誇	1
咏	1
蕴	1
匾	1
媛	1
酚	1
鄒	1
孰	1
蹲	1
芸	1
滬	1
滯	1
胥	1
甥	1
钞	1
涩	1
炖	1
拙	1
弩	1
浚	1
磕	1
鹼	1
泗	1
W	1
紳	1
ㄏ	1
醬	1
瘾	1
怠	1
檐	1
謁	1
翟	1
吼	1
沧	1
酥	1
渝	1
ㄉ	1
梢	1
肽	1
岂	1
婁	1
毓	1
偕	1
ㄓ	1
薰	1
袜	1
覓	1
捣	1
锥	1
棣	1
駭	1
丕	1
诀	1
釀	1
悍	1
遁	1
縛	1
頑	1
釘	1
溥	1
黔	1
贖	1
沽	1
绥	1
喧	1
莹	1
垢	1
駱	1
倖	1
熏	1
滄	1
姥	1
峨	1
苛	1
榻	1
嚼	1
桩	1
ˈ	1
荫	1
晦	1
驕	1
斟	1
冢	1
ㄅ	1
俟	1
窯	1
嘱	1
倩	1
蜥	1
篡	1
鑫	1
奚	1
絮	1
鐸	1
磊	1
篆	1
夭	1
曜	1
綴	1
粪	1
鉛	1
簇	1
绞	1
靶	1
臧	1
滇	1
苷	1
穹	1
歼	1
畿	1
盎	1
嚷	1
庐	1
毙	1
籽	1
恃	1
菁	1
灿	1
柑	1
锺	1
憩	1
裘	1
碘	1
瑕	1
閨	1
穦	1
刁	1
亟	1
倆	1
揖	1
傭	1
z	1
笠	1
脓	1
黜	1
聆	1
掷	1
憎	1
醚	1
筵	1
阎	1
淪	1
鲨	1
亢	1
蠶	1
鈞	1
鈔	1
芋	1
濁	1
驛	1
铎	1
搁	1
峭	1
皋	1
嶽	1
怯	1
訥	1
逕	1
擱	1
垮	1
伶	1
祚	1
菠	1
陡	1
芜	1
鹹	1
钧	1
凿	1
惶	1
墾	1
鬚	1
呐	1
拭	1
暹	1
蟻	1
茱	1
窺	1
蝎	1
祺	1
ㄍ	1
箕	1
慾	1
叟	1
釵	1
掣	1
隴	1
灑	1
訖	1
绅	1
饋	1
蔑	1
妍	1
曦	1
緝	1
碞	1
濾	1
鱗	1
澜	1
潑	1
詣	1
皖	1
捡	1
艮	1
烃	1
鑿	1
遽	1
剃	1
洼	1
镶	1
汴	1
纜	1
熄	1
灸	1
秤	1
斂	1
扒	1
釜	1
烛	1
褚	1
垦	1
寝	1
馅	1
哼	1
羲	1
ư	1
肴	1
滔	1
瀉	1
栈	1
彤	1
樵	1
攤	1
濒	1
敛	1
誣	1
蚌	1
掏	1
芥	1
孺	1
焕	1
塾	1
冉	1
弔	1
俸	1
聶	1
蔗	1
舖	1
締	1
镀	1
熹	1
觅	1
蠟	1
昊	1
巍	1
庾	1
咕	1
肘	1
笋	1
瞳	1
儉	1
搓	1
渦	1
戟	1
樁	1
锯	1
盪	1
眩	1
哟	1
勛	1
瑾	1
牀	1
襟	1
棗	1
聂	1
唾	1
颌	1
忒	1
衹	1
嗚	1
蟾	1
筠	1
糜	1
扼	1
斃	1
驼	1
榨	1
嗅	1
喺	1
躯	1
悖	1
麾	1
椭	1
贮	1
浊	1
緻	1
揀	1
抨	1
瞿	1
颅	1
ㄊ	1
鞏	1
邹	1
瀛	1
丐	1
漱	1
扂	1
飢	1
綽	1
螂	1
撮	1
‘	1
漕	1
爰	1
趴	1
凋	1
挾	1
啲	1
栅	1
諱	1
懋	1
潼	1
莖	1
瑛	1
恍	1
鳄	1
敝	1
叱	1
卤	1
翘	1
鶯	1
鑰	1
羹	1
錶	1
忻	1
舵	1
+	1
揆	1
恁	1
濮	1
巖	1
忿	1
繆	1
ㄐ	1
嬸	1
氰	1
驴	1
咁	1
沥	1
嘯	1
甯	1
驢	1
驿	1
喙	1
镁	1
妞	1
哑	1
耆	1
喃	1
ㄑ	1
癫	1
痫	1
甌	1
掙	1
铀	1
榕	1
婊	1
谕	1
ㄈ	1
圃	1
衆	1
狡	1
戳	1
寥	1
拚	1
絳	1
謬	1
暈	1
澀	1
艷	1
遐	1
侃	1
坳	1
崑	1
芮	1
琛	1
嗓	1
鞘	1
绰	1
洩	1
洱	1
柚	1
殲	1
澗	1
旌	1
陂	1
晡	1
瘀	1
斛	1
逞	1
钝	1
懶	1
骆	1
滲	1
謎	1
鸽	1
砦	1
竺	1
痊	1
塚	1
羚	1
苓	1
诛	1
秃	1
腋	1
柵	1
疇	1
昼	1
鞠	1
兌	1
渺	1
挚	1
睫	1
睁	1
俏	1
楞	1
碾	1
錐	1
卞	1
舷	1
髒	1
煥	1
饵	1
祂	1
懦	1
桔	1
蕙	1
扛	1
釉	1
幡	1
淞	1
壕	1
錘	1
楓	1
窍	1
闡	1
窒	1
蠅	1
蔥	1
恳	1
芷	1
诡	1
牯	1
発	1
谬	1
喫	1
鋁	1
惰	1
缪	1
燦	1
伎	1
嗟	1
衢	1
絞	1
矽	1
霹	1
唉	1
稼	1
豔	1
鯊	1
乜	1
驹	1
凳	1
繹	1
帧	1
閥	1
蠕	1
綢	1
莆	1
檜	1
薨	1
ㄇ	1
炙	1
駝	1
旷	1
蛾	1
拢	1
俭	1
癣	1
吋	1
咋	1
冗	1
羨	1
啞	1
蝉	1
晟	1
黯	1
藕	1
曳	1
颤	1
囉	1
盞	1
癒	1
侏	1
渍	1
琐	1
椿	1
叨	1
吝	1
睾	1
晌	1
糞	1
宸	1
吒	1
弈	1
瀕	1
気	1
夔	1
陇	1
眺	1
擂	1
佚	1
臻	1
雏	1
谏	1
圩	1
镖	1
湄	1
澈	1
嬉	1
珂	1
呗	1
閔	1
蛟	1
罔	1
翩	1
昵	1
轅	1
橱	1
磡	1
晾	1
窥	1
婭	1
瑩	1
闵	1
睇	1
嘢	1
聋	1
揣	1
掖	1
迥	1
暉	1
笃	1
苞	1
贅	1
膺	1
飼	1
笙	1
疵	1
燮	1
唧	1
鯰	1
晖	1
V	1
ㄔ	1
曠	1
鈕	1
紂	1
萱	1
龔	1
蟬	1
暝	1
毆	1
凄	1
埤	1
耦	1
噩	1
佗	1
牒	1
堀	1
脐	1
懇	1
眔	1
荧	1
窪	1
昱	1
靼	1
璉	1
侖	1
贓	1
鋸	1
辍	1
偃	1
疚	1
锣	1
讳	1
彷	1
谤	1
苻	1
餉	1
咗	1
硒	1
壑	1
勻	1
驯	1
篩	1
瀾	1
猷	1
迂	1
琢	1
炯	1
簪	1
ㄨ	1
詭	1
翹	1
偈	1
軀	1
寐	1
潞	1
磐	1
啰	1
疣	1
衞	1
寰	1
唑	1
嫖	1
禿	1
拽	1
雉	1
涇	1
蘊	1
県	1
襪	1
囝	1
攬	1
筁	1
撈	1
奄	1
瀚	1
沅	1
渚	1
鍊	1
斕	1
匝	1
詮	1
煲	1
兢	1
逵	1
巅	1
羈	1
壢	1
賂	1
嫣	1
癖	1
矯	1
謗	1
悚	1
硼	1
揪	1
扈	1
産	1
帷	1
臼	1
霰	1
岚	1
鲤	1
遴	1
絹	1
綺	1
棧	1
衅	1
桅	1
翊	1
咧	1
睜	1
墊	1
镍	1
箋	1
淄	1
漓	1
恬	1
搗	1
蟠	1
蝇	1
佃	1
頤	1
潇	1
甦	1
襯	1
萤	1
痢	1
锰	1
郢	1
竄	1
穢	1
锂	1
剎	1
沌	1
褶	1
诫	1
镰	1
唬	1
蒿	1
娼	1
炊	1
僉	1
浣	1
汛	1
僖	1
腮	1
嘘	1
嬪	1
珪	1
慚	1
拈	1
詰	1
貂	1
橢	1
哆	1
岬	1
莘	1
駒	1
鑲	1
攪	1
攘	1
筍	1
醯	1
臾	1
荼	1
瞰	1
靓	1
铬	1
濬	1
檻	1
涧	1
婪	1
檄	1
蕪	1
汙	1
阙	1
壟	1
啄	1
窖	1
窘	1
漾	1
蚤	1
锚	1
瘡	1
琮	1
舔	1
潢	1
坍	1
茸	1
簷	1
É	1
踞	1
诬	1
訣	1
ㄙ	1
巽	1
埕	1
飙	1
泾	1
琰	1
恣	1
盂	1
矜	1
顱	1
絨	1
酣	1
甬	1
歆	1
柩	1
唆	1
骁	1
瞪	1
翎	1
鱷	1
鏢	1
颊	1
変	1
靳	1
闺	1
誥	1
馥	1
恙	1
筝	1
⿰	1
揍	1
黍	1
瘫	1
痪	1
鸠	1
萼	1
雛	1
褪	1
挛	1
挟	1
桀	1
撓	1
睐	1
龚	1
摹	1
濂	1
轧	1
貽	1
夙	1
桦	1
皈	1
莺	1
捻	1
瞩	1
玺	1
м	1
莒	1
謨	1
嘔	1
皿	1
吠	1
谟	1
滙	1
攏	1
抉	1
埗	1
楔	1
戛	1
鈉	1
惇	1
葆	1
宥	1
邕	1
貯	1
霓	1
秧	1
軔	1
貳	1
脩	1
	1
髻	1
龈	1
祗	1
璞	1
꜄	1
羟	1
岌	1
烽	1
踝	1
聳	1
缮	1
妲	1
<	1
渎	1
癮	1
圜	1
绮	1
诽	1
坯	1
痹	1
袒	1
桨	1
呜	1
証	1
韃	1
藐	1
幂	1
弋	1
彊	1
钛	1
啓	1
孖	1
绊	1
兗	1
氦	1
箍	1
淒	1
撃	1
ㄩ	1
蟒	1
綾	1
痉	1
冇	1
胄	1
喱	1
踵	1
佟	1
裨	1
○	1
繇	1
q	1
釁	1
闰	1
殡	1
