 	502
，	83
的	63
一	45
人	32
不	29
是	27
有	24
在	22
用	21
成	20
大	20
出	19
国	19
数	18
。	18
中	17
生	17
公	17
学	17
行	16
以	16
能	16
到	16
地	16
下	15
方	15
自	15
来	15
三	15
文	14
为	14
个	14
理	14
本	14
定	14
事	14
要	14
了	14
我	14
会	14
二	14
、	14
品	13
度	13
面	13
于	13
合	13
同	13
这	13
看	13
年	12
新	12
加	12
期	12
最	12
情	12
业	12
日	11
名	11
分	11
上	11
作	11
法	11
动	11
第	11
如	11
开	11
料	11
高	11
家	11
十	11
时	10
字	10
前	10
建	10
发	10
小	10
网	10
通	10
次	10
全	10
说	10
意	10
过	10
当	10
他	10
子	10
道	10
现	10
平	10
里	10
们	10
那	10
入	9
页	9
市	9
存	9
点	9
果	9
式	9
关	9
重	9
设	9
目	9
可	9
代	9
保	9
机	9
参	9
查	9
主	9
其	9
限	9
工	9
得	9
社	9
然	9
件	8
表	8
录	8
提	8
所	8
体	8
部	8
性	8
更	8
后	8
格	8
金	8
系	8
实	8
周	8
手	8
相	8
收	8
资	8
产	8
物	8
经	8
你	8
美	8
因	8
都	8
就	8
么	8
英	8
请	7
间	7
回	7
示	7
元	7
位	7
注	7
输	7
始	7
者	7
认	7
接	7
明	7
此	7
化	7
量	7
和	7
今	7
正	7
计	7
电	7
程	7
线	7
制	7
京	7
联	7
命	7
应	7
知	7
共	7
比	7
备	7
女	7
心	7
司	7
特	7
份	7
民	7
基	7
政	7
考	7
音	7
投	7
技	7
样	7
只	7
博	7
(	7
取	6
信	6
置	6
区	6
载	6
求	6
万	6
对	6
证	6
空	6
天	6
送	6
结	6
交	6
常	6
多	6
员	6
路	6
外	6
任	6
安	6
原	6
好	6
放	6
之	6
海	6
影	6
由	6
而	6
也	6
立	6
少	6
真	6
動	6
院	6
身	6
教	6
國	6
業	6
電	6
股	6
据	5
码	5
户	5
号	5
除	5
类	5
改	5
单	5
登	5
标	5
编	5
内	5
务	5
题	5
管	5
色	5
時	5
版	5
验	5
集	5
无	5
报	5
無	5
服	5
状	5
支	5
完	5
力	5
北	5
解	5
价	5
黑	5
话	5
告	5
城	5
利	5
首	5
指	5
频	5
省	5
东	5
论	5
科	5
治	5
声	5
男	5
直	5
場	5
规	5
活	5
初	5
展	5
购	5
但	5
属	5
及	5
去	5
開	5
种	5
流	5
议	5
些	5
何	5
她	5
世	5
神	5
校	5
什	5
亚	5
學	5
設	5
発	5
百	5
香	5
申	5
施	5
医	5
律	5
徒	5
月	4
功	4
修	4
例	4
器	4
商	4
消	4
使	4
确	4
円	4
源	4
询	4
符	4
口	4
获	4
进	4
长	4
默	4
创	4
调	4
监	4
微	4
增	4
听	4
布	4
水	4
击	4
模	4
台	4
配	4
画	4
間	4
问	4
至	4
或	4
与	4
视	4
读	4
必	4
近	4
移	4
排	4
西	4
并	4
整	4
四	4
软	4
义	4
步	4
导	4
像	4
包	4
持	4
算	4
族	4
雅	4
起	4
引	4
语	4
土	4
变	4
五	4
具	4
言	4
球	4
清	4
费	4
計	4
场	4
供	4
推	4
思	4
速	4
関	4
还	4
感	4
斯	4
想	4
太	4
受	4
久	4
研	4
東	4
官	4
精	4
個	4
才	4
马	4
屋	4
務	4
根	4
照	4
結	4
福	4
委	4
办	4
域	4
普	4
答	4
况	4
故	4
欧	4
识	4
歩	4
档	4
阅	4
複	4
宾	4
菲	4
息	3
型	3
图	3
删	3
选	3
列	3
返	3
序	3
否	3
函	3
片	3
容	3
已	3
段	3
未	3
条	3
组	3
址	3
记	3
试	3
传	3
添	3
将	3
章	3
从	3
辑	3
项	3
笑	3
等	3
择	3
级	3
统	3
连	3
山	3
需	3
南	3
效	3
按	3
先	3
别	3
评	3
断	3
客	3
非	3
造	3
详	3
江	3
责	3
站	3
没	3
核	3
超	3
店	3
每	3
後	3
介	3
木	3
打	3
播	3
该	3
星	3
两	3
构	3
報	3
火	3
案	3
控	3
止	3
测	3
阳	3
形	3
稿	3
游	3
华	3
番	3
易	3
您	3
见	3
优	3
运	3
（	3
即	3
老	3
若	3
価	3
票	3
专	3
界	3
检	3
企	3
装	3
预	3
着	3
被	3
為	3
機	3
克	3
育	3
白	3
夫	3
己	3
住	3
究	3
房	3
各	3
乐	3
現	3
术	3
員	3
快	3
八	3
又	3
食	3
古	3
於	3
师	3
選	3
让	3
洲	3
战	3
足	3
啊	3
深	3
彼	3
免	3
六	3
資	3
發	3
組	3
青	3
观	3
它	3
准	3
港	3
境	3
令	3
候	3
觉	3
武	3
决	3
际	3
几	3
牌	3
般	3
售	3
招	3
細	3
似	3
旅	3
营	3
范	3
划	3
离	3
双	3
際	3
攻	3
续	3
领	3
永	3
采	3
亲	3
売	3
們	3
险	3
乎	3
幕	3
玩	3
灣	3
另	3
督	3
铁	3
評	3
刊	3
革	3
阪	3
距	3
疗	3
臺	3
昭	3
摘	3
圭	3
蛛	3
醴	3
失	2
败	2
称	2
值	2
密	2
错	2
误	2
午	2
态	2
车	2
操	2
权	2
述	2
处	2
库	2
付	2
象	2
则	2
册	2
藏	2
订	2
索	2
串	2
亿	2
描	2
显	2
州	2
节	2
退	2
闭	2
总	2
記	2
键	2
额	2
写	2
异	2
束	2
链	2
角	2
邮	2
门	2
右	2
姓	2
径	2
络	2
启	2
向	2
素	2
隐	2
享	2
米	2
宋	2
箱	2
待	2
钟	2
执	2
审	2
钮	2
左	2
搜	2
广	2
历	2
私	2
景	2
話	2
环	2
张	2
再	2
連	2
给	2
书	2
销	2
找	2
达	2
気	2
停	2
反	2
含	2
汽	2
析	2
友	2
简	2
問	2
田	2
光	2
王	2
長	2
士	2
德	2
很	2
川	2
會	2
線	2
車	2
林	2
語	2
把	2
書	2
花	2
野	2
演	2
石	2
史	2
死	2
魔	2
卡	2
府	2
眼	2
切	2
便	2
卷	2
區	2
风	2
助	2
進	2
九	2
防	2
過	2
望	2
河	2
材	2
半	2
別	2
朝	2
七	2
彩	2
爱	2
怎	2
対	2
尼	2
良	2
病	2
駅	2
云	2
伊	2
阿	2
赛	2
千	2
約	2
巴	2
奇	2
质	2
母	2
運	2
且	2
馬	2
這	2
味	2
酒	2
予	2
愛	2
視	2
術	2
职	2
春	2
居	2
罗	2
往	2
丁	2
風	2
希	2
团	2
題	2
松	2
父	2
堂	2
館	2
吉	2
義	2
突	2
念	2
戏	2
留	2
聞	2
決	2
園	2
郎	2
変	2
認	2
航	2
街	2
底	2
編	2
李	2
温	2
追	2
備	2
许	2
康	2
喜	2
警	2
护	2
衣	2
升	2
葉	2
背	2
產	2
察	2
製	2
夏	2
統	2
確	2
策	2
致	2
均	2
健	2
黄	2
雄	2
並	2
却	2
习	2
楽	2
富	2
智	2
關	2
網	2
拍	2
益	2
藤	2
露	2
奥	2
張	2
終	2
较	2
响	2
终	2
围	2
奖	2
標	2
項	2
湖	2
细	2
孩	2
词	2
判	2
附	2
独	2
融	2
势	2
姐	2
争	2
斗	2
刻	2
佐	2
帝	2
哪	2
买	2
秀	2
券	2
婚	2
央	2
映	2
互	2
宮	2
幸	2
護	2
担	2
佛	2
仕	2
応	2
济	2
離	2
银	2
览	2
积	2
句	2
织	2
括	2
负	2
课	2
农	2
协	2
佳	2
授	2
虽	2
準	2
態	2
樂	2
刚	2
培	2
尽	2
固	2
卫	2
撃	2
秋	2
盟	2
坐	2
紀	2
混	2
概	2
庭	2
欢	2
銀	2
株	2
艺	2
説	2
弟	2
须	2
環	2
禁	2
障	2
録	2
筑	2
够	2
丶	2
罪	2
係	2
脑	2
積	2
萬	2
植	2
況	2
犯	2
稱	2
適	2
帮	2
械	2
聘	2
漫	2
训	2
赤	2
鉄	2
继	2
朋	2
亡	2
曜	2
闻	2
援	2
參	2
诉	2
響	2
宅	2
監	2
兄	2
甚	2
既	2
沒	2
毕	2
覧	2
媒	2
伙	2
患	2
織	2
較	2
圳	2
楚	2
岗	2
献	2
胞	2
础	2
獲	2
涨	2
访	2
肯	2
陈	2
澳	2
棋	2
刘	2
丈	2
詳	2
築	2
阶	2
唯	2
飯	2
绩	2
緒	2
蜘	2
殊	2
販	2
睛	2
「	2
跌	2
劃	2
董	2
绍	2
荐	2
努	2
紹	2
薦	2
韓	2
晴	2
幹	2
拥	2
坛	2
措	2
曰	2
虑	2
璃	2
咨	2
陳	2
択	2
龄	2
“	2
蕉	2
县	1
秒	1
转	1
复	1
签	1
头	1
款	1
填	1
释	1
県	1
换	1
拉	1
志	1
端	1
账	1
货	1
队	1
税	1
板	1
余	1
局	1
見	1
岁	1
稍	1
约	1
率	1
歳	1
雷	1
陆	1
倍	1
読	1
”	1
哈	1
尔	1
村	1
气	1
走	1
做	1
吧	1
室	1
戦	1
島	1
著	1
與	1
町	1
落	1
來	1
吗	1
低	1
儿	1
强	1
曲	1
夜	1
実	1
边	1
軍	1
座	1
军	1
带	1
波	1
門	1
様	1
早	1
頭	1
井	1
依	1
干	1
達	1
维	1
越	1
種	1
跟	1
體	1
經	1
強	1
數	1
歌	1
勝	1
級	1
對	1
群	1
差	1
印	1
龙	1
兵	1
血	1
党	1
甲	1
込	1
隊	1
呢	1
師	1
热	1
班	1
優	1
镇	1
害	1
宝	1
油	1
議	1
類	1
谷	1
調	1
爾	1
降	1
承	1
急	1
兰	1
內	1
难	1
破	1
華	1
號	1
論	1
吃	1
質	1
草	1
呼	1
季	1
席	1
沙	1
红	1
叫	1
俺	1
森	1
满	1
托	1
氏	1
威	1
典	1
皇	1
射	1
派	1
休	1
雪	1
哥	1
顔	1
毛	1
略	1
充	1
批	1
皮	1
倒	1
亞	1
規	1
拿	1
試	1
階	1
冷	1
园	1
极	1
守	1
玉	1
随	1
轻	1
压	1
兴	1
激	1
远	1
続	1
說	1
實	1
點	1
岡	1
静	1
費	1
洋	1
構	1
塔	1
産	1
橋	1
套	1
善	1
経	1
奈	1
纳	1
曾	1
层	1
短	1
君	1
船	1
楼	1
宗	1
津	1
莉	1
親	1
當	1
探	1
综	1
圖	1
雨	1
賽	1
將	1
脸	1
導	1
苏	1
應	1
崎	1
妹	1
财	1
副	1
末	1
伯	1
肉	1
振	1
庫	1
假	1
钱	1
載	1
晚	1
架	1
郡	1
飞	1
苦	1
吸	1
封	1
彡	1
怪	1
宣	1
尾	1
職	1
块	1
众	1
散	1
縣	1
娘	1
礼	1
某	1
药	1
液	1
買	1
價	1
养	1
役	1
恩	1
疑	1
泰	1
節	1
娱	1
飛	1
陽	1
單	1
舞	1
氣	1
洛	1
床	1
丽	1
脚	1
戰	1
宁	1
熱	1
池	1
亮	1
違	1
餐	1
伝	1
專	1
殺	1
救	1
馆	1
麻	1
聯	1
茶	1
纪	1
讲	1
菜	1
厂	1
染	1
乡	1
瑞	1
乱	1
広	1
灵	1
抗	1
羅	1
賞	1
寄	1
币	1
猫	1
転	1
納	1
举	1
塞	1
丝	1
寺	1
适	1
衛	1
酸	1
残	1
迪	1
抱	1
則	1
痛	1
団	1
蘭	1
穿	1
梅	1
紧	1
借	1
習	1
劇	1
勒	1
領	1
龍	1
绝	1
伤	1
籍	1
汉	1
測	1
耳	1
折	1
杀	1
瓦	1
異	1
洗	1
占	1
爆	1
透	1
竞	1
盘	1
途	1
協	1
牛	1
泉	1
裝	1
換	1
總	1
戸	1
御	1
復	1
巨	1
谢	1
顶	1
悪	1
暗	1
迎	1
毒	1
娜	1
購	1
横	1
維	1
姆	1
秘	1
杯	1
宿	1
冠	1
妻	1
請	1
處	1
延	1
叶	1
傳	1
識	1
惠	1
童	1
迷	1
尚	1
盛	1
額	1
療	1
伦	1
朗	1
征	1
枚	1
刀	1
隆	1
該	1
仁	1
危	1
遊	1
恐	1
兩	1
严	1
熟	1
還	1
創	1
興	1
触	1
邦	1
韩	1
牙	1
替	1
届	1
負	1
許	1
慢	1
総	1
從	1
诺	1
贝	1
遇	1
逃	1
勢	1
钢	1
唱	1
骨	1
伸	1
仙	1
冲	1
宇	1
両	1
團	1
莫	1
胜	1
収	1
嘉	1
厅	1
零	1
尺	1
條	1
顺	1
旧	1
証	1
錄	1
側	1
仅	1
押	1
壁	1
震	1
靠	1
旗	1
刺	1
順	1
困	1
乗	1
临	1
硬	1
摩	1
丹	1
遠	1
岛	1
仍	1
浦	1
甘	1
脱	1
熊	1
啦	1
暴	1
峰	1
谈	1
給	1
补	1
树	1
貸	1
庆	1
變	1
愿	1
跑	1
聖	1
姿	1
竟	1
怕	1
證	1
剧	1
袋	1
単	1
莱	1
廣	1
粉	1
蒙	1
圣	1
渡	1
亦	1
極	1
趣	1
鲁	1
割	1
帖	1
幅	1
陸	1
沉	1
避	1
烈	1
難	1
掉	1
胸	1
乙	1
浮	1
験	1
鬼	1
黒	1
聚	1
獎	1
週	1
沢	1
寸	1
灯	1
冰	1
樹	1
昌	1
岩	1
朱	1
岸	1
晶	1
乳	1
轉	1
羽	1
症	1
妈	1
済	1
荷	1
翻	1
図	1
欲	1
祖	1
幻	1
握	1
蛋	1
課	1
减	1
租	1
笔	1
検	1
談	1
貴	1
篇	1
艦	1
跳	1
恋	1
辦	1
補	1
訊	1
忙	1
屬	1
皆	1
鱼	1
敏	1
営	1
贵	1
伴	1
碰	1
轮	1
虎	1
仪	1
弱	1
竹	1
庄	1
豪	1
擊	1
艾	1
畫	1
僕	1
忠	1
勇	1
帰	1
谁	1
估	1
坏	1
惊	1
權	1
窗	1
樣	1
値	1
権	1
讯	1
唐	1
蒂	1
願	1
満	1
练	1
瞬	1
財	1
珠	1
帶	1
忘	1
卖	1
貨	1
冒	1
紙	1
簡	1
湾	1
誰	1
俊	1
覚	1
宫	1
宜	1
曼	1
厚	1
巻	1
讨	1
査	1
紅	1
剑	1
妇	1
劳	1
促	1
署	1
詞	1
恶	1
插	1
睡	1
偷	1
責	1
稳	1
顿	1
顾	1
旁	1
俄	1
乃	1
幼	1
搭	1
耶	1
殿	1
纸	1
刑	1
缺	1
洞	1
盖	1
桥	1
腹	1
爵	1
阵	1
耐	1
梦	1
嘴	1
抜	1
催	1
臣	1
敗	1
埃	1
浜	1
養	1
輪	1
聲	1
營	1
丸	1
萨	1
滑	1
冬	1
尊	1
怒	1
忍	1
預	1
隔	1
仲	1
夢	1
汇	1
丰	1
潮	1
倉	1
層	1
炎	1
麼	1
據	1
觀	1
挑	1
浪	1
祝	1
歴	1
観	1
兼	1
傷	1
杂	1
坚	1
怀	1
競	1
敬	1
講	1
専	1
拟	1
逐	1
農	1
吹	1
麦	1
盤	1
減	1
巧	1
輯	1
刷	1
堡	1
阻	1
掌	1
勤	1
绿	1
敵	1
麗	1
狂	1
兒	1
驗	1
齐	1
玄	1
讓	1
召	1
聊	1
遭	1
燃	1
賀	1
屏	1
胡	1
裁	1
戻	1
肩	1
损	1
爷	1
偶	1
寶	1
弹	1
归	1
疫	1
雙	1
増	1
醫	1
净	1
慧	1
拜	1
毫	1
辺	1
辛	1
輸	1
捕	1
储	1
柔	1
乂	1
乘	1
违	1
飲	1
杰	1
續	1
帯	1
魚	1
嫌	1
针	1
戶	1
詩	1
蓝	1
呀	1
惑	1
鐵	1
遺	1
腰	1
虚	1
缓	1
練	1
祭	1
裡	1
啪	1
妙	1
偏	1
喔	1
译	1
坂	1
债	1
挥	1
菌	1
膜	1
宏	1
婷	1
孔	1
掛	1
醒	1
淡	1
桃	1
絶	1
鹿	1
饰	1
漢	1
頂	1
杨	1
哲	1
累	1
污	1
執	1
誌	1
剂	1
侧	1
須	1
雲	1
藝	1
坦	1
弗	1
圈	1
薄	1
栏	1
純	1
嗯	1
悲	1
匹	1
囲	1
抓	1
喝	1
奏	1
巡	1
泽	1
疾	1
卓	1
鎮	1
寻	1
績	1
歷	1
札	1
悠	1
敌	1
黨	1
児	1
抽	1
裕	1
浩	1
遗	1
鳥	1
敢	1
挂	1
邊	1
诗	1
截	1
抵	1
筆	1
逆	1
荣	1
訂	1
舍	1
镜	1
坪	1
裂	1
処	1
樓	1
険	1
絡	1
魂	1
饭	1
咲	1
肥	1
頁	1
豆	1
贴	1
爸	1
桌	1
舉	1
軽	1
梁	1
腕	1
棒	1
彦	1
薬	1
歲	1
磁	1
乌	1
紫	1
狗	1
寿	1
壓	1
戴	1
妖	1
糖	1
迫	1
覆	1
旋	1
伏	1
杜	1
鼓	1
奴	1
訳	1
寒	1
鏡	1
溪	1
黃	1
圍	1
芸	1
飾	1
摇	1
泊	1
審	1
圆	1
烟	1
珍	1
億	1
頼	1
涉	1
侵	1
溫	1
沿	1
孝	1
慶	1
繁	1
锋	1
裏	1
琴	1
阴	1
宽	1
討	1
焦	1
祥	1
姑	1
徽	1
罚	1
儀	1
赫	1
昨	1
墙	1
凝	1
吐	1
磨	1
苗	1
頻	1
佩	1
荒	1
纯	1
胎	1
漏	1
缩	1
贸	1
奶	1
虫	1
凡	1
迅	1
玛	1
哦	1
鼻	1
夕	1
碼	1
柱	1
捷	1
牧	1
丘	1
謝	1
恒	1
鲜	1
谱	1
猜	1
莎	1
採	1
暖	1
灰	1
浴	1
伟	1
瓶	1
婆	1
矿	1
筋	1
剣	1
潜	1
伍	1
騎	1
泥	1
蔵	1
翼	1
渐	1
弘	1
狠	1
徐	1
柳	1
驱	1
範	1
黎	1
弾	1
頃	1
乾	1
芳	1
怖	1
洪	1
澤	1
豊	1
尖	1
墨	1
懂	1
摄	1
摸	1
拓	1
扩	1
励	1
晓	1
冊	1
弄	1
润	1
坡	1
拔	1
鋼	1
递	1
倫	1
唇	1
踏	1
仿	1
輝	1
募	1
闘	1
濟	1
玲	1
沃	1
閉	1
妮	1
秦	1
戲	1
赶	1
肌	1
椅	1
訓	1
允	1
舒	1
顯	1
耗	1
诚	1
扣	1
仔	1
契	1
锁	1
沈	1
尤	1
継	1
諸	1
蘇	1
幾	1
瀬	1
滿	1
眠	1
衡	1
烦	1
骑	1
缘	1
烧	1
隨	1
饮	1
吨	1
戒	1
姊	1
粒	1
侯	1
枪	1
肖	1
禮	1
迹	1
塑	1
遍	1
赢	1
診	1
氧	1
訪	1
闪	1
砂	1
拒	1
柄	1
枝	1
携	1
忽	1
廷	1
旦	1
吾	1
宙	1
兽	1
眾	1
讀	1
寝	1
滅	1
鮮	1
陵	1
凯	1
扱	1
榜	1
奉	1
眉	1
闲	1
辆	1
帕	1
辞	1
寧	1
毎	1
坊	1
弃	1
霍	1
脂	1
敷	1
俗	1
奧	1
梯	1
驚	1
柏	1
扬	1
檢	1
翔	1
敦	1
鄉	1
銷	1
洁	1
仰	1
狀	1
陶	1
圧	1
猛	1
覺	1
碎	1
狐	1
絵	1
溶	1
赵	1
凌	1
腿	1
徳	1
狼	1
廠	1
炸	1
摆	1
鳴	1
雑	1
軟	1
驾	1
垂	1
寫	1
芝	1
恵	1
茂	1
働	1
嘛	1
蜜	1
循	1
湿	1
盒	1
跡	1
鞋	1
髪	1
陷	1
鸟	1
臨	1
剩	1
赏	1
薩	1
扫	1
扶	1
桑	1
廳	1
耀	1
婦	1
泡	1
欣	1
盗	1
犬	1
艇	1
孙	1
叔	1
胶	1
穴	1
鸡	1
履	1
譜	1
邪	1
焼	1
袖	1
跨	1
縮	1
甜	1
暂	1
衆	1
郑	1
吴	1
梨	1
孤	1
搞	1
拳	1
姫	1
汗	1
従	1
悉	1
塚	1
诊	1
废	1
埋	1
挙	1
贫	1
昇	1
陣	1
沖	1
羊	1
赞	1
恢	1
煤	1
喊	1
茨	1
瑟	1
歐	1
誠	1
尋	1
霊	1
鑑	1
鼠	1
險	1
扎	1
燕	1
仓	1
払	1
爭	1
螺	1
矢	1
屆	1
践	1
卒	1
剛	1
襲	1
郭	1
舌	1
欠	1
颜	1
琳	1
粗	1
湯	1
胆	1
翰	1
仮	1
灭	1
煙	1
弥	1
獨	1
墓	1
沟	1
頓	1
腦	1
猪	1
瓜	1
舗	1
桐	1
妃	1
辅	1
浅	1
腐	1
忆	1
錢	1
奔	1
藥	1
攝	1
遣	1
崇	1
隠	1
輕	1
殖	1
框	1
誤	1
哭	1
撮	1
損	1
炮	1
漂	1
岳	1
誉	1
棚	1
泛	1
）	1
諾	1
芯	1
擦	1
芙	1
辰	1
杉	1
憶	1
疆	1
桂	1
兹	1
悟	1
弋	1
呈	1
霞	1
姉	1
併	1
歡	1
赖	1
舰	1
撤	1
駆	1
鐘	1
拼	1
堆	1
訴	1
尿	1
賢	1
効	1
抑	1
魯	1
駐	1
芬	1
締	1
緊	1
柜	1
撰	1
靈	1
驶	1
貌	1
貝	1
災	1
侍	1
泳	1
朵	1
葡	1
谓	1
僅	1
卢	1
賣	1
錯	1
玻	1
晨	1
藍	1
爽	1
亜	1
卻	1
逸	1
廊	1
陰	1
聽	1
》	1
壊	1
腾	1
铺	1
凉	1
揮	1
暮	1
砲	1
泣	1
苹	1
挺	1
亭	1
」	1
歯	1
恨	1
貼	1
蛇	1
嗎	1
搬	1
柴	1
奪	1
劉	1
尘	1
抬	1
慎	1
帽	1
斷	1
谋	1
疲	1
呆	1
彻	1
浙	1
衝	1
肃	1
竜	1
濃	1
炉	1
慌	1
輔	1
筒	1
锦	1
