的	1692
一	521
不	403
是	378
了	376
人	364
在	307
有	285
大	259
上	220
我	215
中	212
会	197
为	194
生	191
这	178
个	174
和	165
出	161
发	155
要	155
来	146
到	144
年	142
国	140
学	140
行	136
家	136
时	135
子	135
自	131
能	130
下	130
可	128
多	128
用	128
对	125
以	124
理	124
实	124
就	123
分	123
地	123
们	121
事	120
本	118
成	117
定	116
工	115
心	115
作	114
他	111
业	111
动	111
法	111
好	110
也	107
长	107
高	104
开	103
方	103
新	103
小	102
主	101
力	100
公	99
于	99
全	98
面	98
得	96
合	96
说	96
体	96
你	94
市	93
化	93
后	93
意	93
部	92
日	91
过	90
民	90
之	90
所	89
现	88
经	87
着	86
情	84
都	84
重	83
前	81
天	81
同	80
点	80
水	80
性	80
产	78
进	77
场	76
外	76
看	75
建	73
加	73
度	73
起	72
机	72
手	71
第	70
道	70
入	70
三	70
明	70
通	69
最	69
期	69
区	69
么	68
文	68
二	68
车	68
电	68
位	67
▁	67
如	66
关	66
内	66
十	66
物	66
间	65
务	65
相	65
无	65
当	65
名	65
还	64
员	64
其	64
制	64
想	64
安	63
被	63
量	63
院	63
很	62
而	62
里	62
教	61
美	61
管	60
知	59
表	59
交	59
保	59
气	59
种	58
比	58
应	58
代	58
没	57
解	57
身	57
特	56
金	56
向	56
常	55
提	55
者	55
次	55
等	55
展	54
活	54
政	54
原	54
做	54
去	54
头	54
己	53
样	53
然	53
两	53
平	53
感	53
告	52
信	52
程	52
任	52
目	51
月	51
路	51
回	51
将	51
题	50
老	50
科	50
书	50
处	49
打	49
品	48
数	48
更	48
导	48
利	48
与	48
设	47
基	47
质	47
强	47
委	47
资	46
件	46
商	46
口	46
立	45
报	45
线	45
问	44
那	44
西	44
风	44
因	43
果	43
服	43
但	43
组	43
此	43
门	43
格	43
议	43
并	43
党	43
色	43
社	42
接	42
海	42
受	42
流	42
从	42
给	42
只	41
结	41
各	41
条	41
正	41
证	41
收	41
山	41
局	41
已	40
规	40
持	40
价	40
万	40
传	40
诉	40
技	39
术	39
决	39
案	39
女	39
几	39
总	39
战	39
清	39
放	39
师	38
步	38
单	38
网	38
元	38
记	38
少	38
病	38
型	38
光	38
转	38
什	37
影	37
系	37
式	37
选	37
级	37
南	37
使	36
项	36
示	36
认	36
完	36
支	36
标	36
变	36
见	36
深	36
办	36
爱	36
复	36
斯	36
花	36
尔	36
据	35
领	35
真	35
视	35
观	35
司	34
育	34
息	34
专	34
容	34
创	34
增	34
医	34
助	34
费	34
运	34
审	34
省	34
研	33
非	33
较	33
至	33
极	33
形	33
治	33
东	33
造	33
共	33
越	33
权	33
取	33
指	33
再	33
四	33
太	33
节	33
些	32
述	32
精	32
效	32
话	32
达	32
每	32
华	32
她	32
调	32
职	32
让	32
儿	32
带	32
房	32
百	32
需	31
计	31
城	31
直	31
限	31
查	31
整	31
干	31
义	31
队	31
率	31
款	31
热	31
周	31
把	31
孩	30
求	30
校	30
友	30
台	30
必	30
料	30
推	30
思	30
考	30
联	30
村	30
字	30
反	30
白	30
五	30
及	29
责	29
该	29
准	29
北	29
护	29
备	29
集	29
先	29
判	29
防	29
失	29
克	29
始	28
别	28
积	28
注	28
源	28
值	28
球	28
未	28
空	28
首	28
装	28
近	28
器	28
约	28
听	28
走	28
军	28
马	28
企	27
境	27
具	27
由	27
易	27
致	27
赛	27
布	27
置	27
养	27
确	27
难	27
言	27
士	27
住	27
拉	27
世	26
统	26
升	26
识	26
构	26
消	26
户	26
段	26
列	26
排	26
引	26
某	26
眼	26
半	26
称	26
红	26
血	26
县	26
习	25
界	25
供	25
投	25
觉	25
喜	25
控	25
众	25
营	25
改	25
满	25
类	25
往	25
号	25
站	25
吃	25
又	25
火	25
究	24
参	24
律	24
照	24
才	24
模	24
游	24
团	24
落	24
优	24
低	24
亲	24
适	24
监	24
州	24
边	24
预	24
演	24
座	24
候	23
响	23
环	23
何	23
存	23
态	23
试	23
论	23
股	23
片	23
评	23
图	23
星	23
留	23
初	23
况	22
济	22
怎	22
望	22
今	22
仅	22
命	22
险	22
状	22
严	22
农	22
乐	22
快	22
切	22
语	22
细	22
离	22
声	22
角	22
温	22
害	22
板	22
德	22
张	22
早	22
班	22
根	21
际	21
群	21
检	21
执	21
算	21
付	21
势	21
协	21
食	21
素	21
课	21
像	21
配	21
便	21
味	21
季	21
停	21
油	21
副	21
包	20
神	20
功	20
庭	20
除	20
连	20
客	20
微	20
份	20
举	20
底	20
景	20
维	20
千	20
端	20
剧	20
王	20
巴	20
健	19
欢	19
历	19
负	19
域	19
材	19
施	19
随	19
简	19
请	19
充	19
卫	19
居	19
承	19
愿	19
速	19
男	19
象	19
察	19
层	19
江	19
警	19
讲	19
写	19
久	19
送	19
亚	19
钱	19
笑	19
假	19
或	18
坚	18
显	18
终	18
验	18
范	18
围	18
降	18
争	18
足	18
晚	18
均	18
园	18
兴	18
念	18
广	18
尽	18
阳	18
修	18
抗	18
断	17
疫	17
获	17
疗	17
故	17
许	17
属	17
双	17
压	17
核	17
征	17
音	17
土	17
依	17
宝	17
例	17
固	17
益	17
背	17
纪	17
药	17
刻	17
货	17
博	17
止	17
紧	17
官	17
额	17
林	17
米	17
石	17
古	17
兰	17
楼	17
京	16
按	16
融	16
减	16
测	16
富	16
志	16
青	16
毒	16
死	16
远	16
借	16
伤	16
财	16
室	16
缺	16
击	16
短	16
批	16
疑	16
余	16
盘	16
府	15
康	15
宣	15
采	15
销	15
担	15
普	15
驾	15
香	15
它	15
找	15
买	15
则	15
句	15
乡	15
酒	15
春	15
印	15
河	15
伙	15
航	15
跟	15
换	15
画	15
密	15
谈	15
轮	15
够	14
朋	14
艺	14
介	14
智	14
妈	14
超	14
章	14
序	14
督	14
即	14
损	14
英	14
独	14
错	14
违	14
伴	14
哈	14
刑	14
树	14
黑	14
救	14
會	14
八	14
纳	14
守	14
龙	14
织	13
续	13
划	13
旅	13
母	13
牌	13
另	13
福	13
轻	13
族	13
略	13
曾	13
录	13
购	13
善	13
予	13
待	13
衣	13
國	13
急	13
激	13
呼	13
编	13
差	13
六	13
玩	13
码	13
透	13
却	13
聚	13
镇	13
拿	13
鲜	13
穿	13
歌	13
酸	13
宁	13
草	13
卡	13
般	12
策	12
否	12
帮	12
讼	12
售	12
媒	12
稳	12
避	12
免	12
突	12
乎	12
读	12
吸	12
破	12
哪	12
追	12
误	12
顺	12
临	12
绝	12
冠	12
补	12
异	12
招	12
亮	12
九	12
奖	12
裁	12
占	12
延	12
贵	12
洗	12
怀	12
遗	12
射	12
卖	12
载	12
業	12
李	12
侧	12
冷	12
私	12
來	12
夜	12
届	12
汽	11
银	11
父	11
患	11
频	11
偿	11
互	11
罪	11
染	11
登	11
绿	11
移	11
启	11
令	11
夫	11
典	11
彩	11
净	11
访	11
诊	11
宜	11
這	11
哥	11
抓	11
阿	11
餐	11
學	11
七	11
波	11
税	11
奇	11
词	11
赞	11
木	11
恶	11
田	11
希	10
且	10
析	10
史	10
革	10
劳	10
驶	10
困	10
竞	10
遇	10
午	10
犯	10
涉	10
似	10
席	10
慢	10
丽	10
概	10
探	10
索	10
输	10
症	10
婚	10
答	10
签	10
订	10
岁	10
版	10
良	10
店	10
堂	10
含	10
暖	10
块	10
纷	10
梦	10
幅	10
湖	10
脑	10
隐	10
為	10
储	10
烈	10
缓	10
套	10
架	10
灵	10
途	10
脸	10
静	10
礼	10
迷	10
封	10
尼	10
毛	10
杀	10
迫	10
折	10
顶	10
择	9
础	9
须	9
申	9
综	9
亿	9
左	9
右	9
阶	9
键	9
培	9
幸	9
毕	9
疾	9
赔	9
街	9
逐	9
触	9
仍	9
趣	9
涨	9
托	9
币	9
迎	9
洲	9
附	9
盖	9
贫	9
黄	9
债	9
痛	9
苦	9
脱	9
炎	9
個	9
妇	9
飞	9
姐	9
怕	9
租	9
奋	9
巨	9
奶	9
毫	9
佛	9
振	9
汇	9
冲	9
時	9
肉	9
岛	9
經	9
癌	9
默	9
奥	9
笔	9
朝	9
缩	9
钢	9
牛	9
散	9
過	9
徒	9
阵	9
沉	9
骨	9
弱	9
宽	9
烟	9
迟	9
剂	9
偏	9
筑	8
操	8
戏	8
钟	8
训	8
拥	8
丰	8
践	8
港	8
召	8
授	8
释	8
罗	8
亡	8
爸	8
杂	8
鉴	8
贸	8
播	8
污	8
危	8
武	8
票	8
罚	8
苏	8
饮	8
刚	8
氧	8
斗	8
攻	8
粉	8
丝	8
盟	8
饭	8
顾	8
弟	8
津	8
退	8
液	8
洁	8
既	8
著	8
云	8
洋	8
馆	8
贴	8
禁	8
残	8
威	8
露	8
忘	8
零	8
朗	8
饰	8
夏	8
幕	8
档	8
秘	8
誉	8
厚	8
曲	8
圈	8
甲	8
糖	8
硬	8
叫	8
侵	8
沙	8
摩	8
漫	8
灾	8
現	8
野	8
惊	8
潜	8
浓	8
雨	8
於	8
阻	8
牢	8
冰	8
俗	8
纸	8
敬	8
虽	7
甚	7
络	7
绍	7
障	7
绩	7
促	7
虑	7
束	7
享	7
辆	7
肯	7
符	7
练	7
渐	7
永	7
讨	7
献	7
谢	7
欧	7
植	7
醒	7
熟	7
庆	7
妻	7
搭	7
贷	7
纠	7
仪	7
败	7
截	7
松	7
摄	7
跌	7
贯	7
菜	7
坐	7
坏	7
胜	7
隔	7
懂	7
舞	7
皇	7
發	7
归	7
弹	7
爷	7
闭	7
陪	7
若	7
援	7
讯	7
返	7
靠	7
荣	7
辈	7
您	7
藏	7
進	7
嫌	7
開	7
耗	7
暴	7
库	7
動	7
账	7
厅	7
冬	7
览	7
忙	7
肥	7
扬	7
澳	7
乌	7
乘	7
惠	7
茶	7
牙	7
忽	7
燃	7
繁	7
唱	7
資	7
旗	7
辩	7
豆	7
關	7
抵	7
脚	7
扫	7
忍	7
剩	7
圣	7
庄	7
戴	7
耳	7
巡	7
倒	7
員	7
跑	7
箱	7
拼	7
滴	7
齐	7
迹	7
湿	7
顿	7
淡	7
刘	7
矿	7
墙	7
闪	7
括	6
努	6
闻	6
针	6
挥	6
央	6
童	6
幼	6
距	6
履	6
掌	6
谓	6
肤	6
俄	6
們	6
唯	6
龄	6
弃	6
润	6
估	6
映	6
汉	6
扩	6
川	6
床	6
悉	6
寻	6
拍	6
累	6
遍	6
混	6
派	6
肺	6
敢	6
递	6
爆	6
脂	6
厂	6
帝	6
尚	6
恋	6
睡	6
敏	6
赏	6
麻	6
伸	6
径	6
骗	6
窗	6
坦	6
浪	6
孕	6
暂	6
链	6
末	6
麼	6
滑	6
替	6
赶	6
圆	6
恐	6
震	6
轨	6
妹	6
纯	6
篇	6
凡	6
勇	6
诸	6
慰	6
吉	6
缘	6
叶	6
陈	6
伊	6
绘	6
烧	6
抱	6
谁	6
蓝	6
诗	6
喝	6
倾	6
诚	6
萨	6
押	6
扰	6
兵	6
赢	6
宫	6
乙	6
悟	6
實	6
廉	6
岸	6
沿	6
乳	6
灯	6
跨	6
榜	6
電	6
秋	6
產	6
挂	6
辨	6
悲	6
阴	6
潮	6
豪	6
當	6
勤	6
磨	6
體	6
滋	6
锅	6
兼	6
鲁	6
碳	6
盛	6
鱼	6
螺	6
醫	6
疏	6
呢	6
继	5
秀	5
尤	5
惯	5
胞	5
楚	5
屋	5
垃	5
圾	5
殊	5
竟	5
握	5
询	5
趋	5
伍	5
岗	5
池	5
署	5
励	5
详	5
绕	5
蛋	5
扶	5
氛	5
衡	5
休	5
拒	5
颜	5
辑	5
邀	5
旧	5
尊	5
彻	5
葡	5
萄	5
描	5
铁	5
巧	5
殖	5
罩	5
辅	5
搜	5
間	5
聊	5
祝	5
聘	5
址	5
辛	5
屏	5
翻	5
扎	5
陷	5
抑	5
陆	5
遭	5
遵	5
塑	5
凭	5
婆	5
珍	5
舍	5
柔	5
镜	5
跃	5
脏	5
虚	5
孤	5
筹	5
祖	5
掉	5
旁	5
凝	5
晨	5
偶	5
篮	5
吧	5
峰	5
驳	5
樣	5
菌	5
冒	5
甘	5
寿	5
脾	5
迁	5
锋	5
腐	5
役	5
宾	5
忧	5
犹	5
計	5
後	5
邮	5
佩	5
抚	5
孔	5
脉	5
填	5
契	5
刊	5
胎	5
肠	5
甜	5
蜜	5
乱	5
畅	5
拜	5
肝	5
袭	5
泡	5
結	5
搬	5
叹	5
惑	5
灭	5
菲	5
夺	5
逃	5
恰	5
仓	5
捕	5
锁	5
抽	5
貌	5
嘴	5
牵	5
欺	5
珠	5
塞	5
桌	5
奔	5
洛	5
瓶	5
胃	5
墨	5
迪	5
長	5
淋	5
莫	5
孙	5
驻	5
雪	5
羽	5
搞	5
晶	5
跳	5
废	5
颈	5
醇	5
壁	5
欠	5
悠	5
唤	5
纵	5
逆	5
魔	5
翼	5
創	5
颖	5
唐	5
滚	5
腿	5
剪	5
莱	5
绪	4
阅	4
恢	4
软	4
皮	4
迅	4
旦	4
鼓	4
挑	4
忆	4
苹	4
董	4
械	4
覆	4
苗	4
佳	4
呈	4
湾	4
乏	4
刺	4
姓	4
循	4
券	4
兄	4
添	4
辖	4
诺	4
炼	4
昨	4
漂	4
娘	4
碍	4
仿	4
仔	4
題	4
宅	4
舒	4
拓	4
肌	4
蒙	4
赖	4
焦	4
疼	4
欣	4
烦	4
宗	4
玉	4
耐	4
鸡	4
恩	4
惜	4
宿	4
硕	4
旋	4
吗	4
腾	4
尿	4
務	4
涯	4
陌	4
荡	4
凌	4
桃	4
伟	4
纽	4
怪	4
坡	4
艰	4
炸	4
郁	4
肃	4
踪	4
拆	4
诞	4
梯	4
捐	4
椒	4
伏	4
姆	4
郑	4
耀	4
贝	4
欲	4
碰	4
撞	4
赋	4
嘉	4
對	4
撤	4
猪	4
設	4
刷	4
泪	4
邻	4
泽	4
溶	4
盗	4
倡	4
朵	4
摆	4
腺	4
割	4
統	4
捷	4
页	4
應	4
伦	4
杯	4
悄	4
铺	4
谋	4
瓷	4
雷	4
淀	4
別	4
弥	4
氨	4
幻	4
區	4
饱	4
荷	4
報	4
導	4
踏	4
叔	4
機	4
扣	4
矩	4
寒	4
拔	4
種	4
抢	4
麦	4
茫	4
袋	4
胡	4
呵	4
妙	4
議	4
轴	4
腹	4
诱	4
裂	4
倍	4
谷	4
颁	4
壮	4
泉	4
旬	4
瓜	4
悬	4
烯	4
調	4
衰	4
摸	4
薄	4
叠	4
膀	4
猫	4
涂	4
勃	4
汗	4
說	4
況	4
杆	4
摇	4
叙	4
栏	4
羊	4
纹	4
師	4
募	4
碎	4
赴	4
漓	4
規	4
肢	4
識	4
崇	4
揭	4
卷	4
變	4
耕	4
诵	4
團	4
膜	4
舉	4
辦	4
挤	4
哭	4
狠	4
論	4
拖	4
紫	4
泄	4
尾	4
柱	4
峡	4
裙	4
绑	4
裤	4
杰	4
蟹	4
畏	4
扭	4
稀	4
尘	4
啊	4
宋	4
刀	4
浮	4
挺	4
態	4
黨	4
措	3
圳	3
睛	3
咨	3
姻	3
浙	3
泛	3
雄	3
矛	3
盾	3
尝	3
娱	3
册	3
逻	3
驱	3
灣	3
允	3
彼	3
晰	3
赁	3
杭	3
肪	3
肿	3
纤	3
魅	3
徽	3
問	3
奏	3
眠	3
陕	3
奉	3
译	3
匀	3
闲	3
诈	3
拟	3
掘	3
尺	3
寸	3
憾	3
奈	3
場	3
厉	3
泌	3
聪	3
婴	3
燥	3
惧	3
缴	3
辽	3
携	3
際	3
厨	3
萝	3
卜	3
認	3
狂	3
俱	3
旨	3
厦	3
谨	3
慎	3
乃	3
暗	3
慈	3
搅	3
拌	3
颗	3
粒	3
恼	3
寓	3
滤	3
習	3
涵	3
妆	3
亏	3
赠	3
籍	3
菩	3
辣	3
肖	3
齿	3
黎	3
辉	3
煌	3
〇	3
淘	3
泥	3
煤	3
雅	3
糊	3
豫	3
術	3
宏	3
浏	3
漏	3
洞	3
泰	3
扮	3
暑	3
彰	3
狮	3
催	3
窃	3
邦	3
狗	3
桥	3
昆	3
疲	3
歉	3
擦	3
拘	3
堪	3
媳	3
琴	3
御	3
擅	3
愈	3
妨	3
吐	3
槽	3
番	3
還	3
胆	3
厌	3
慨	3
姿	3
選	3
恒	3
敦	3
糕	3
船	3
歷	3
偷	3
悦	3
無	3
脆	3
饲	3
眾	3
滨	3
胖	3
阔	3
丧	3
胀	3
狱	3
碑	3
抬	3
內	3
筛	3
卓	3
愉	3
腻	3
匆	3
溃	3
續	3
插	3
胶	3
專	3
昌	3
參	3
據	3
祥	3
磁	3
覺	3
辞	3
劲	3
芝	3
熬	3
盯	3
浸	3
侦	3
劣	3
漠	3
決	3
丹	3
侣	3
丢	3
瑞	3
横	3
挣	3
蜂	3
費	3
抖	3
穷	3
艾	3
歡	3
歧	3
吵	3
枢	3
鼠	3
肩	3
炒	3
旺	3
堵	3
舰	3
晓	3
谅	3
弯	3
杜	3
鞋	3
锈	3
顯	3
雕	3
價	3
隆	3
稿	3
奠	3
埃	3
杨	3
酬	3
摘	3
骑	3
椅	3
娃	3
葛	3
啥	3
億	3
遊	3
標	3
單	3
驗	3
構	3
尖	3
挽	3
劃	3
醉	3
壳	3
噪	3
瓣	3
栓	3
義	3
桂	3
蝎	3
艳	3
蒸	3
隙	3
晋	3
責	3
灰	3
茄	3
療	3
薪	3
剖	3
曼	3
伯	3
钻	3
椎	3
兩	3
乒	3
乓	3
绸	3
妥	3
領	3
庞	3
溢	3
聯	3
請	3
堆	3
準	3
備	3
秉	3
芒	3
炉	3
廷	3
強	3
蕴	3
梅	3
缅	3
毁	3
巾	3
杉	3
仙	3
羯	3
險	3
冻	3
叛	3
胰	3
挡	3
霸	3
衷	3
浦	3
達	3
夕	3
兑	3
嘲	3
網	3
掩	3
寺	3
拨	3
辜	3
狀	3
爽	3
忌	3
狐	3
牧	3
菇	3
胸	3
秤	3
協	3
蓄	3
串	3
樱	3
嘱	3
雇	3
缝	3
遥	3
削	3
讽	3
颇	3
誓	3
斥	3
姥	3
帅	3
沪	3
枝	3
伪	3
寄	3
蔽	3
亦	3
堡	3
锐	3
浩	3
坞	3
朱	3
陀	3
祷	3
浴	3
乖	3
垒	3
丁	3
桶	3
贪	3
話	3
點	3
紀	3
芬	3
逝	3
芳	3
腰	3
韧	3
赵	3
戒	3
髓	3
媽	3
親	3
芽	3
觀	3
製	3
饿	3
株	3
毅	3
虫	3
痘	3
穆	3
眉	3
纲	3
昏	3
柬	3
埔	3
饼	3
戶	3
仇	3
恨	3
將	3
洽	3
逼	3
喊	3
嘿	3
琐	3
舅	3
兢	3
慧	2
荐	2
沟	2
撑	2
贡	2
骤	2
沒	2
韩	2
渠	2
玻	2
璃	2
芯	2
丈	2
谐	2
坛	2
森	2
瞬	2
蔬	2
锻	2
姑	2
咖	2
啡	2
瘤	2
秩	2
吨	2
宇	2
宙	2
胁	2
馈	2
疆	2
框	2
魂	2
咱	2
蹈	2
曝	2
挖	2
濟	2
赚	2
盈	2
粮	2
仰	2
函	2
匹	2
壤	2
哲	2
怖	2
箭	2
弘	2
渴	2
疯	2
響	2
尴	2
尬	2
傅	2
删	2
牺	2
牲	2
披	2
梳	2
巩	2
厘	2
敌	2
辐	2
叉	2
姨	2
仲	2
宪	2
怨	2
稍	2
腔	2
逾	2
泳	2
悔	2
垂	2
羡	2
慕	2
斤	2
碌	2
聞	2
厕	2
肚	2
轿	2
汰	2
闹	2
咳	2
嗽	2
炭	2
馨	2
酵	2
雖	2
谊	2
凤	2
凰	2
伐	2
擎	2
渗	2
舆	2
骄	2
傲	2
玫	2
瑰	2
耶	2
稣	2
係	2
戚	2
梁	2
愤	2
怒	2
拾	2
環	2
隧	2
槛	2
吁	2
衔	2
啤	2
組	2
織	2
惕	2
渡	2
詹	2
該	2
崛	2
搏	2
擇	2
莞	2
舶	2
運	2
钥	2
匙	2
腊	2
躺	2
許	2
陶	2
鼻	2
焊	2
屈	2
绎	2
幽	2
沈	2
宠	2
峻	2
記	2
忠	2
怜	2
粹	2
撼	2
藝	2
曹	2
須	2
纺	2
讶	2
膨	2
诠	2
裹	2
钮	2
沫	2
茅	2
較	2
垄	2
挫	2
糟	2
翰	2
阐	2
痕	2
汛	2
澡	2
崩	2
罢	2
橡	2
盲	2
凸	2
惩	2
拯	2
斜	2
泼	2
與	2
獲	2
寂	2
寞	2
灿	2
烂	2
猜	2
孵	2
袖	2
蔓	2
瑜	2
伽	2
逊	2
君	2
缆	2
繼	2
牡	2
處	2
逮	2
抛	2
竣	2
惫	2
夸	2
陸	2
裕	2
夠	2
懈	2
總	2
簧	2
樂	2
闺	2
酷	2
矫	2
绽	2
泻	2
谱	2
锡	2
脖	2
蚂	2
蚁	2
吹	2
睐	2
哺	2
耍	2
巅	2
咪	2
蓬	2
亩	2
帽	2
墅	2
卧	2
杠	2
盼	2
衍	2
畴	2
钓	2
蝴	2
蝶	2
栽	2
驰	2
傳	2
乾	2
尸	2
沃	2
饺	2
呕	2
虎	2
奢	2
侈	2
項	2
廊	2
夯	2
蚀	2
遏	2
臂	2
聆	2
訊	2
卉	2
溯	2
斷	2
翡	2
翠	2
膳	2
卑	2
慌	2
傍	2
刹	2
晒	2
護	2
臺	2
戲	2
醛	2
酱	2
熊	2
嵌	2
帷	2
磷	2
丙	2
幫	2
課	2
妊	2
娠	2
瀑	2
衬	2
衫	2
喂	2
銀	2
嘛	2
喻	2
萬	2
弈	2
勉	2
屁	2
臣	2
捉	2
辟	2
颠	2
棉	2
畫	2
羁	2
卦	2
數	2
蜘	2
蛛	2
萎	2
葫	2
芦	2
卵	2
巢	2
浑	2
礎	2
鸣	2
執	2
涌	2
烤	2
烹	2
饪	2
贩	2
肾	2
積	2
極	2
負	2
迄	2
耽	2
視	2
焰	2
缚	2
艇	2
討	2
掀	2
柠	2
檬	2
虹	2
肇	2
蕉	2
柴	2
隊	2
贺	2
僅	2
翅	2
镑	2
儒	2
韭	2
洪	2
骼	2
華	2
莓	2
顷	2
匠	2
疡	2
撰	2
渲	2
凹	2
狭	2
窄	2
東	2
轰	2
莲	2
針	2
輕	2
钩	2
阱	2
罕	2
柏	2
迭	2
佬	2
甸	2
蒜	2
粽	2
喇	2
叭	2
稻	2
澈	2
浇	2
筷	2
擁	2
凉	2
賽	2
風	2
沥	2
酰	2
胺	2
熙	2
荧	2
筋	2
嫉	2
妒	2
徐	2
姜	2
攀	2
糯	2
烷	2
溺	2
幂	2
吕	2
凑	2
洱	2
枸	2
杞	2
沂	2
缀	2
遣	2
碗	2
門	2
汲	2
侃	2
兔	2
仁	2
葩	2
瞒	2
硫	2
膝	2
胳	2
膊	2
訓	2
練	2
廓	2
梭	2
侨	2
摧	2
庙	2
紹	2
祭	2
祀	2
扇	2
築	2
拇	2
減	2
嚴	2
並	2
滩	2
薯	2
擔	2
淄	2
劫	2
祸	2
狸	2
畜	2
菊	2
蘑	2
瞄	2
營	2
棚	2
矶	2
厢	2
畢	2
澄	2
帖	2
晕	2
澎	2
湃	2
粗	2
糙	2
宴	2
帜	2
胚	2
竭	2
徘	2
徊	2
柿	2
倘	2
隨	2
譬	2
憧	2
憬	2
叮	2
帼	2
岩	2
鐘	2
娩	2
馒	2
囊	2
佣	2
骚	2
枯	2
烘	2
脊	2
趁	2
秒	2
鬼	2
橄	2
榄	2
烁	2
鍵	2
殴	2
嫁	2
磅	2
涤	2
貿	2
坎	2
坷	2
皆	2
湛	2
乔	2
玛	2
汤	2
滥	2
畸	2
唇	2
衛	2
簡	2
荔	2
曙	2
稚	2
潇	2
洒	2
踊	2
垫	2
缠	2
紊	2
潍	2
坊	2
灌	2
溉	2
泣	2
訴	2
巷	2
抹	2
抄	2
猴	2
沧	2
桑	2
髦	2
寝	2
谣	2
睦	2
邪	2
階	2
躲	2
綜	2
麒	2
麟	2
幾	2
芙	2
蓉	2
秸	2
秆	2
锂	2
壓	2
铭	2
祈	2
砥	2
砺	2
沐	2
躁	2
淌	2
類	2
砖	2
帶	2
維	2
驭	2
枚	2
戰	2
競	2
爭	2
贬	2
佐	2
瞻	2
條	2
葱	2
坪	2
盒	2
堅	2
琢	2
涡	2
鹅	2
侥	2
璋	2
婪	2
侮	2
辱	2
棵	2
酌	2
吓	2
豐	2
錄	2
谎	2
韓	2
枣	2
昼	2
澜	2
爵	2
帐	2
篷	2
耦	2
屬	2
拦	2
泊	2
剥	2
終	2
赌	2
焚	2
恭	2
慮	2
顽	2
沮	2
铸	2
毯	2
拭	2
皱	2
盔	2
愧	2
渔	2
裡	2
哮	2
喘	2
炫	2
昔	2
阀	2
柄	2
謂	2
穩	2
霆	2
榴	2
璀	2
璨	2
旱	2
獨	2
捍	2
塘	2
帘	2
績	2
邓	2
辰	2
掺	2
敛	2
閱	2
讀	2
逛	2
慷	2
捧	2
奴	2
隶	2
見	2
氯	2
檢	2
挚	2
語	2
愚	2
蠢	2
驿	2
沛	2
節	2
喷	2
雾	2
沸	2
劝	2
暧	2
昧	2
冀	2
兒	2
瓦	2
銷	2
塔	2
笼	2
螃	2
姊	2
亞	2
車	2
筝	2
預	2
趟	2
慣	2
邯	2
郸	2
咽	2
喉	2
谴	2
棋	2
腕	2
轼	2
勵	2
蔡	2
屠	2
舌	2
崖	2
黏	2
孝	2
拳	2
辗	2
粘	2
飙	2
寨	2
渊	2
硝	2
仗	2
锦	2
則	2
诫	2
歐	2
饥	2
粤	2
柜	2
腌	2
吴	2
捞	2
釋	2
滞	2
铜	2
離	2
颤	2
耘	2
贿	2
瑕	2
疵	2
苯	2
哀	2
捆	2
霉	2
蛙	2
媚	2
痹	2
瘫	2
痪	2
稱	2
雙	2
勒	2
窒	2
揮	2
荆	2
職	2
汕	2
逢	2
凶	2
抉	2
惬	2
朦	2
胧	2
癫	2
痫	2
睹	2
韵	2
羞	2
栅	2
昂	2
園	2
莅	2
匪	2
浅	2
晴	2
侯	2
卸	2
懒	2
腦	2
缤	2
胱	2
嗓	2
粪	2
褐	2
盐	2
呐	2
讓	2
庸	2
弛	2
猛	2
敞	2
願	2
滿	2
莆	2
雀	2
逸	2
蔚	2
虾	2
渤	2
竹	2
桩	2
黛	2
栈	2
穴	2
灸	2
朴	2
萌	2
宛	2
遮	2
屿	2
榆	2
诀	2
缔	2
夹	2
娜	2
蘋	2
绵	2
軍	2
咬	2
棒	2
煎	2
卒	2
呆	2
蚊	2
謝	2
枕	2
喧	2
嚣	2
硅	2
赡	2
敲	2
虐	2
殿	2
郭	1
秦	1
從	1
氏	1
井	1
啦	1
枪	1
剑	1
凯	1
溪	1
鸟	1
燕	1
呀	1
書	1
弄	1
柳	1
俊	1
哦	1
煮	1
魏	1
盆	1
炮	1
迈	1
陵	1
荒	1
斑	1
瘦	1
飘	1
骂	1
氣	1
孟	1
爬	1
撒	1
約	1
頭	1
贤	1
俩	1
馬	1
鹏	1
汁	1
岭	1
愛	1
贾	1
曰	1
權	1
郎	1
坑	1
吊	1
埋	1
卢	1
赤	1
玲	1
霍	1
狼	1
給	1
蒂	1
蒋	1
霞	1
兽	1
惨	1
赫	1
冯	1
玄	1
彭	1
弗	1
涛	1
湘	1
袁	1
質	1
難	1
莉	1
鹿	1
岳	1
傻	1
張	1
暨	1
線	1
碧	1
萧	1
轉	1
筒	1
氢	1
舟	1
墓	1
亭	1
確	1
汪	1
連	1
證	1
砂	1
扑	1
摊	1
窝	1
栋	1
茂	1
蛇	1
潘	1
鸿	1
浆	1
苍	1
級	1
丑	1
帕	1
翔	1
臭	1
嫩	1
勾	1
斌	1
鼎	1
犬	1
渣	1
愁	1
丘	1
姚	1
卻	1
霜	1
闷	1
韦	1
罐	1
钙	1
廣	1
猎	1
琳	1
娇	1
侠	1
淮	1
踩	1
葬	1
陳	1
鸭	1
吞	1
漆	1
绳	1
兆	1
吾	1
爾	1
遂	1
試	1
妖	1
柯	1
熱	1
摔	1
圖	1
勢	1
铝	1
黃	1
莎	1
咸	1
崔	1
戈	1
缸	1
聲	1
阁	1
禅	1
扔	1
評	1
梨	1
優	1
帆	1
萍	1
鑫	1
泵	1
酯	1
縣	1
歲	1
膏	1
養	1
鹰	1
丸	1
號	1
坤	1
邊	1
潭	1
興	1
碱	1
钉	1
扯	1
坝	1
獎	1
劇	1
兹	1
聽	1
丛	1
磊	1
昭	1
妮	1
踢	1
轩	1
刮	1
砸	1
弦	1
婷	1
酶	1
吻	1
怡	1
羅	1
講	1
撕	1
藤	1
僧	1
砍	1
旭	1
纱	1
遠	1
妃	1
闯	1
靖	1
裝	1
铃	1
蛮	1
復	1
鹤	1
歇	1
財	1
農	1
薇	1
陽	1
谦	1
適	1
寫	1
紅	1
肆	1
粥	1
醋	1
晃	1
斩	1
痴	1
溜	1
艘	1
拐	1
敷	1
酿	1
擊	1
勿	1
琼	1
測	1
苑	1
惹	1
薛	1
伞	1
杏	1
塌	1
勘	1
壶	1
捡	1
蕾	1
茨	1
梗	1
谭	1
細	1
層	1
買	1
竖	1
卿	1
娟	1
疹	1
翁	1
瑶	1
宰	1
屡	1
蘭	1
勺	1
妄	1
瑟	1
烫	1
绣	1
坠	1
彬	1
弊	1
裸	1
沾	1
痰	1
傷	1
枫	1
淑	1
邱	1
屯	1
彦	1
監	1
莹	1
溫	1
禽	1
挨	1
婉	1
嗯	1
藥	1
窑	1
娶	1
桐	1
購	1
館	1
僵	1
爹	1
赐	1
郡	1
锤	1
郊	1
弧	1
廖	1
寶	1
寡	1
丨	1
灶	1
舱	1
惟	1
錢	1
龍	1
捏	1
殷	1
涩	1
尹	1
絕	1
圍	1
談	1
氮	1
熔	1
痒	1
贼	1
訪	1
橘	1
雁	1
夷	1
扁	1
樓	1
侍	1
蹲	1
裔	1
補	1
採	1
藉	1
饶	1
冶	1
鐵	1
甩	1
奸	1
矣	1
鄉	1
琪	1
淫	1
雲	1
錯	1
珊	1
橙	1
渝	1
臨	1
冈	1
揉	1
钦	1
绒	1
邵	1
聖	1
魄	1
睁	1
焕	1
編	1
吟	1
廠	1
邹	1
禮	1
飛	1
蜡	1
钠	1
耻	1
掏	1
疮	1
扛	1
屑	1
跪	1
審	1
蒲	1
顧	1
額	1
倦	1
換	1
鄂	1
逗	1
盡	1
豹	1
異	1
挪	1
瞧	1
咋	1
矮	1
堤	1
殺	1
颂	1
龟	1
刃	1
貨	1
勋	1
哄	1
鞭	1
勝	1
蜀	1
歪	1
睿	1
揽	1
勞	1
姬	1
順	1
靈	1
劉	1
酮	1
仕	1
铅	1
巫	1
棍	1
冥	1
兮	1
兜	1
锌	1
帧	1
稅	1
丫	1
袍	1
俯	1
島	1
輪	1
爪	1
镀	1
鲍	1
漢	1
咒	1
緊	1
幣	1
佑	1
炖	1
闸	1
栖	1
納	1
榮	1
嗎	1
襄	1
棕	1
熏	1
茎	1
宵	1
笨	1
弓	1
嫂	1
賣	1
栗	1
禄	1
岂	1
範	1
亨	1
彤	1
赣	1
楠	1
闽	1
俞	1
哎	1
祂	1
汝	1
畔	1
贞	1
甫	1
祛	1
靶	1
雯	1
瘾	1
铲	1
倪	1
餘	1
奕	1
冤	1
瞎	1
氟	1
琦	1
谜	1
钾	1
耿	1
菱	1
鸽	1
愣	1
哇	1
拱	1
沦	1
吼	1
恳	1
剛	1
甄	1
攝	1
昊	1
骏	1
載	1
壹	1
懷	1
啟	1
週	1
麗	1
吳	1
邢	1
喀	1
魚	1
惡	1
芹	1
暮	1
翘	1
奎	1
剔	1
哨	1
屆	1
禹	1
俭	1
籽	1
鸦	1
抒	1
樹	1
馅	1
歸	1
郝	1
靓	1
訂	1
樊	1
彪	1
匿	1
敗	1
阜	1
笋	1
鎮	1
綠	1
哑	1
貴	1
霖	1
哼	1
筆	1
陋	1
坟	1
藻	1
拢	1
慶	1
詞	1
雜	1
棘	1
酥	1
缕	1
宮	1
旷	1
舊	1
纬	1
雍	1
叨	1
蘇	1
診	1
尋	1
龚	1
懵	1
腥	1
淹	1
庚	1
邑	1
聂	1
漸	1
怠	1
晖	1
雌	1
蹭	1
飲	1
躯	1
祁	1
淳	1
攒	1
夢	1
肋	1
嘻	1
豁	1
盏	1
冉	1
韶	1
苟	1
皂	1
嚼	1
趴	1
蹄	1
煞	1
沁	1
詩	1
扒	1
孜	1
芭	1
窟	1
徵	1
脫	1
苔	1
凳	1
戳	1
暇	1
軟	1
遺	1
葵	1
媛	1
驚	1
禾	1
涅	1
魁	1
仑	1
歼	1
赎	1
灼	1
焉	1
咯	1
奧	1
眸	1
臀	1
烛	1
輸	1
咏	1
笛	1
璐	1
靜	1
楷	1
腳	1
倩	1
棱	1
榨	1
庐	1
搓	1
磕	1
婦	1
锥	1
倚	1
楊	1
恍	1
迦	1
巍	1
仆	1
牟	1
倫	1
挠	1
虞	1
棠	1
寥	1
絲	1
驴	1
眷	1
諸	1
蹦	1
矢	1
娥	1
彈	1
屎	1
霾	1
盤	1
乞	1
違	1
斋	1
荫	1
債	1
誤	1
贱	1
揣	1
掠	1
匈	1
钛	1
窦	1
觅	1
觸	1
绞	1
萃	1
崎	1
啪	1
擴	1
驼	1
苛	1
黔	1
衝	1
圓	1
梓	1
庫	1
釉	1
穗	1
獻	1
堰	1
亂	1
浊	1
損	1
翩	1
恤	1
芜	1
稽	1
瞪	1
諾	1
稠	1
佈	1
憋	1
寅	1
絮	1
菠	1
凄	1
嘎	1
隋	1
盎	1
绷	1
悍	1
渭	1
輯	1
骆	1
葉	1
捣	1
噩	1
淤	1
蝉	1
齊	1
簽	1
尧	1
芸	1
犀	1
碼	1
貼	1
贮	1
堕	1
垮	1
噬	1
锯	1
镶	1
禧	1
钧	1
颅	1
讳	1
杖	1
蚕	1
狄	1
頁	1
淨	1
飯	1
搁	1
皓	1
祠	1
鮮	1
砌	1
啸	1
娅	1
闫	1
哗	1
瘟	1
碟	1
岚	1
绊	1
臉	1
晾	1
泸	1
卤	1
肛	1
靡	1
塊	1
鄙	1
疤	1
簇	1
朔	1
袜	1
捂	1
棄	1
鞍	1
崭	1
梵	1
詢	1
災	1
琅	1
墩	1
拂	1
辊	1
蓋	1
厄	1
壞	1
扳	1
坯	1
嗅	1
戊	1
炳	1
梧	1
诡	1
裴	1
酚	1
誰	1
汾	1
曦	1
绚	1
碾	1
頻	1
俏	1
丞	1
檔	1
咕	1
紛	1
垢	1
漳	1
廳	1
汀	1
緣	1
轧	1
幢	1
亥	1
肘	1
伺	1
钳	1
憶	1
妍	1
飾	1
霄	1
垦	1
锚	1
儀	1
侄	1
虛	1
頂	1
複	1
瞩	1
陡	1
窍	1
哉	1
渺	1
鳞	1
漲	1
脐	1
桓	1
橋	1
藍	1
谍	1
賴	1
陰	1
佔	1
撩	1
熄	1
劈	1
疚	1
茵	1
褪	1
絡	1
竿	1
肽	1
裏	1
寇	1
嘟	1
嘘	1
吏	1
咐	1
钞	1
囚	1
眨	1
埠	1
脓	1
洼	1
偉	1
骁	1
朽	1
尉	1
柚	1
漱	1
槐	1
拽	1
僚	1
咧	1
覽	1
怯	1
耸	1
靴	1
拧	1
緩	1
戎	1
窥	1
誠	1
镁	1
硒	1
賞	1
饵	1
珀	1
淇	1
檐	1
揚	1
窜	1
齡	1
柑	1
亢	1
鄭	1
俘	1
昕	1
汹	1
渍	1
玺	1
呗	1
斧	1
枉	1
衅	1
涕	1
皖	1
孫	1
眯	1
陣	1
瀚	1
蜗	1
惰	1
譯	1
純	1
滕	1
滔	1
厥	1
暫	1
鲸	1
鏡	1
寧	1
晏	1
庇	1
哟	1
隱	1
镍	1
躬	1
簿	1
撇	1
燈	1
嫣	1
闵	1
賓	1
僻	1
钝	1
凿	1
慑	1
縮	1
茜	1
瞭	1
掐	1
颊	1
雞	1
鲤	1
呜	1
炙	1
橱	1
寬	1
啃	1
拙	1
笃	1
匯	1
赃	1
锣	1
苷	1
鬆	1
唉	1
乍	1
幹	1
焙	1
阮	1
椰	1
歹	1
罰	1
唠	1
嬉	1
妞	1
眶	1
藩	1
冕	1
斐	1
劑	1
莊	1
壇	1
頓	1
芋	1
赘	1
紙	1
陇	1
魯	1
燒	1
輔	1
怼	1
眩	1
隻	1
熠	1
腑	1
梢	1
蝇	1
佼	1
肴	1
棺	1
瘀	1
誌	1
樟	1
惶	1
碘	1
汶	1
毋	1
芥	1
磋	1
俺	1
喃	1
羟	1
铰	1
娄	1
礁	1
駕	1
紐	1
晗	1
恕	1
阎	1
婿	1
薩	1
菁	1
檀	1
哩	1
帳	1
嗨	1
鞠	1
湯	1
绥	1
疱	1
彝	1
跋	1
鬥	1
悼	1
懿	1
澤	1
咀	1
蕊	1
貧	1
搶	1
涝	1
莽	1
颐	1
拎	1
蜕	1
酪	1
雏	1
麥	1
粟	1
哒	1
晤	1
舔	1
聋	1
趾	1
咚	1
溅	1
麓	1
緒	1
痞	1
瞳	1
嗜	1
睫	1
荟	1
藕	1
閉	1
拷	1
襟	1
岔	1
溝	1
凋	1
翟	1
茹	1
拣	1
註	1
揪	1
桔	1
烃	1
潛	1
脈	1
猝	1
趨	1
磺	1
濒	1
岐	1
戀	1
虔	1
峪	1
掷	1
庶	1
煲	1
祺	1
廢	1
騎	1
圭	1
憨	1
烙	1
沼	1
峥	1
阈	1
榕	1
詳	1
炬	1
貝	1
卯	1
唑	1
秃	1
蔗	1
谛	1
毗	1
蓮	1
舜	1
锰	1
踝	1
峨	1
蠕	1
髮	1
铮	1
嚷	1
馏	1
栩	1
凛	1
篆	1
缉	1
瑾	1
辙	1
匮	1
沽	1
绰	1
孢	1
儘	1
輛	1
遷	1
喵	1
赦	1
垣	1
铬	1
芷	1
缪	1
娴	1
琉	1
绅	1
漾	1
钰	1
茸	1
鏈	1
亟	1
擬	1
笙	1
憂	1
璧	1
晦	1
铂	1
敖	1
滅	1
潔	1
烏	1
傑	1
荼	1
扼	1
昱	1
駐	1
唾	1
賢	1
逍	1
恪	1
娓	1
窘	1
籌	1
滇	1
鋼	1
冊	1
妳	1
奪	1
鹊	1
嘗	1
薦	1
釜	1
貢	1
眺	1
驯	1
峭	1
恬	1
绯	1
颓	1
槟	1
豚	1
萱	1
砚	1
趕	1
遴	1
墟	1
懦	1
氓	1
碩	1
譽	1
玮	1
辭	1
泾	1
掰	1
秧	1
囤	1
敵	1
酋	1
泗	1
茬	1
蚝	1
涟	1
煙	1
壽	1
谬	1
陨	1
