数据	1	2
获取	1	2
一个	1	2
的	1	1
数	1	1
用	1	1
一	1	1
是	1	1
不	1	1
中	1	1
个	1	1
有	1	1
为	1	1
时	1	1
在	1	1
件	1	1
取	1	1
定	1	1
文	1	1
据	1	1
置	1	1
表	1	1
成	1	1
字	1	1
回	1	1
到	1	1
行	1	1
名	1	1
入	1	1
大	1	1
对	1	1
可	1	1
上	1	1
新	1	1
加	1	1
要	1	1
下	1	1
分	1	1
值	1	1
出	1	1
类	1	1
请	1	1
息	1	1
获	1	1
示	1	1
以	1	1
接	1	1
存	1	1
信	1	1
设	1	1
方	1	1
能	1	1
点	1	1
人	1	1
前	1	1
作	1	1
理	1	1
法	1	1
果	1	1
发	1	1
了	1	1
户	1	1
查	1	1
单	1	1
间	1	1
如	1	1
本	1	1
后	1	1
式	1	1
生	1	1
动	1	1
和	1	1
小	1	1
返	1	1
否	1	1
日	1	1
标	1	1
码	1	1
地	1	1
位	1	1
列	1	1
除	1	1
使	1	1
自	1	1
于	1	1
当	1	1
所	1	1
子	1	1
号	1	1
参	1	1
型	1	1
这	1	1
开	1	1
会	1	1
器	1	1
面	1	1
图	1	1
度	1	1
内	1	1
最	1	1
化	1	1
建	1	1
量	1	1
始	1	1
过	1	1
组	1	1
功	1	1
区	1	1
选	1	1
通	1	1
结	1	1
录	1	1
改	1	1
目	1	1
指	1	1
务	1	1
输	1	1
关	1	1
调	1	1
合	1	1
已	1	1
部	1	1
页	1	1
我	1	1
求	1	1
市	1	1
次	1	1
实	1	1
将	1	1
重	1	1
更	1	1
制	1	1
符	1	1
配	1	1
象	1	1
进	1	1
需	1	1
性	1	1
认	1	1
来	1	1
题	1	1
程	1	1
模	1	1
失	1	1
口	1	1
空	1	1
期	1	1
者	1	1
提	1	1
态	1	1
复	1	1
修	1	1
得	1	1
多	1	1
格	1	1
函	1	1
应	1	1
正	1	1
注	1	1
则	1	1
消	1	1
节	1	1
序	1	1
代	1	1
此	1	1
保	1	1
处	1	1
删	1	1
容	1	1
之	1	1
包	1	1
状	1	1
体	1	1
同	1	1
事	1	1
主	1	1
品	1	1
询	1	1
创	1	1
该	1	1
元	1	1
第	1	1
天	1	1
或	1	1
年	1	1
转	1	1
传	1	1
路	1	1
例	1	1
机	1	1
高	1	1
相	1	1
片	1	1
操	1	1
全	1	1
无	1	1
月	1	1
称	1	1
就	1	1
明	1	1
计	1	1
你	1	1
败	1	1
密	1	1
解	1	1
变	1	1
段	1	1
条	1	1
默	1	1
色	1	1
断	1	1
商	1	1
里	1	1
系	1	1
编	1	1
错	1	1
只	1	1
县	1	1
常	1	1
初	1	1
等	1	1
情	1	1
现	1	1
证	1	1
手	1	1
支	1	1
服	1	1
道	1	1
送	1	1
载	1	1
限	1	1
线	1	1
属	1	1
他	1	1
放	1	1
记	1	1
公	1	1
没	1	1
添	1	1
显	1	1
其	1	1
集	1	1
金	1	1
国	1	1
任	1	1
话	1	1
并	1	1
被	1	1
都	1	1
意	1	1
经	1	1
看	1	1
址	1	1
交	1	1
完	1	1
义	1	1
向	1	1
换	1	1
山	1	1
算	1	1
二	1	1
判	1	1
级	1	1
工	1	1
家	1	1
三	1	1
原	1	1
长	1	1
管	1	1
学	1	1
验	1	1
写	1	1
从	1	1
收	1	1
未	1	1
登	1	1
源	1	1
每	1	1
误	1	1
按	1	1
权	1	1
根	1	1
串	1	1
确	1	1
好	1	1
统	1	1
效	1	1
网	1	1
物	1	1
也	1	1
项	1	1
资	1	1
引	1	1
版	1	1
平	1	1
们	1	1
与	1	1
移	1	1
素	1	1
执	1	1
板	1	1
问	1	1
安	1	1
持	1	1
心	1	1
打	1	1
检	1	1
库	1	1
测	1	1
力	1	1
直	1	1
由	1	1
试	1	1
必	1	1
端	1	1
先	1	1
命	1	1
员	1	1
比	1	1
時	1	1
择	1	1
构	1	1
备	1	1
链	1	1
说	1	1
签	1	1
启	1	1
付	1	1
索	1	1
特	1	1
西	1	1
外	1	1
头	1	1
连	1	1
流	1	1
找	1	1
清	1	1
去	1	1
因	1	1
增	1	1
知	1	1
像	1	1
省	1	1
样	1	1
起	1	1
台	1	1
读	1	1
角	1	1
南	1	1
整	1	1
订	1	1
您	1	1
基	1	1
水	1	1
画	1	1
描	1	1
击	1	1
业	1	1
别	1	1
给	1	1
形	1	1
控	1	1
然	1	1
东	1	1
州	1	1
排	1	1
装	1	1
海	1	1
城	1	1
键	1	1
径	1	1
料	1	1
具	1	1
块	1	1
再	1	1
电	1	1
两	1	1
而	1	1
还	1	1
令	1	1
总	1	1
异	1	1
光	1	1
客	1	1
非	1	1
設	1	1
述	1	1
导	1	1
镇	1	1
步	1	1
活	1	1
束	1	1
那	1	1
志	1	1
么	1	1
运	1	1
北	1	1
超	1	1
布	1	1
少	1	1
卡	1	1
辑	1	1
美	1	1
产	1	1
利	1	1
联	1	1
界	1	1
种	1	1
王	1	1
域	1	1
立	1	1
神	1	1
音	1	1
動	1	1
缓	1	1
报	1	1
视	1	1
详	1	1
把	1	1
边	1	1
框	1	1
历	1	1
门	1	1
含	1	1
周	1	1
填	1	1
待	1	1
额	1	1
四	1	1
止	1	1
率	1	1
环	1	1
闭	1	1
语	1	1
身	1	1
藏	1	1
即	1	1
拉	1	1
些	1	1
左	1	1
右	1	1
告	1	1
白	1	1
账	1	1
费	1	1
江	1	1
造	1	1
但	1	1
十	1	1
它	1	1
女	1	1
京	1	1
触	1	1
石	1	1
田	1	1
易	1	1
规	1	1
展	1	1
做	1	1
星	1	1
供	1	1
己	1	1
且	1	1
插	1	1
景	1	1
切	1	1
及	1	1
价	1	1
乡	1	1
真	1	1
太	1	1
局	1	1
退	1	1
何	1	1
司	1	1
层	1	1
站	1	1
首	1	1
款	1	1
間	1	1
监	1	1
册	1	1
案	1	1
反	1	1
听	1	1
族	1	1
析	1	1
秒	1	1
場	1	1
广	1	1
播	1	1
技	1	1
贴	1	1
想	1	1
速	1	1
频	1	1
队	1	1
须	1	1
菜	1	1
剪	1	1
细	1	1
選	1	1
许	1	1
世	1	1
候	1	1
共	1	1
快	1	1
友	1	1
车	1	1
推	1	1
花	1	1
言	1	1
至	1	1
開	1	1
校	1	1
個	1	1
村	1	1
优	1	1
达	1	1
核	1	1
场	1	1
影	1	1
钮	1	1
份	1	1
微	1	1
识	1	1
预	1	1
五	1	1
很	1	1
無	1	1
社	1	1
书	1	1
顶	1	1
才	1	1
云	1	1
搜	1	1
照	1	1
短	1	1
川	1	1
後	1	1
范	1	1
民	1	1
治	1	1
章	1	1
河	1	1
论	1	1
坐	1	1
停	1	1
受	1	1
树	1	1
林	1	1
张	1	1
着	1	1
访	1	1
考	1	1
教	1	1
准	1	1
印	1	1
精	1	1
窗	1	1
宝	1	1
围	1	1
致	1	1
随	1	1
储	1	1
况	1	1
邮	1	1
武	1	1
维	1	1
跳	1	1
投	1	1
英	1	1
带	1	1
為	1	1
续	1	1
群	1	1
风	1	1
购	1	1
老	1	1
留	1	1
球	1	1
史	1	1
店	1	1
审	1	1
略	1	1
科	1	1
货	1	1
络	1	1
阳	1	1
資	1	1
若	1	1
宽	1	1
见	1	1
游	1	1
余	1	1
响	1	1
缩	1	1
评	1	1
允	1	1
离	1	1
黑	1	1
马	1	1
値	1	1
箱	1	1
感	1	1
声	1	1
战	1	1
変	1	1
父	1	1
助	1	1
充	1	1
强	1	1
博	1	1
销	1	1
記	1	1
什	1	1
匹	1	1
午	1	1
某	1	1
足	1	1
木	1	1
楼	1	1
红	1	1
古	1	1
今	1	1
斯	1	1
語	1	1
牌	1	1
颜	1	1
克	1	1
深	1	1
會	1	1
尔	1	1
释	1	1
批	1	1
野	1	1
防	1	1
各	1	1
追	1	1
句	1	1
警	1	1
词	1	1
男	1	1
隐	1	1
盘	1	1
申	1	1
议	1	1
近	1	1
東	1	1
這	1	1
距	1	1
院	1	1
德	1	1
针	1	1
房	1	1
青	1	1
政	1	1
递	1	1
波	1	1
绑	1	1
士	1	1
境	1	1
差	1	1
采	1	1
升	1	1
背	1	1
龙	1	1
街	1	1
弹	1	1
魔	1	1
禁	1	1
島	1	1
百	1	1
专	1	1
來	1	1
刷	1	1
华	1	1
屏	1	1
死	1	1
遍	1	1
八	1	1
览	1	1
唯	1	1
让	1	1
锁	1	1
思	1	1
隔	1	1
低	1	1
半	1	1
较	1	1
享	1	1
积	1	1
典	1	1
六	1	1
便	1	1
简	1	1
继	1	1
仅	1	1
尾	1	1
火	1	1
湖	1	1
書	1	1
循	1	1
术	1	1
結	1	1
乐	1	1
滤	1	1
满	1	1
國	1	1
線	1	1
封	1	1
確	1	1
依	1	1
永	1	1
歌	1	1
數	1	1
福	1	1
実	1	1
千	1	1
母	1	1
几	1	1
双	1	1
掉	1	1
標	1	1
長	1	1
档	1	1
底	1	1
终	1	1
請	1	1
報	1	1
暂	1	1
李	1	1
替	1	1
射	1	1
票	1	1
附	1	1
压	1	1
阿	1	1
万	1	1
普	1	1
截	1	1
括	1	1
曲	1	1
师	1	1
钱	1	1
栏	1	1
走	1	1
归	1	1
連	1	1
私	1	1
刘	1	1
免	1	1
奖	1	1
見	1	1
际	1	1
望	1	1
帝	1	1
减	1	1
领	1	1
钟	1	1
架	1	1
松	1	1
越	1	1
答	1	1
染	1	1
质	1	1
顺	1	1
气	1	1
計	1	1
亮	1	1
座	1	1
均	1	1
官	1	1
适	1	1
护	1	1
久	1	1
春	1	1
曹	1	1
皇	1	1
脚	1	1
池	1	1
延	1	1
現	1	1
檔	1	1
希	1	1
玩	1	1
固	1	1
黄	1	1
银	1	1
攻	1	1
决	1	1
宁	1	1
機	1	1
義	1	1
愛	1	1
矩	1	1
郎	1	1
绘	1	1
负	1	1
汉	1	1
編	1	1
似	1	1
認	1	1
過	1	1
约	1	1
香	1	1
买	1	1
住	1	1
扩	1	1
静	1	1
钥	1	1
她	1	1
食	1	1
往	1	1
點	1	1
偏	1	1
康	1	1
戏	1	1
井	1	1
军	1	1
爱	1	1
七	1	1
币	1	1
哈	1	1
阅	1	1
介	1	1
观	1	1
區	1	1
又	1	1
冲	1	1
朝	1	1
姓	1	1
课	1	1
龍	1	1
米	1	1
喜	1	1
夜	1	1
团	1	1
远	1	1
承	1	1
室	1	1
罗	1	1
软	1	1
策	1	1
协	1	1
营	1	1
関	1	1
吉	1	1
奇	1	1
滚	1	1
轴	1	1
処	1	1
土	1	1
划	1	1
临	1	1
航	1	1
浏	1	1
別	1	1
寺	1	1
於	1	1
進	1	1
風	1	1
班	1	1
九	1	1
號	1	1
础	1	1
般	1	1
番	1	1
單	1	1
帧	1	1
授	1	1
赋	1	1
巴	1	1
占	1	1
假	1	1
透	1	1
項	1	1
馬	1	1
券	1	1
類	1	1
對	1	1
激	1	1
戦	1	1
独	1	1
訊	1	1
套	1	1
跟	1	1
渲	1	1
顯	1	1
降	1	1
尼	1	1
血	1	1
牛	1	1
將	1	1
拍	1	1
刻	1	1
藤	1	1
良	1	1
録	1	1
伊	1	1
落	1	1
雄	1	1
雪	1	1
映	1	1
著	1	1
対	1	1
智	1	1
译	1	1
抽	1	1
酒	1	1
股	1	1
谷	1	1
热	1	1
終	1	1
夹	1	1
干	1	1
彩	1	1
敗	1	1
轮	1	1
阵	1	1
夏	1	1
幕	1	1
吧	1	1
港	1	1
益	1	1
儿	1	1
售	1	1
兵	1	1
惠	1	1
欢	1	1
零	1	1
學	1	1
員	1	1
玉	1	1
逻	1	1
吗	1	1
沒	1	1
夫	1	1
堂	1	1
電	1	1
陆	1	1
研	1	1
荐	1	1
健	1	1
碼	1	1
练	1	1
検	1	1
哪	1	1
圆	1	1
托	1	1
缀	1	1
沙	1	1
兴	1	1
病	1	1
換	1	1
温	1	1
帖	1	1
込	1	1
削	1	1
征	1	1
习	1	1
栈	1	1
绝	1	1
圖	1	1
苏	1	1
発	1	1
町	1	1
互	1	1
守	1	1
侧	1	1
草	1	1
扫	1	1
恢	1	1
拟	1	1
派	1	1
呼	1	1
演	1	1
究	1	1
富	1	1
駅	1	1
旋	1	1
补	1	1
門	1	1
傳	1	1
缺	1	1
頭	1	1
怪	1	1
組	1	1
發	1	1
雷	1	1
翻	1	1
題	1	1
居	1	1
避	1	1
滑	1	1
故	1	1
倍	1	1
宗	1	1
択	1	1
効	1	1
尺	1	1
視	1	1
覆	1	1
骨	1	1
蓝	1	1
關	1	1
額	1	1
卷	1	1
众	1	1
態	1	1
暗	1	1
君	1	1
錯	1	1
亚	1	1
割	1	1
鼠	1	1
読	1	1
眼	1	1
雨	1	1
宮	1	1
複	1	1
剩	1	1
早	1	1
杂	1	1
焦	1	1
贝	1	1
突	1	1
另	1	1
摄	1	1
府	1	1
盖	1	1
佛	1	1
概	1	1
與	1	1
經	1	1
問	1	1
話	1	1
倒	1	1
葛	1	1
训	1	1
體	1	1
內	1	1
企	1	1
破	1	1
輸	1	1
塔	1	1
杀	1	1
味	1	1
浮	1	1
郡	1	1
阶	1	1
雅	1	1
园	1	1
吃	1	1
帮	1	1
毛	1	1
耗	1	1
举	1	1
拿	1	1
够	1	1
礼	1	1
兰	1	1
折	1	1
業	1	1
诸	1	1
孙	1	1
種	1	1
医	1	1
拼	1	1
叫	1	1
予	1	1
寸	1	1
梅	1	1
醒	1	1
津	1	1
厂	1	1
屋	1	1
師	1	1
材	1	1
張	1	1
洞	1	1
餐	1	1
達	1	1
們	1	1
斗	1	1
横	1	1
佳	1	1
仁	1	1
陈	1	1
飞	1	1
极	1	1
仓	1	1
昌	1	1
錢	1	1
殊	1	1
泉	1	1
甲	1	1
皮	1	1
強	1	1
赛	1	1
預	1	1
尚	1	1
節	1	1
森	1	1
办	1	1
園	1	1
牙	1	1
庆	1	1
隆	1	1
叉	1	1
啊	1	1
続	1	1
灵	1	1
忽	1	1
油	1	1
讯	1	1
刚	1	1
氏	1	1
誤	1	1
齐	1	1
末	1	1
圈	1	1
念	1	1
毫	1	1
當	1	1
規	1	1
旧	1	1
卖	1	1
幸	1	1
署	1	1
岛	1	1
觉	1	1
害	1	1
毕	1	1
威	1	1
育	1	1
呢	1	1
峰	1	1
职	1	1
陽	1	1
亞	1	1
施	1	1
泰	1	1
載	1	1
笑	1	1
華	1	1
迎	1	1
豆	1	1
嘉	1	1
庄	1	1
級	1	1
気	1	1
责	1	1
乱	1	1
休	1	1
約	1	1
察	1	1
乘	1	1
亲	1	1
委	1	1
赤	1	1
勝	1	1
怎	1	1
宋	1	1
調	1	1
难	1	1
備	1	1
塞	1	1
险	1	1
旅	1	1
虚	1	1
笔	1	1
馆	1	1
唐	1	1
律	1	1
稍	1	1
散	1	1
副	1	1
尽	1	1
挂	1	1
県	1	1
洋	1	1
鬼	1	1
孩	1	1
並	1	1
扣	1	1
铁	1	1
闻	1	1
戳	1	1
秀	1	1
細	1	1
御	1	1
拖	1	1
绍	1	1
贵	1	1
纪	1	1
秋	1	1
網	1	1
铺	1	1
恋	1	1
兼	1	1
羽	1	1
啟	1	1
弟	1	1
慢	1	1
許	1	1
硬	1	1
術	1	1
溪	1	1
暴	1	1
混	1	1
夢	1	1
還	1	1
探	1	1
祖	1	1
织	1	1
軍	1	1
務	1	1
艺	1	1
應	1	1
擇	1	1
渡	1	1
葉	1	1
決	1	1
刀	1	1
從	1	1
變	1	1
灣	1	1
衣	1	1
製	1	1
隊	1	1
纳	1	1
赖	1	1
农	1	1
桥	1	1
阻	1	1
秘	1	1
伤	1	1
稿	1	1
拦	1	1
宿	1	1
錄	1	1
镜	1	1
党	1	1
洲	1	1
說	1	1
尝	1	1
哥	1	1
圣	1	1
萨	1	1
丁	1	1
虎	1	1
善	1	1
岩	1	1
抛	1	1
宣	1	1
拳	1	1
枚	1	1
洛	1	1
証	1	1
陵	1	1
佐	1	1
館	1	1
稱	1	1
聊	1	1
車	1	1
庫	1	1
統	1	1
旗	1	1
励	1	1
紀	1	1
忠	1	1
杨	1	1
丹	1	1
却	1	1
舞	1	1
轉	1	1
丽	1	1
借	1	1
蒙	1	1
衡	1	1
叶	1	1
谢	1	1
既	1	1
济	1	1
準	1	1
残	1	1
虑	1	1
急	1	1
招	1	1
產	1	1
垂	1	1
親	1	1
猫	1	1
刪	1	1
胡	1	1
晚	1	1
曾	1	1
論	1	1
戰	1	1
鱼	1	1
寶	1	1
崎	1	1
甘	1	1
該	1	1
頁	1	1
毁	1	1
聖	1	1
麻	1	1
敏	1	1
運	1	1
復	1	1
寻	1	1
茶	1	1
竹	1	1
遇	1	1
順	1	1
累	1	1
覧	1	1
株	1	1
争	1	1
势	1	1
宇	1	1
橋	1	1
堆	1	1
丶	1	1
棋	1	1
肉	1	1
季	1	1
殿	1	1
優	1	1
試	1	1
戶	1	1
羅	1	1
桃	1	1
浪	1	1
脑	1	1
弃	1	1
炮	1	1
轻	1	1
奥	1	1
忘	1	1
遠	1	1
飛	1	1
魏	1	1
汇	1	1
央	1	1
逆	1	1
露	1	1
須	1	1
寄	1	1
盟	1	1
财	1	1
際	1	1
宫	1	1
巨	1	1
途	1	1
帐	1	1
拒	1	1
药	1	1
亡	1	1
壁	1	1
參	1	1
丰	1	1
獲	1	1
莉	1	1
吴	1	1
岡	1	1
诉	1	1
爆	1	1
迭	1	1
捷	1	1
納	1	1
邀	1	1
爾	1	1
船	1	1
赞	1	1
胜	1	1
構	1	1
磁	1	1
冰	1	1
媒	1	1
繁	1	1
仪	1	1
昭	1	1
珠	1	1
離	1	1
拷	1	1
粉	1	1
乌	1	1
拥	1	1
仙	1	1
塊	1	1
幅	1	1
跨	1	1
恩	1	1
损	1	1
养	1	1
奈	1	1
严	1	1
卫	1	1
迟	1	1
様	1	1
裡	1	1
丢	1	1
伝	1	1
冷	1	1
遗	1	1
銀	1	1
瑞	1	1
聚	1	1
碎	1	1
衛	1	1
孝	1	1
陳	1	1
黒	1	1
応	1	1
饰	1	1
宜	1	1
樂	1	1
則	1	1
勇	1	1
徐	1	1
權	1	1
鲁	1	1
庭	1	1
苗	1	1
闲	1	1
宏	1	1
尊	1	1
總	1	1
裝	1	1
測	1	1
轩	1	1
兄	1	1
剑	1	1
朱	1	1
担	1	1
灰	1	1
讲	1	1
振	1	1
灯	1	1
閉	1	1
狂	1	1
融	1	1
仍	1	1
實	1	1
楽	1	1
範	1	1
嵌	1	1
摩	1	1
袁	1	1
乎	1	1
岗	1	1
糊	1	1
雲	1	1
丝	1	1
執	1	1
梦	1	1
