ExecutionContext	16
addEventListener	16
ancellationToken	16
includegraphics	15
springframework	15
printStackTrace	15
ERCHANTABILITY	14
getElementById	14
Authentication	14
ComponentModel	14
preventDefault	14
eltemperaturen	14
Configuration	13
pgfpathlineto	13
configuration	13
EventListener	13
createElement	13
querySelector	13
HasColumnType	13
Serialization	13
subsubsection	13
CodeAttribute	13
ClickListener	13
Authorization	13
meisterschaft	13
elasticsearch	13
frastructure	12
assertEquals	12
operatorname	12
Notification	12
construction	12
Subscription	12
subscription	12
getAttribute	12
notification	12
OutputStream	12
setAttribute	12
displaystyle	12
ByComparator	12
EventHandler	12
istributions	12
Registration	12
Introduction	12
translation	11
description	11
Description	11
Application	11
application	11
Transaction	11
fortunately	11
hentication	11
Collections	11
assertEqual	11
istribution	11
dimensional	11
transaction	11
IOException	11
Environment	11
resentation	11
Constructor	11
InputStream	11
Information	11
getInstance	11
issenschaft	11
isterschaft	11
Instruction	11
Diagnostics	11
constructor	11
multicolumn	11
Certificate	11
Declaration	11
asticsearch	11
destination	11
annotations	11
information	11
toLowerCase	11
environment	11
GroupLayout	11
removeClass	11
OwnProperty	11
appendChild	11
persistence	11
Destination	11
Permissions	11
Constraints	11
placeholder	11
UnityEngine	11
Initialized	11
Preferences	11
HttpServlet	11
deserialize	11
Translation	11
Credentials	11
emperaturen	11
scriptstyle	11
proposition	11
getProperty	11
initialized	11
Controller	10
Connection	10
varepsilon	10
Properties	10
ampionship	10
unfinished	10
rightarrow	10
subsection	10
Parameters	10
ifications	10
Collection	10
Definition	10
boldsymbol	10
Expression	10
Descriptor	10
Repository	10
components	10
ensuremath	10
connection	10
Attributes	10
annotation	10
properties	10
Identifier	10
Background	10
parameters	10
controller	10
background	10
attributes	10
plications	10
ailability	10
getElement	10
AspNetCore	10
Validation	10
definition	10
collection	10
expression	10
Permission	10
validation	10
emperature	10
Components	10
Annotation	10
ationToken	10
descriptor	10
Dictionary	10
Navigation	10
Appearance	10
Management	10
Constraint	10
getMessage	10
Comparator	10
assertTrue	10
scriptions	10
initialize	10
Visibility	10
transition	10
StatusCode	10
Extensions	10
repository	10
identifier	10
javascript	10
Illuminate	10
StackTrace	10
Serializer	10
newcommand	10
TagHelpers	10
ographical	10
Transition	10
extensions	10
Unexpected	10
navigation	10
Initialize	10
Horizontal	10
Foundation	10
DataSource	10
ologically	10
Operations	10
compatible	10
Reflection	10
permission	10
management	10
categories	10
production	10
conditions	10
Enumerable	10
operations	10
istributed	10
Dependency	10
stylesheet	10
concurrent	10
especially	10
processing	10
Middleware	10
authorized	10
getContext	10
Generation	10
Completion	10
Attachment	10
deprecated	10
constraint	10
parentNode	10
Statistics	10
Processing	10
horizontal	10
getOperand	10
Comparison	10
Assignment	10
getCurrent	10
attachment	10
getDefault	10
successful	10
unregister	10
formation	9
Exception	9
plication	9
ification	9
Component	9
Attribute	9
ashington	9
Container	9
Parameter	9
Interface	9
prototype	9
container	9
scription	9
framework	9
Operation	9
component	9
exception	9
abilities	9
Reference	9
ictionary	9
istration	9
attribute	9
Statement	9
interface	9
operation	9
transform	9
Microsoft	9
Transform	9
widetilde	9
Extension	9
Selection	9
pgfqpoint	9
ibilities	9
ityEngine	9
Execution	9
protected	9
Generator	9
centering	9
Constants	9
AppCompat	9
supported	9
Directory	9
Generated	9
condition	9
generated	9
Condition	9
Resources	9
Namespace	9
textwidth	9
roduction	9
conscious	9
undefined	9
available	9
Animation	9
getString	9
agnostics	9
namespace	9
connected	9
parameter	9
extension	9
itionally	9
including	9
Direction	9
reference	9
enumerate	9
ategories	9
underline	9
timestamp	9
resources	9
Framework	9
istribute	9
omitempty	9
achusetts	9
construct	9
Geplaatst	9
direction	9
selection	9
Timestamp	9
Character	9
GroupName	9
arguments	9
tagHelper	9
Validator	9
interpret	9
itutional	9
iddleware	9
HasColumn	9
irtschaft	9
ArrayList	9
Processor	9
criptions	9
placement	9
className	9
directory	9
linewidth	9
sterreich	9
akespeare	9
structure	9
translate	9
partition	9
Alignment	9
specially	9
Converter	9
serialize	9
ationship	9
elligence	9
Available	9
Arguments	9
subscribe	9
notations	9
Signature	9
Supported	9
configure	9
ClassName	9
bootstrap	9
transport	9
functions	9
Implement	9
necessary	9
LowerCase	9
omorphism	9
character	9
Transport	9
ellschaft	9
Partition	9
Copyright	9
ubernetes	9
localhost	9
substring	9
TagHelper	9
Structure	9
itzerland	9
animation	9
threshold	9
ifference	9
generator	9
ropolitan	9
algorithm	9
stringify	9
subfigure	9
minecraft	9
statement	9
signature	9
innerHTML	9
Functions	9
Completed	9
WriteLine	9
sequently	9
Serialize	9
Formatter	9
effective	9
constants	9
Dimension	9
dependent	9
interrupt	9
ufficient	9
wikipedia	9
connector	9
variables	9
classList	9
processor	9
irmingham	9
Primitive	9
Threading	9
something	9
important	9
paragraph	9
naissance	9
Prototype	9
Algorithm	9
versation	9
Rendering	9
itational	9
ponential	9
TextField	9
Migration	9
amination	9
textcolor	9
endregion	9
fortunate	9
Autowired	9
PARAMETER	9
GetString	9
secondary	9
Threshold	9
istically	9
avelength	9
Construct	9
EventArgs	9
Billboard	9
amazonaws	9
implement	9
ErrorCode	9
Variables	9
validator	9
Indicator	9
published	9
INCLUDING	9
zeichnung	9
Workspace	9
Connector	9
astically	9
frequency	9
Separator	9
Utilities	9
templates	9
administr	9
dashboard	9
Criterion	9
Something	9
Listeners	9
copyright	9
efficient	9
equation	8
cription	8
function	8
pression	8
location	8
Response	8
Property	8
ironment	8
Override	8
position	8
Resource	8
Instance	8
ological	8
response	8
unsigned	8
opyright	8
lections	8
Function	8
icrosoft	8
Listener	8
instance	8
Provider	8
olutions	8
Settings	8
resource	8
register	8
eqnarray	8
Position	8
finished	8
Callback	8
Location	8
ulations	8
settings	8
property	8
graphics	8
atically	8
Template	8
internal	8
toString	8
document	8
possible	8
entially	8
Metadata	8
password	8
Document	8
expected	8
template	8
igration	8
overline	8
callback	8
irection	8
Register	8
istribut	8
Selector	8
ometimes	8
ructions	8
standing	8
mathfrak	8
Activity	8
structor	8
operator	8
category	8
nonumber	8
ferences	8
Internal	8
Argument	8
Selected	8
election	8
ployment	8
licenses	8
selected	8
children	8
emporary	8
Password	8
inations	8
protobuf	8
metadata	8
plements	8
Category	8
filename	8
ensional	8
Database	8
Required	8
ToString	8
security	8
continue	8
contains	8
ications	8
platform	8
Variable	8
material	8
atalogue	8
username	8
required	8
Elements	8
Security	8
anguages	8
iterator	8
complete	8
Progress	8
Registry	8
Constant	8
notation	8
DateTime	8
Protocol	8
formance	8
original	8
Platform	8
language	8
validate	8
Iterator	8
erialize	8
American	8
ographie	8
ographic	8
Identity	8
getValue	8
services	8
pository	8
protocol	8
Services	8
Material	8
Endpoint	8
Fragment	8
Sequence	8
Duration	8
ceptions	8
disabled	8
enschaft	8
ashboard	8
Operator	8
agnostic	8
progress	8
izations	8
Renderer	8
Language	8
Children	8
andidate	8
Controls	8
NotFound	8
database	8
quarters	8
noindent	8
atherine	8
Interval	8
optional	8
provider	8
argument	8
features	8
adelphia	8
sylvania	8
Complete	8
generate	8
idelines	8
Optional	8
endpoint	8
enschapp	8
ographer	8
variable	8
interval	8
selector	8
duration	8
abstract	8
strument	8
specific	8
ifferent	8
Dispatch	8
contents	8
activity	8
datetime	8
Nullable	8
Strategy	8
messages	8
emplates	8
dispatch	8
comments	8
gorithms	8
channels	8
FUNCTION	8
Abstract	8
ensitive	8
assembly	8
elements	8
Messages	8
Snapshot	8
MenuItem	8
Resolver	8
sequence	8
currency	8
Contract	8
IMPORTED	8
urations	8
constant	8
straints	8
Expected	8
FileName	8
ibraries	8
iversary	8
Delegate	8
aughters	8
download	8
requency	8
cheduler	8
question	8
Contains	8
ologists	8
External	8
Compiler	8
Standard	8
encoding	8
Contents	8
Observer	8
friendly	8
distance	8
addClass	8
precated	8
zeichnet	8
multicol	8
TestCase	8
ivamente	8
issement	8
Customer	8
customer	8
external	8
subseteq	8
ennessee	8
tainment	8
Encoding	8
jections	8
redirect	8
footnote	8
etheless	8
DataType	8
Modified	8
building	8
Validate	8
includes	8
transfer	8
previous	8
relative	8
setminus	8
compiler	8
products	8
Geometry	8
Pipeline	8
identity	8
Download	8
stellung	8
renderer	8
Original	8
standard	8
Graphics	8
Distance	8
Transfer	8
Criteria	8
priority	8
interest	8
schedule	8
leveland	8
Priority	8
projects	8
ilibrium	8
Disabled	8
ViewById	8
relation	8
Executor	8
ibration	8
activate	8
Calendar	8
PyObject	8
getClass	8
nullable	8
amerikan	8
AAAAAAAA	8
dropdown	8
listener	8
unlikely	8
ancouver	8
Analysis	8
american	8
defaults	8
contract	8
checkbox	8
Features	8
Suppress	8
Username	8
pipeline	8
FilePath	8
volution	8
Rotation	8
registry	8
omorphic	8
resolved	8
commands	8
iliation	8
criptors	8
Drawable	8
Schedule	8
etection	8
Describe	8
Behavior	8
initions	8
parallel	8
plicated	8
Consumer	8
attering	8
analysis	8
riterion	8
negative	8
ogeneous	8
ualmente	8
Generate	8
cheduled	8
fections	8
fragment	8
ificates	8
ervation	8
Debugger	8
controls	8
facebook	8
override	8
snapshot	8
commerce	8
delegate	8
existing	8
Accessor	8
polation	8
Overflow	8
vertical	8
sections	8
graduate	8
iseconds	8
liminary	8
setState	8
Vertical	8
Warnings	8
overflow	8
Filename	8
Requests	8
National	8
Question	8
istrzost	8
Entities	8
modified	8
parseInt	8
Modifier	8
histoire	8
aaaaaaaa	8
appropri	8
Received	8
alloween	8
business	8
Assembly	8
Redirect	8
fileName	8
ReadOnly	8
cosystem	8
training	8
minipage	8
wicklung	8
benfalls	8
breaking	8
collapse	8
INSTANCE	8
itations	8
absolute	8
boldmath	8
minister	8
versions	8
changing	8
capacity	8
Relative	8
setValue	8
Parallel	8
TextView	8
ependant	8
Receiver	8
MetaData	8
entities	8
rotation	8
pectives	8
Multiple	8
compress	8
independ	8
oubtedly	8
hostname	8
typename	8
ventions	8
idential	8
packages	8
Keyboard	8
Commands	8
rollment	8
pathetic	8
Creation	8
requests	8
geometry	8
Currency	8
multiple	8
otherapy	8
although	8
learning	8
Manifest	8
Capacity	8
lessness	8
oriented	8
Absolute	8
calendar	8
regation	8
Previous	8
TabIndex	8
ationale	8
personal	8
TypeInfo	8
PROPERTY	8
pgfscope	8
ational	7
ception	7
message	7
include	7
lection	7
version	7
ization	7
ocument	7
Context	7
olution	7
ference	7
mathcal	7
Request	7
ailable	7
ination	7
Service	7
Element	7
uration	7
ability	7
aterial	7
itional	7
Message	7
ulation	7
context	7
anguage	7
default	7
perties	7
section	7
agement	7
current	7
ibility	7
Manager	7
ruction	7
request	7
summary	7
ategory	7
options	7
ptember	7
Builder	7
ication	7
inition	7
ilities	7
content	7
plement	7
Content	7
emplate	7
ministr	7
private	7
Options	7
Default	7
element	7
Handler	7
ovember	7
ributes	7
partial	7
artment	7
istance	7
Command	7
aughter	7
igation	7
Version	7
Factory	7
ospital	7
Address	7
ography	7
issions	7
service	7
ensions	7
itation	7
process	7
actions	7
display	7
Control	7
criptor	7
isation	7
control	7
address	7
session	7
ampions	7
product	7
ervices	7
epsilon	7
ifornia	7
Process	7
Current	7
command	7
ignment	7
project	7
vention	7
mission	7
atively	7
require	7
gorithm	7
ponents	7
acement	7
itution	7
Session	7
support	7
estival	7
replace	7
Invalid	7
acional	7
caption	7
connect	7
jection	7
ialized	7
Enabled	7
Integer	7
channel	7
example	7
istrict	7
modules	7
Display	7
println	7
package	7
returns	7
Storage	7
Channel	7
Account	7
Product	7
success	7
Windows	7
deleted	7
aturday	7
ificate	7
account	7
Changed	7
Project	7
aciones	7
imation	7
ository	7
ipeline	7
Runtime	7
boolean	7
reshold	7
pective	7
Pointer	7
essions	7
Network	7
iration	7
Adapter	7
angular	7
Profile	7
stances	7
handler	7
ologies	7
runtime	7
Timeout	7
webpack	7
Generic	7
ression	7
profile	7
essages	7
ABILITY	7
manager	7
comment	7
iciency	7
License	7
Support	7
xpected	7
enabled	7
aration	7
network	7
android	7
Details	7
disable	7
appoint	7
related	7
izontal	7
timeout	7
imately	7
achment	7
resents	7
headers	7
Boolean	7
tenance	7
variant	7
oration	7
iveness	7
ocation	7
istence	7
Visible	7
exports	7
DEFAULT	7
VERSION	7
builder	7
testing	7
Drawing	7
install	7
feature	7
results	7
SUCCESS	7
entials	7
Mapping	7
liament	7
getName	7
invalid	7
Texture	7
Wrapper	7
Cluster	7
LICENSE	7
tabular	7
irement	7
release	7
Success	7
Package	7
execute	7
storage	7
ilation	7
changed	7
inating	7
fection	7
Section	7
destroy	7
pgfpath	7
Pattern	7
trigger	7
forward	7
defined	7
ogether	7
adapter	7
Feature	7
riority	7
chester	7
nership	7
Headers	7
umerate	7
widehat	7
ocolate	7
straint	7
cluster	7
pressed	7
windows	7
Results	7
riteria	7
ishment	7
comfort	7
ultural	7
issance	7
Unknown	7
uminate	7
pattern	7
checked	7
ologist	7
Private	7
present	7
counter	7
primary	7
resolve	7
NotNull	7
mediate	7
utenant	7
pending	7
initial	7
onymous	7
allowed	7
ERCHANT	7
pointer	7
ruption	7
factory	7
theless	7
plicate	7
imiento	7
convert	7
History	7
Literal	7
program	7
isEmpty	7
classes	7
looking	7
ografia	7
visible	7
INVALID	7
created	7
Servlet	7
browser	7
Comment	7
ulating	7
payload	7
padding	7
objects	7
details	7
mutable	7
ryption	7
Operand	7
console	7
forEach	7
ylvania	7
Initial	7
itemize	7
integer	7
reation	7
rolling	7
Program	7
indexOf	7
usammen	7
pletion	7
wrapper	7
ificial	7
closure	7
Binding	7
plaatst	7
quality	7
ometric	7
entries	7
eclipse	7
Virtual	7
special	7
ynchron	7
Univers	7
through	7
viously	7
inction	7
setting	7
amiento	7
Objects	7
foreach	7
Machine	7
columns	7
history	7
setText	7
Setting	7
Android	7
endance	7
General	7
ascript	7
SESSION	7
imental	7
mathscr	7
article	7
Columns	7
itempty	7
Helpers	7
holders	7
utschen	7
achuset	7
compare	7
aligned	7
Counter	7
Actions	7
warning	7
picture	7
mapping	7
century	7
incipal	7
restore	7
written	7
Browser	7
Loading	7
unknown	7
getType	7
collect	7
Trigger	7
plugins	7
strings	7
prepare	7
Warning	7
theorem	7
library	7
develop	7
Failure	7
Convert	7
REQUEST	7
pection	7
itative	7
WEBPACK	7
crement	7
subject	7
contact	7
license	7
virtual	7
CLUDING	7
Connect	7
Decimal	7
Returns	7
clusion	7
compute	7
Metrics	7
loading	7
Promise	7
rollers	7
filters	7
itivity	7
country	7
ventory	7
ografie	7
ordered	7
Because	7
attered	7
Library	7
running	7
Release	7
changes	7
SUPPORT	7
ICATION	7
Segment	7
itarian	7
Destroy	7
initely	7
regular	7
natural	7
Summary	7
Execute	7
Primary	7
science	7
routing	7
matches	7
company	7
Contact	7
balance	7
reement	7
updated	7
dataset	7
Dynamic	7
general	7
Padding	7
raction	7
icients	7
chestra	7
limited	7
compile	7
Surface	7
plicity	7
elihood	7
payment	7
Created	7
cussion	7
toEqual	7
dynamic	7
WARNING	7
logging	7
achelor	7
percent	7
liferay	7
Pending	7
ientras	7
covered	7
endment	7
sterdam	7
refresh	7
writing	7
generic	7
Checked	7
claimed	7
Changes	7
ictions	7
uetooth	7
rection	7
segment	7
assador	7
machine	7
binding	7
Monitor	7
ounters	7
complex	7
Present	7
SETTING	7
Console	7
peonato	7
Percent	7
inherit	7
backend	7
valueOf	7
mercial	7
Payment	7
station	7
unction	7
confirm	7
devices	7
helpers	7
fulness	7
claimer	7
emetery	7
isecond	7
igenous	7
texture	7
sembled	7
Example	7
Payload	7
HashMap	7
indices	7
parents	7
because	7
youtube	7
urchase	7
Methods	7
Testing	7
Sprintf	7
Nothing	7
members	7
codegen	7
arently	7
Special	7
encoder	7
without	7
getText	7
osexual	7
ulative	7
Seconds	7
working	7
metrics	7
surface	7
FAILURE	7
servers	7
appings	7
spector	7
prevent	7
remarks	7
Refresh	7
Entries	7
dirname	7
Classes	7
Backend	7
ifiable	7
Replace	7
Variant	7
univers	7
ighters	7
Without	7
innings	7
olation	7
riculum	7
Tracker	7
extract	7
shaller	7
methods	7
Updated	7
suspend	7
preview	7
TIMEOUT	7
DISABLE	7
unately	7
Forward	7
clusive	7
servlet	7
leading	7
Compare	7
klahoma	7
uations	7
irlines	7
Confirm	7
Subject	7
NonNull	7
western	7
missing	7
monitor	7
keyword	7
Encoder	7
MESSAGE	7
Preview	7
pmatrix	7
Gateway	7
Disable	7
student	7
entieth	7
Missing	7
Capture	7
illance	7
twitter	7
CONTROL	7
omsnitt	7
Overlay	7
journal	7
scriber	7
Require	7
Members	7
borough	7
predict	7
Decoder	7
respons	7
itating	7
Allowed	7
CHANNEL	7
Foreign	7
essment	7
iciones	7
seconds	7
toolbar	7
Uniform	7
umbling	7
outputs	7
Station	7
FEATURE	7
cleanup	7
archive	7
numeric	7
forming	7
parency	7
ENABLED	7
Running	7
fprintf	7
tooltip	7
scripts	7
Dataset	7
failure	7
samples	7
abulary	7
winning	7
Toolbar	7
Filters	7
Journal	7
Balance	7
Keyword	7
Marshal	7
reverse	7
inburgh	7
correct	7
opacity	7
Strings	7
cciones	7
Express	7
verbose	7
UNKNOWN	7
Company	7
EqualTo	7
diction	7
express	7
Culture	7
Visitor	7
environ	7
between	7
usement	7
reflect	7
builtin	7
selling	7
catalog	7
Extract	7
compass	7
Partial	7
ADDRESS	7
DESCRIP	7
Measure	7
olutely	7
steller	7
Tooltip	7
intendo	7
contrib	7
spieler	7
nullptr	7
America	7
ynamics	7
getData	7
literal	7
Install	7
getNode	7
origine	7
sources	7
lington	7
ocratic	7
threads	7
Managed	7
Emitter	7
getItem	7
ardless	7
ulously	7
recated	7
CURRENT	7
Include	7
DataSet	7
Utility	7
commons	7
capture	7
Compute	7
density	7
heading	7
uniform	7
inceton	7
COMMAND	7
keeping	7
iblical	7
weights	7
arettes	7
SERVICE	7
respond	7
Sources	7
idental	7
Records	7
overlay	7
Effects	7
Buttons	7
CONTEXT	7
amiliar	7
Xamarin	7
encoded	7
Checker	7
naments	7
buttons	7
respect	7
sprintf	7
publish	7
managed	7
icional	7
lemagne	7
CONNECT	7
ivalent	7
icating	7
sidebar	7
scribed	7
ostream	7
patient	7
itories	7
TextBox	7
conduct	7
English	7
Catalog	7
raising	7
However	7
Unicode	7
Collect	7
isArray	7
inement	7
measure	7
Country	7
Austral	7
ascular	7
Indices	7
matched	7
trained	7
workers	7
records	7
Complex	7
ativity	7
removed	7
perform	7
berries	7
Modules	7
isValid	7
agation	7
powered	7
avorite	7
Matcher	7
Resolve	7
rowning	7
colored	7
Student	7
referto	7
Deleted	7
Routing	7
ations	6
return	6
essage	6
lement	6
String	6
rivate	6
ctions	6
struct	6
source	6
string	6
ething	6
lation	6
Object	6
ptions	6
action	6
aining	6
icense	6
ession	6
ervice	6
ission	6
ically	6
ribute	6
public	6
ertain	6
resent	6
itions	6
length	6
ention	6
Config	6
config	6
ential	6
lected	6
search	6
stance	6
result	6
ponent	6
ograph	6
ending	6
create	6
ension	6
ources	6
Result	6
signed	6
ground	6
object	6
status	6
atures	6
uilder	6
ternal	6
assert	6
mathbb	6
lished	6
iction	6
ording	6
selves	6
ischen	6
System	6
uments	6
though	6
Status	6
idence	6
Client	6
ersion	6
itting	6
lambda	6
atform	6
client	6
append	6
define	6
roller	6
mathbf	6
arning	6
elling	6
upport	6
respon	6
achine	6
parent	6
target	6
pected	6
format	6
actory	6
portun	6
aption	6
offset	6
Action	6
update	6
params	6
Button	6
curity	6
stream	6
Window	6
Stream	6
device	6
apping	6
rought	6
Method	6
mathrm	6
amente	6
Create	6
output	6
verage	6
icient	6
change	6
ensive	6
Column	6
ibrary	6
active	6
Buffer	6
lector	6
Source	6
Number	6
ashing	6
buffer	6
server	6
coming	6
method	6
cember	6
Layout	6
undred	6
ecause	6
ership	6
ialize	6
script	6
Update	6
ements	6
button	6
figure	6
printf	6
Length	6
filter	6
atever	6
remove	6
option	6
google	6
irtual	6
efined	6
inding	6
Output	6
anning	6
number	6
height	6
module	6
urance	6
header	6
apache	6
select	6
Format	6
Entity	6
atives	6
handle	6
Helper	6
Offset	6
Module	6
window	6
othing	6
estern	6
stract	6
Filter	6
arlier	6
center	6
Target	6
Server	6
common	6
azione	6
gorith	6
itable	6
Params	6
Header	6
ounter	6
Option	6
totype	6
ensity	6
inated	6
Change	6
istics	6
global	6
column	6
entity	6
ishing	6
static	6
acters	6
Equals	6
isions	6
values	6
ynamic	6
ederal	6
rowser	6
Height	6
atalog	6
psilon	6
plicit	6
Handle	6
delete	6
encies	6
thread	6
rapper	6
adding	6
Vector	6
Return	6
Access	6
anging	6
romise	6
ifying	6
github	6
Thread	6
author	6
chedul	6
ischer	6
vector	6
double	6
ulated	6
Device	6
friend	6
second	6
amento	6
system	6
render	6
Delete	6
agment	6
custom	6
idents	6
should	6
unicip	6
iation	6
scious	6
Script	6
rangle	6
reedom	6
insert	6
icated	6
access	6
Engine	6
Search	6
equals	6
weight	6
Values	6
estamp	6
Record	6
Dialog	6
schaft	6
ashion	6
ournal	6
levant	6
Render	6
sembly	6
ancing	6
itness	6
arante	6
Custom	6
annels	6
enable	6
contin	6
lichen	6
switch	6
textbf	6
varphi	6
Parent	6
fields	6
Schema	6
player	6
Select	6
spring	6
layout	6
Player	6
Widget	6
Direct	6
Policy	6
Execut	6
rolled	6
Compat	6
Fields	6
ensure	6
import	6
ologie	6
fortun	6
ICENSE	6
ulture	6
iously	6
icians	6
Lambda	6
normal	6
ampion	6
Active	6
matrix	6
Reader	6
endant	6
unlock	6
ansion	6
region	6
widget	6
STATUS	6
ucture	6
langle	6
holder	6
agnost	6
ometry	6
illing	6
Parser	6
points	6
istent	6
iments	6
Effect	6
screen	6
driver	6
apshot	6
models	6
domain	6
prefix	6
Assert	6
otimes	6
iverse	6
covery	6
Editor	6
outing	6
ighter	6
Global	6
allery	6
ceived	6
random	6
Serial	6
ushing	6
direct	6
typeof	6
ferred	6
subset	6
eneath	6
Failed	6
Writer	6
master	6
orship	6
shared	6
person	6
errors	6
record	6
hidden	6
unched	6
Memory	6
vision	6
CONFIG	6
effect	6
strong	6
amples	6
Scroll	6
imento	6
sizeof	6
iteral	6
member	6
Symbol	6
Logger	6
Remove	6
ressed	6
aching	6
inator	6
nament	6
throws	6
ection	6
isting	6
report	6
textit	6
ipping	6
inates	6
uation	6
astern	6
ASSERT	6
likely	6
schema	6
Double	6
inline	6
mitted	6
reated	6
scroll	6
images	6
icture	6
Second	6
indent	6
ciples	6
plugin	6
Plugin	6
bottom	6
ursday	6
terday	6
orders	6
arters	6
Report	6
STRING	6
expect	6
frastr	6
Member	6
unique	6
dialog	6
angers	6
icious	6
adores	6
inking	6
exists	6
uesday	6
editor	6
encing	6
SELECT	6
Matrix	6
Struct	6
qpoint	6
MODULE	6
events	6
vement	6
EINVAL	6
nesday	6
policy	6
styles	6
ulator	6
istant	6
DITION	6
omorph	6
Events	6
endent	6
Before	6
logger	6
agraph	6
Author	6
Prefix	6
memory	6
engine	6
orough	6
Loader	6
clipse	6
parser	6
terior	6
Compar	6
sample	6
Region	6
idades	6
symbol	6
izable	6
called	6
depend	6
enties	6
ometer	6
iginal	6
writer	6
scribe	6
kernel	6
Screen	6
elijke	6
semble	6
ierung	6
helper	6
border	6
Import	6
ifiers	6
course	6
mathsf	6
ENABLE	6
Please	6
Domain	6
encode	6
Common	6
before	6
inners	6
Vertex	6
finite	6
orters	6
lessly	6
DEVICE	6
serial	6
Single	6
ilarly	6
usions	6
earing	6
Bundle	6
groups	6
Errorf	6
family	6
Socket	6
Native	6
kwargs	6
lineto	6
cursor	6
ountry	6
anches	6
upload	6
accept	6
export	6
izione	6
umbled	6
loader	6
closed	6
usters	6
assign	6
ussian	6
ionale	6
formed	6
lights	6
amount	6
iences	6
Volume	6
Append	6
estyle	6
ifting	6
ipedia	6
Enable	6
AspNet	6
Static	6
Simple	6
ateful	6
Amount	6
Normal	6
hspace	6
father	6
circle	6
tensor	6
stairs	6
itated	6
igible	6
linear	6
apture	6
failed	6
Packet	6
toggle	6
havior	6
arance	6
mother	6
Models	6
ancell	6
hentic	6
decode	6
submit	6
Insert	6
orient	6
unning	6
athers	6
engers	6
azioni	6
metric	6
ieties	6
verter	6
packet	6
Cursor	6
ington	6
compat	6
extend	6
single	6
commit	6
ultane	6
Public	6
EXPECT	6
itched	6
socket	6
reddit	6
adelph	6
pleted	6
ounced	6
native	6
rowned	6
limits	6
assets	6
FTWARE	6
atomic	6
nement	6
ancial	6
health	6
Detail	6
Folder	6
approx	6
Driver	6
termin	6
werken	6
reader	6
origin	6
margin	6
remote	6
intern	6
unwrap	6
making	6
Random	6
atting	6
Person	6
rivial	6
stroke	6
ignore	6
verify	6
cancel	6
Enumer	6
enders	6
overty	6
Border	6
FORMAT	6
Groups	6
blocks	6
lisher	6
Export	6
period	6
charge	6
reason	6
sensor	6
uction	6
Should	6
amazon	6
retval	6
IMPORT	6
router	6
RESULT	6
actual	6
Cancel	6
ceiver	6
assemb	6
xspace	6
volume	6
bridge	6
notify	6
ingham	6
jQuery	6
Origin	6
Expect	6
Remote	6
Bottom	6
iembre	6
onical	6
market	6
Points	6
pisode	6
Shared	6
Binary	6
Tensor	6
Sample	6
simple	6
Mapper	6
itudes	6
Bounds	6
Exists	6
letter	6
itches	6
others	6
execut	6
Upload	6
vspace	6
Center	6
rizona	6
commun	6
attice	6
detail	6
design	6
Master	6
loaded	6
utsche	6
resize	6
bourne	6
ployee	6
ologia	6
asting	6
integr	6
Consum	6
Ignore	6
Weight	6
Switch	6
METHOD	6
icking	6
BUFFER	6
orious	6
ustral	6
emente	6
Camera	6
signal	6
uspend	6
Holder	6
OFFSET	6
amment	6
ailing	6
rypted	6
lookup	6
imeter	6
filled	6
attach	6
secret	6
RETURN	6
concat	6
agonal	6
Router	6
culate	6
Google	6
uggest	6
Errors	6
riving	6
labels	6
consum	6
igkeit	6
Future	6
Family	6
necess	6
velope	6
porter	6
ublice	6
SYMBOL	6
stderr	6
akespe	6
acious	6
LENGTH	6
strict	6
series	6
minute	6
halten	6
SOURCE	6
ientes	6
rupted	6
urable	6
inputs	6
rifice	6
icator	6
stable	6
Accept	6
ACTION	6
usalem	6
states	6
vendor	6
Locale	6
Styles	6
dagger	6
Shader	6
Secret	6
python	6
Christ	6
Listen	6
Depend	6
isible	6
ACTIVE	6
igator	6
strcmp	6
rition	6
OBJECT	6
profit	6
season	6
ifndef	6
skiego	6
radius	6
elfare	6
urches	6
consin	6
icular	6
textrm	6
bullet	6
ensing	6
Worker	6
OPTION	6
worker	6
licher	6
boards	6
ierten	6
attery	6
SERVER	6
factor	6
ctrine	6
Donald	6
olving	6
wohner	6
pliers	6
arette	6
Scalar	6
posite	6
binary	6
Runner	6
Health	6
ockets	6
Design	6
undial	6
Intern	6
printk	6
estone	6
abling	6
phones	6
atable	6
folder	6
verted	6
keeper	6
footer	6
Period	6
onders	6
cembre	6
UPDATE	6
forced	6
energy	6
idding	6
aneous	6
Intent	6
ningen	6
ceptor	6
utdown	6
mobile	6
escape	6
Inline	6
encias	6
cookie	6
finity	6
pgfset	6
marker	6
branch	6
school	6
dating	6
texttt	6
locale	6
vertex	6
UserId	6
acular	6
Radius	6
memcpy	6
Europe	6
frames	6
django	6
ateurs	6
erness	6
portal	6
FAILED	6
illery	6
shadow	6
issues	6
Lookup	6
Syntax	6
itutes	6
bucket	6
except	6
canvas	6
itaire	6
associ	6
hedral	6
camera	6
DIRECT	6
picker	6
prises	6
Reason	6
irable	6
Submit	6
Marker	6
ientos	6
KERNEL	6
arding	6
bitmap	6
unting	6
asures	6
online	6
Factor	6
uzione	6
tokens	6
listen	6
LEMENT	6
ENOMEM	6
acions	6
multip	6
bidden	6
apolis	6
locked	6
hattan	6
alling	6
Toggle	6
prison	6
London	6
Canvas	6
arroll	6
Bitmap	6
Commit	6
secure	6
former	6
Unique	6
Series	6
gebiet	6
pragma	6
Verify	6
ichten	6
around	6
iances	6
teenth	6
unused	6
expand	6
chrome	6
CREATE	6
ateral	6
taient	6
angled	6
iggers	6
ollary	6
jquery	6
ailand	6
intage	6
ainted	6
transl	6
Bucket	6
Labels	6
autres	6
colors	6
memset	6
ehicle	6
Comput	6
derive	6
Shadow	6
PREFIX	6
reduce	6
preter	6
Metric	6
shaped	6
Associ	6
forall	6
latest	6
Visual	6
acking	6
square	6
Signal	6
Aggreg	6
invoke	6
people	6
GLOBAL	6
angles	6
Invoke	6
Anchor	6
People	6
ategor	6
Branch	6
ermine	6
ighbor	6
imedia	6
comput	6
ellers	6
ottage	6
herent	6
sender	6
Margin	6
tables	6
makers	6
detect	6
Linear	6
bounds	6
runner	6
DELETE	6
Inject	6
cached	6
always	6
arness	6
Cannot	6
Wallet	6
anchor	6
leased	6
observ	6
antage	6
enburg	6
avirus	6
Friend	6
outine	6
finish	6
Sprite	6
irteen	6
Cookie	6
adjust	6
textsc	6
remark	6
future	6
Notify	6
Contin	6
Called	6
social	6
STREAM	6
review	6
Tables	6
rename	6
enario	6
Encode	6
arator	6
ecycle	6
nehmen	6
Thanks	6
slider	6
posing	6
layers	6
aments	6
imated	6
Observ	6
xtures	6
questa	6
elcome	6
Mobile	6
atrice	6
CLIENT	6
Scheme	6
ByName	6
TARGET	6
cticut	6
graded	6
illion	6
propri	6
berger	6
AMETER	6
ousing	6
ijuana	6
Picker	6
wealth	6
substr	6
keiten	6
Blocks	6
Adjust	6
isches	6
userId	6
umeric	6
smithy	6
listed	6
Assign	6
ainers	6
crypto	6
Integr	6
inters	6
stride	6
wallet	6
sburgh	6
HEADER	6
Arrays	6
Decode	6
upiter	6
alties	6
NUMBER	6
choice	6
Opcode	6
icates	6
OUTPUT	6
follow	6
izioni	6
gender	6
ulsion	6
Unable	6
answer	6
antine	6
gather	6
FILTER	6
ichtet	6
resume	6
compar	6
ionato	6
HANDLE	6
Spring	6
malloc	6
Loaded	6
ACCESS	6
atique	6
heimer	6
ifacts	6
rezent	6
anners	6
owners	6
vscale	6
mapsto	6
Battle	6
VENDOR	6
hausen	6
inging	6
Tokens	6
pieler	6
decess	6
asters	6
ilians	6
Kernel	6
STRUCT	6
bundle	6
rieben	6
stdout	6
medium	6
States	6
olding	6
minded	6
Finder	6
Sender	6
ambers	6
amarin	6
parsed	6
IsNull	6
ricane	6
opcode	6
castle	6
Images	6
worthy	6
indust	6
ortion	6
igious	6
inject	6
ercise	6
Hidden	6
elines	6
itably	6
irical	6
pshire	6
thrift	6
prints	6
netdev	6
Orient	6
finder	6
ibling	6
THREAD	6
Colors	6
ickets	6
Figure	6
middle	6
abases	6
headed	6
ancers	6
BUTTON	6
Review	6
atched	6
DOUBLE	6
repeat	6
routes	6
olence	6
ichael	6
urious	6
Millis	6
SINGLE	6
achers	6
rotate	6
Unlock	6
strlen	6
Sensor	6
Getter	6
orable	6
phabet	6
arians	6
econom	6
reject	6
ourses	6
govern	6
incing	6
Printf	6
moment	6
uffled	6
ENTIAL	6
INSERT	6
reload	6
irling	6
compet	6
packed	6
UNUSED	6
notice	6
grades	6
chestr	6
ulates	6
ambigu	6
iative	6
Slider	6
engono	6
CHANGE	6
handed	6
umbing	6
degree	6
cedure	6
shader	6
cester	6
entric	6
backup	6
scalar	6
appers	6
insula	6
mathop	6
encial	6
REGION	6
ustain	6
gomery	6
imiter	6
Clause	6
peated	6
driven	6
ampton	6
issent	6
tenant	6
Backup	6
linked	6
NORMAL	6
ATTRIB	6
Launch	6
wright	6
manuel	6
ospher	6
cluded	6
phrase	6
oustic	6
ittest	6
elseif	6
Resize	6
ablish	6
izarre	6
orneys	6
SYSTEM	6
iliary	6
Linked	6
getInt	6
recogn	6
Follow	6
Attrib	6
ascade	6
hadoop	6
ismiss	6
nested	6
ployed	6
atinum	6
solete	6
scheme	6
ennial	6
ituted	6
riages	6
Fatalf	6
getKey	6
issant	6
Choice	6
ancies	6
dentry	6
Locked	6
intent	6
achten	6
ensors	6
rating	6
altern	6
unches	6
chnitt	6
Inputs	6
useppe	6
ation	5
ction	5
ublic	5
ition	5
ption	5
ource	5
tring	5
round	5
ystem	5
rough	5
ribut	5
umber	5
other	5
ating	5
erson	5
ement	5
ident	5
param	5
ative	5
ities	5
ather	5
ility	5
right	5
ollow	5
trans	5
aking	5
irect	5
ethod	5
ember	5
ument	5
ought	5
ually	5
ister	5
ments	5
ength	5
begin	5
ature	5
uring	5
press	5
ponse	5
arent	5
value	5
thing	5
Value	5
ional	5
ittle	5
iness	5
ished	5
indow	5
riend	5
ccess	5
ision	5
arget	5
label	5
ivers	5
perty	5
ustom	5
ience	5
inter	5
aving	5
ample	5
ament	5
Error	5
igned	5
ained	5
stand	5
ified	5
velop	5
class	5
lease	5
ially	5
ither	5
error	5
ouble	5
ready	5
const	5
aster	5
ately	5
state	5
State	5
print	5
index	5
ality	5
tract	5
count	5
ences	5
vious	5
ering	5
Param	5
ology	5
array	5
Event	5
thers	5
field	5
ances	5
ently	5
ively	5
order	5
point	5
Field	5
aring	5
alpha	5
ender	5
Index	5
uffer	5
ailed	5
valid	5
ories	5
acter	5
iving	5
atter	5
itive	5
Class	5
olean	5
iment	5
cript	5
ended	5
start	5
input	5
ainer	5
tings	5
ables	5
ambda	5
ivity	5
eters	5
table	5
ormal	5
width	5
ayout	5
illed	5
wards	5
ached	5
ymbol	5
Array	5
ports	5
reate	5
gress	5
abled	5
annel	5
ients	5
conom	5
break	5
event	5
check	5
apter	5
place	5
where	5
ename	5
ising	5
angle	5
urope	5
plied	5
Model	5
write	5
group	5
fully	5
Count	5
Group	5
eturn	5
Input	5
ators	5
Trans	5
itten	5
ights	5
Table	5
inary	5
ening	5
iding	5
asure	5
iddle	5
Query	5
itted	5
imate	5
andom	5
istic	5
Inter	5
block	5
arrow	5
icult	5
orage	5
query	5
frame	5
color	5
incip	5
Color	5
roups	5
board	5
model	5
ifier	5
endif	5
Gener	5
space	5
usion	5
earch	5
sigma	5
light	5
cover	5
anger	5
anced	5
older	5
asing	5
ialog	5
align	5
inner	5
ische	5
ottom	5
ector	5
ondon	5
idget	5
attle	5
conne	5
adata	5
Check	5
ledge	5
style	5
apped	5
Token	5
uster	5
izing	5
https	5
title	5
gamma	5
false	5
astic	5
ocket	5
local	5
chema	5
delta	5
abase	5
entry	5
aught	5
iques	5
ensor	5
ining	5
aging	5
image	5
igger	5
lying	5
Block	5
Frame	5
Start	5
idden	5
graph	5
acing	5
arter	5
ellow	5
Point	5
Image	5
verse	5
riter	5
anged	5
antly	5
andid	5
theta	5
Equal	5
rench	5
inate	5
iting	5
efore	5
vider	5
mente	5
thern	5
level	5
flags	5
obile	5
ander	5
Style	5
teger	5
first	5
posed	5
ffect	5
itude	5
gener	5
Conne	5
istry	5
ungen	5
itory	5
Label	5
inger	5
oring	5
times	5
iance	5
iones	5
ounds	5
child	5
eline	5
build	5
enced	5
itter	5
known	5
aling	5
ERROR	5
Delta	5
stant	5
Valid	5
acity	5
aries	5
enses	5
omega	5
tocol	5
ATION	5
Entry	5
float	5
alloc	5
Width	5
asons	5
empty	5
icles	5
ously	5
Child	5
inder	5
infty	5
parse	5
eqref	5
rying	5
aches	5
arily	5
ategy	5
tilde	5
oding	5
debug	5
ushed	5
dated	5
Write	5
comes	5
ufact	5
token	5
ograf	5
otion	5
cache	5
CTION	5
close	5
proto	5
river	5
eller	5
atory	5
while	5
Types	5
ville	5
iforn	5
based	5
iring	5
patch	5
ecute	5
itect	5
lands	5
urity	5
allow	5
Cache	5
leted	5
types	5
match	5
under	5
Names	5
arden	5
scale	5
iling	5
force	5
iform	5
amily	5
pload	5
icate	5
refix	5
overn	5
asion	5
ingle	5
ithub	5
There	5
itute	5
useum	5
icial	5
queue	5
ipped	5
annot	5
names	5
Utils	5
anges	5
anned	5
inese	5
Click	5
encia	5
store	5
craft	5
argin	5
Order	5
Empty	5
iders	5
front	5
ellig	5
elled	5
iable	5
aming	5
plete	5
Local	5
riage	5
antic	5
house	5
eless	5
clear	5
ulate	5
split	5
Store	5
etime	5
Level	5
Range	5
orrow	5
othes	5
Omega	5
range	5
bling	5
Gamma	5
ropri	5
apers	5
ernel	5
power	5
ctors	5
ifdef	5
aints	5
empor	5
stein	5
final	5
email	5
ensed	5
stack	5
click	5
chaft	5
usive	5
arely	5
antes	5
phone	5
outer	5
proof	5
undle	5
Stack	5
scope	5
agram	5
total	5
icans	5
bytes	5
FAULT	5
actor	5
Match	5
quest	5
items	5
which	5
night	5
False	5
spect	5
osoph	5
shape	5
rible	5
iliar	5
anner	5
orter	5
files	5
INVAL	5
olved	5
legal	5
ieder	5
agger	5
react	5
isted	5
Debug	5
reset	5
ivery	5
ocked	5
bound	5
andon	5
enter	5
anted	5
utils	5
Async	5
produ	5
Props	5
equal	5
pping	5
eting	5
props	5
allet	5
ingly	5
admin	5
ennis	5
First	5
rency	5
Title	5
ental	5
ifest	5
Right	5
aller	5
ronic	5
endar	5
plies	5
Flags	5
iento	5
mutex	5
serve	5
istan	5
oting	5
icago	5
utsch	5
imary	5
after	5
allel	5
Items	5
track	5
isher	5
ading	5
grade	5
ested	5
claim	5
azine	5
crete	5
ester	5
Bytes	5
bolds	5
venue	5
ancel	5
embre	5
lines	5
erved	5
dates	5
ILITY	5
Found	5
ishes	5
Const	5
ashed	5
asket	5
never	5
cloud	5
pling	5
stood	5
ician	5
oving	5
ITION	5
DEBUG	5
ourse	5
tered	5
enden	5
Panel	5
Graph	5
STATE	5
oston	5
chron	5
xture	5
osing	5
rence	5
Track	5
linux	5
liche	5
using	5
orial	5
super	5
uries	5
uture	5
elles	5
idade	5
raise	5
hetic	5
prote	5
oster	5
stats	5
kappa	5
ldots	5
secut	5
akers	5
Print	5
iente	5
phere	5
CHECK	5
iture	5
olver	5
Ident	5
iller	5
ierte	5
Forms	5
izont	5
ellen	5
irmed	5
scape	5
ifies	5
ether	5
organ	5
cknow	5
oking	5
Close	5
Float	5
found	5
appro	5
itors	5
icing	5
going	5
creen	5
shift	5
chain	5
Scope	5
uding	5
ridge	5
After	5
acket	5
water	5
nabla	5
limit	5
hline	5
trace	5
leton	5
enger	5
icker	5
abeth	5
esome	5
prise	5
oggle	5
faces	5
prime	5
small	5
poses	5
erman	5
eling	5
icken	5
ichte	5
ilton	5
quare	5
Media	5
Build	5
arian	5
world	5
CCESS	5
ulous	5
ocity	5
agers	5
estic	5
overy	5
Queue	5
gency	5
endor	5
Where	5
itate	5
amber	5
media	5
cohol	5
essed	5
otted	5
ancer	5
Sigma	5
onder	5
zione	5
video	5
Route	5
athan	5
ensus	5
usher	5
ensch	5
inode	5
pages	5
Trace	5
Parse	5
stone	5
widet	5
VALUE	5
thlet	5
aires	5
short	5
reich	5
icket	5
utter	5
login	5
Layer	5
timer	5
layer	5
ateur	5
ookie	5
Total	5
users	5
ouver	5
haust	5
black	5
ugins	5
watch	5
acher	5
gebra	5
owner	5
shire	5
words	5
citep	5
activ	5
Scale	5
Theme	5
ipher	5
asant	5
clock	5
uable	5
clone	5
Space	5
ienne	5
angel	5
Files	5
white	5
rypto	5
redit	5
orted	5
plier	5
panel	5
zeich	5
inent	5
inned	5
since	5
ingen	5
ounce	5
throw	5
async	5
iffer	5
apply	5
Multi	5
orney	5
merce	5
icted	5
SSION	5
month	5
codec	5
Email	5
price	5
inity	5
arios	5
swing	5
ching	5
atten	5
ixels	5
Shape	5
raham	5
Phone	5
EVENT	5
ucket	5
audio	5
ureau	5
aland	5
batch	5
setup	5
worth	5
fetch	5
atore	5
inton	5
clean	5
slice	5
rical	5
isset	5
igate	5
illes	5
ceive	5
stell	5
delay	5
elijk	5
issue	5
depth	5
contr	5
arest	5
agues	5
eping	5
Admin	5
chant	5
Video	5
chter	5
ogram	5
Power	5
cdots	5
inson	5
entes	5
score	5
route	5
apsed	5
ograp	5
arity	5
jango	5
nergy	5
unnel	5
Stand	5
Proxy	5
hemat	5
ieren	5
ieler	5
itary	5
isely	5
World	5
atted	5
gence	5
ishop	5
qquad	5
Stats	5
arten	5
shall	5
ichen	5
focus	5
Mouse	5
START	5
sters	5
catch	5
ockey	5
ansas	5
Price	5
nodes	5
opher	5
gesch	5
Enter	5
icide	5
schen	5
Light	5
ubble	5
speed	5
ursor	5
Lower	5
Timer	5
Login	5
Nodes	5
theme	5
ented	5
strap	5
ieron	5
cular	5
WRITE	5
built	5
FALSE	5
Focus	5
ennes	5
CHANT	5
clude	5
eries	5
rieve	5
archy	5
Press	5
tober	5
oured	5
Clear	5
mount	5
Short	5
Maybe	5
Limit	5
views	5
asted	5
ammen	5
Bound	5
multi	5
Cloud	5
lemma	5
merge	5
atori	5
plane	5
equiv	5
green	5
inois	5
itled	5
ribed	5
illet	5
emper	5
INTER	5
ropol	5
Audio	5
icked	5
numer	5
aison	5
lower	5
FIELD	5
adows	5
atile	5
ordon	5
istas	5
urers	5
await	5
APTER	5
Proto	5
extra	5
ammed	5
chunk	5
stage	5
train	5
CLASS	5
olute	5
Reset	5
junit	5
modal	5
itzer	5
sound	5
prite	5
proxy	5
andra	5
mouse	5
heast	5
PARAM	5
Every	5
isten	5
Begin	5
aping	5
quant	5
peror	5
eding	5
eland	5
itage	5
acion	5
Creat	5
Modal	5
achel	5
aggio	5
Alloc	5
tools	5
folio	5
about	5
RIGHT	5
COUNT	5
eness	5
riers	5
voice	5
berry	5
roupe	5
aille	5
ocker	5
quote	5
Users	5
ensis	5
union	5
icons	5
emony	5
forms	5
plaat	5
acles	5
cases	5
uther	5
itals	5
lined	5
anche	5
bably	5
smith	5
ships	5
atern	5
rooms	5
allas	5
ittel	5
addle	5
ieurs	5
parts	5
flush	5
izard	5
ierra	5
weise	5
ashes	5
agent	5
Batch	5
unque	5
atura	5
heart	5
alert	5
sembl	5
epper	5
elson	5
Agent	5
anded	5
bsite	5
atoes	5
outes	5
arded	5
immer	5
Quest	5
charg	5
TRACE	5
alous	5
party	5
rupal	5
Black	5
lings	5
Coord	5
istes	5
mates	5
opter	5
orous	5
fixed	5
rient	5
Chain	5
attrs	5
unted	5
floor	5
ibles	5
there	5
rules	5
acent	5
plica	5
lifer	5
blank	5
anton	5
Owner	5
Super	5
minus	5
icode	5
citet	5
reens	5
Basic	5
Watch	5
Month	5
netje	5
ativa	5
odigd	5
onomy	5
ucked	5
inals	5
cycle	5
rique	5
owing	5
suite	5
Other	5
apore	5
Shell	5
getId	5
licht	5
BLOCK	5
being	5
Tasks	5
Thank	5
BPACK	5
aware	5
uerto	5
stadt	5
steps	5
avity	5
iking	5
assen	5
ATURE	5
usage	5
reply	5
album	5
insic	5
Fixed	5
isons	5
icher	5
rayed	5
ighth	5
guard	5
Usage	5
Hello	5
encer	5
inher	5
inely	5
erial	5
hythm	5
Asset	5
liver	5
creat	5
INDEX	5
ebook	5
unden	5
unter	5
TABLE	5
alias	5
stock	5
three	5
third	5
Throw	5
visor	5
usted	5
ktion	5
richt	5
chart	5
metry	5
idays	5
Theta	5
sleep	5
aient	5
chell	5
amped	5
tests	5
FLAGS	5
falls	5
refer	5
Under	5
quate	5
ggreg	5
ouses	5
agine	5
Touch	5
illon	5
joint	5
share	5
rific	5
encil	5
ubern	5
large	5
owski	5
Split	5
Azure	5
Could	5
links	5
osten	5
anden	5
works	5
defer	5
pathy	5
Chunk	5
Tests	5
piece	5
inery	5
urent	5
marks	5
innen	5
coord	5
rente	5
esota	5
Break	5
aters	5
exper	5
aines	5
Delay	5
brief	5
glied	5
books	5
Rules	5
Pixel	5
ancia	5
ARRAY	5
ogene	5
tagon	5
velle	5
added	5
Produ	5
Times	5
cross	5
Final	5
separ	5
ihood	5
GROUP	5
Depth	5
Speed	5
ushes	5
ifact	5
upper	5
asset	5
Setup	5
ruppe	5
mixer	5
oplus	5
uffle	5
esian	5
Scene	5
rices	5
errno	5
topic	5
ution	5
owych	5
oming	5
regon	5
izers	5
Angle	5
azure	5
phant	5
elect	5
ARGET	5
alled	5
uffix	5
PRINT	5
lette	5
liest	5
plant	5
React	5
orest	5
Score	5
Activ	5
adget	5
riors	5
These	5
annon	5
strip	5
LEVEL	5
attan	5
crate	5
embed	5
Sound	5
story	5
optim	5
tuple	5
SHIFT	5
VALID	5
Fetch	5
human	5
paren	5
named	5
occup	5
scene	5
acked	5
ultur	5
Strip	5
Popup	5
ahren	5
basic	5
ussen	5
Inner	5
avier	5
gling	5
ytics	5
olves	5
White	5
notes	5
Ready	5
Align	5
bitro	5
quiry	5
iejsc	5
Alert	5
SPACE	5
LOBAL	5
ommen	5
dtype	5
reach	5
quire	5
orsch	5
Place	5
Extra	5
Clone	5
abama	5
owany	5
radio	5
uelle	5
estly	5
backs	5
umble	5
igung	5
visit	5
ielen	5
geben	5
ieval	5
wedge	5
andal	5
orden	5
ienst	5
astro	5
actly	5
Chart	5
xygen	5
oment	5
paths	5
olare	5
ensen	5
ospel	5
lique	5
plain	5
Tuple	5
colon	5
Alpha	5
paper	5
phase	5
serde	5
Sheet	5
PROTO	5
actic	5
owned	5
yrics	5
oples	5
glise	5
sheet	5
inian	5
slide	5
iterr	5
athon	5
every	5
Quant	5
Force	5
zenia	5
panic	5
regex	5
aceae	5
olate	5
holds	5
estra	5
alter	5
ENTRY	5
posts	5
grund	5
pdata	5
pless	5
smart	5
deleg	5
maker	5
ahoma	5
umped	5
rides	5
istrz	5
CONNE	5
major	5
andro	5
matic	5
brand	5
ierno	5
mouth	5
Spell	5
touch	5
thumb	5
Allow	5
mysql	5
alion	5
oline	5
COLOR	5
chiat	5
INPUT	5
neath	5
arono	5
iolet	5
denly	5
asets	5
probe	5
ucker	5
oning	5
polit	5
erves	5
inden	5
bourg	5
pires	5
imore	5
kfree	5
idges	5
netic	5
metic	5
ollar	5
FRAME	5
ienen	5
sched	5
Unmar	5
hover	5
ieden	5
IDENT	5
issen	5
ifica	5
Alias	5
Stage	5
Front	5
leans	5
apest	5
burgh	5
adesh	5
sized	5
ielle	5
evalu	5
ismus	5
adora	5
ativo	5
ORDER	5
isson	5
Mount	5
inale	5
Union	5
bench	5
decor	5
PRESS	5
oenix	5
POINT	5
edish	5
shirt	5
tasks	5
anson	5
acker	5
Slice	5
ENTER	5
Pages	5
uchar	5
akten	5
glich	5
saved	5
lagen	5
flash	5
otype	5
popup	5
igent	5
hesis	5
uming	5
idity	5
hello	5
Apply	5
skiej	5
Droid	5
cules	5
shops	5
shell	5
riven	5
iendo	5
oslav	5
krieg	5
Merge	5
nosti	5
emark	5
Organ	5
ulent	5
Lines	5
estro	5
ioned	5
ollen	5
illas	5
amine	5
Radio	5
Named	5
essen	5
orent	5
simeq	5
Razor	5
CONST	5
pared	5
codes	5
owego	5
Regex	5
CACHE	5
rolog	5
pixel	5
ungle	5
aiser	5
shine	5
pread	5
Clean	5
itsch	5
chair	5
aders	5
jours	5
Upper	5
amous	5
storm	5
quier	5
About	5
ratio	5
urbed	5
phony	5
ocate	5
Small	5
ielte	5
Tools	5
acies	5
Round	5
armed	5
chsel	5
unity	5
iores	5
Prote	5
iveau	5
LABEL	5
borne	5
iglia	5
domin	5
ISTER	5
Typed	5
ringe	5
ellan	5
beans	5
hemal	5
FLOAT	5
kreis	5
opsis	5
ribly	5
senal	5
Paint	5
maybe	5
torch	5
Never	5
RESET	5
exist	5
ierre	5
onces	5
icies	5
oping	5
achte	5
Green	5
habil	5
autom	5
espec	5
etary	5
cedes	5
eenth	5
dings	5
entin	5
assem	5
Sorry	5
itize	5
Codec	5
techn	5
stick	5
EQUAL	5
Retry	5
vised	5
Shift	5
hyper	5
Phase	5
Paths	5
antry	5
chars	5
frica	5
scrib	5
POWER	5
serie	5
opath	5
While	5
ipage	5
ALLOC	5
achen	5
opens	5
anean	5
Autom	5
platz	5
athol	5
sWith	5
anten	5
retry	5
ionen	5
onial	5
ENDOR	5
chten	5
entre	5
dirty	5
lando	5
ERNAL	5
gmail	5
Reply	5
auses	5
glass	5
agner	5
Arrow	5
iface	5
eight	5
eward	5
lists	5
BUILD	5
arius	5
think	5
Clock	5
Ratio	5
cards	5
Since	5
Guard	5
isure	5
porte	5
ibile	5
woman	5
etics	5
apple	5
ocial	5
nings	5
Based	5
ainte	5
Views	5
brace	5
ultan	5
WIDTH	5
akter	5
neurs	5
PERTY	5
istro	5
aurus	5
ORMAL	5
ounge	5
ivals	5
sburg	5
itung	5
leave	5
grand	5
MAGES	5
Quick	5
liter	5
keley	5
toire	5
Share	5
LOCAL	5
ossip	5
udder	5
units	5
klass	5
becca	5
yside	5
dummy	5
ighed	5
Music	5
ienia	5
aceut	5
Three	5
inand	5
verts	5
allen	5
osity	5
zenie	5
riere	5
Patch	5
TRANS	5
IMAGE	5
comed	5
naire	5
izado	5
ardon	5
Until	5
icals	5
undef	5
REQUI	5
icity	5
Suite	5
Combo	5
hooks	5
appen	5
poser	5
ijing	5
asper	5
alone	5
adays	5
doors	5
bands	5
accur	5
could	5
apeut	5
uario	5
heads	5
Photo	5
aning	5
uerte	5
ousel	5
aglia	5
eking	5
Actor	5
Topic	5
uated	5
TOKEN	5
rogen	5
aises	5
uning	5
shake	5
autre	5
annte	5
Codes	5
Board	5
poque	5
iblic	5
RANGE	5
LEASE	5
ropic	5
boost	5
fried	5
Mutex	5
unned	5
esser	5
instr	5
Sizes	5
atype	5
mania	5
slash	5
Autow	5
iches	5
typen	5
resse	5
antal	5
iNdEx	5
photo	5
wheel	5
GENER	5
Exper	5
Using	5
Would	5
utton	5
angen	5
spell	5
Cross	5
skich	5
umper	5
terra	5
icism	5
enson	5
arium	5
ISING	5
Saint	5
slave	5
paces	5
Great	5
ettes	5
shots	5
olent	5
icion	5
ALIGN	5
Broad	5
recht	5
pause	5
Units	5
asury	5
iedad	5
ioctl	5
aimed	5
boxes	5
omena	5
conde	5
ennen	5
impse	5
inkle	5
Leave	5
ipart	5
unate	5
rings	5
agles	5
skill	5
iante	5
Which	5
isine	5
LIMIT	5
drive	5
epoch	5
edges	5
romag	5
South	5
ficie	5
imgur	5
itime	5
Proof	5
intel	5
yster	5
chied	5
Parts	5
anska	5
lista	5
insky	5
aphor	5
learn	5
Water	5
icios	5
Claim	5
again	5
ierto	5
aired	5
javax	5
rated	5
until	5
erset	5
itori	5
posal	5
quick	5
iated	5
UMENT	5
serts	5
solid	5
onden	5
inski	5
ueblo	5
Large	5
tyard	5
verso	5
draft	5
anter	5
eston	5
endet	5
anked	5
Analy	5
uffed	5
shore	5
ippet	5
igten	5
rived	5
imper	5
ipper	5
ilers	5
inted	5
Added	5
izada	5
stret	5
okrat	5
Curve	5
attro	5
atisf	5
broad	5
Appro	5
trait	5
oport	5
staff	5
filer	5
Built	5
bread	5
seven	5
adrat	5
WINDO	5
court	5
EMPTY	5
analy	5
autor	5
abort	5
bbing	5
stead	5
erase	5
VIDEO	5
tbody	5
David	5
ussia	5
Links	5
arith	5
loads	5
otive	5
abile	5
dater	5
calls	5
xffff	5
erten	5
ialis	5
etric	5
faced	5
ight	4
ment	4
ould	4
port	4
turn	4
able	4
ally	4
ions	4
ated	4
ance	4
ther	4
ence	4
ress	4
very	4
ject	4
alue	4
form	4
ound	4
ount	4
ring	4
ient	4
User	4
vers	4
ings	4
ical	4
aram	4
text	4
irst	4
ents	4
ener	4
ater	4
oint	4
fter	4
pect	4
reat	4
lect	4
ople	4
atch	4
name	4
ruct	4
ause	4
ield	4
this	4
ough	4
ange	4
ific	4
read	4
ious	4
math	4
self	4
Name	4
cess	4
ning	4
tern	4
fore	4
ates	4
Type	4
ator	4
alse	4
ward	4
data	4
ense	4
ible	4
vent	4
ower	4
line	4
abel	4
ular	4
roup	4
rent	4
ault	4
sert	4
type	4
ames	4
ting	4
arch	4
olog	4
ider	4
reak	4
imes	4
land	4
cond	4
ices	4
ures	4
List	4
plic	4
ream	4
ince	4
egin	4
ouse	4
ages	4
ased	4
ines	4
ined	4
ared	4
work	4
ized	4
Data	4
ache	4
ited	4
cept	4
ired	4
ween	4
cont	4
date	4
code	4
ason	4
olut	4
size	4
back	4
ness	4
serv	4
inal	4
cent	4
over	4
less	4
ways	4
incl	4
file	4
Cont	4
ters	4
time	4
ever	4
ants	4
ross	4
ched	4
view	4
ists	4
roll	4
atus	4
akes	4
gram	4
ains	4
lock	4
test	4
arly	4
eter	4
idth	4
ried	4
ique	4
frac	4
alth	4
play	4
uild	4
requ	4
iter	4
aint	4
pend	4
list	4
ware	4
atic	4
part	4
path	4
ager	4
item	4
load	4
ives	4
ican	4
init	4
face	4
ital	4
comm	4
ctor	4
head	4
info	4
urch	4
left	4
ract	4
user	4
chen	4
itor	4
rist	4
util	4
Text	4
raph	4
outh	4
itle	4
ural	4
bers	4
Info	4
ling	4
ably	4
reen	4
Requ	4
ides	4
ches	4
ided	4
cite	4
Test	4
rite	4
ived	4
itch	4
ella	4
obal	4
arge	4
oney	4
else	4
ails	4
ases	4
ours	4
iver	4
ateg	4
vert	4
ries	4
lete	4
Item	4
View	4
aces	4
ency	4
ered	4
Time	4
ened	4
cted	4
File	4
istr	4
ards	4
word	4
ploy	4
oken	4
side	4
case	4
orth	4
ales	4
ante	4
Node	4
Size	4
most	4
core	4
lish	4
hing	4
iron	4
node	4
ione	4
ured	4
mber	4
ison	4
ands	4
osed	4
angu	4
ayer	4
elta	4
ivid	4
ones	4
link	4
ster	4
Form	4
icht	4
ored	4
ille	4
ised	4
ules	4
duct	4
pert	4
ocus	4
ober	4
nder	4
Path	4
orld	4
Code	4
heck	4
ades	4
ideo	4
ando	4
aged	4
ajor	4
ride	4
aken	4
aper	4
hand	4
iety	4
Hand	4
pace	4
amma	4
icle	4
ball	4
Over	4
body	4
aced	4
empl	4
ecut	4
ogle	4
mary	4
ills	4
fect	4
odes	4
ples	4
reed	4
ends	4
void	4
scri	4
call	4
pack	4
eder	4
cast	4
raft	4
http	4
resh	4
fort	4
base	4
igma	4
utes	4
ping	4
roid	4
With	4
oved	4
ying	4
amed	4
Call	4
page	4
oper	4
room	4
char	4
imal	4
unch	4
ilar	4
ires	4
ging	4
comp	4
args	4
ival	4
leep	4
avor	4
rect	4
icro	4
isch	4
aven	4
ixed	4
avel	4
ette	4
post	4
What	4
atal	4
ding	4
ouch	4
from	4
elle	4
abor	4
oute	4
down	4
plit	4
This	4
medi	4
itut	4
rest	4
true	4
empt	4
mark	4
find	4
rown	4
igen	4
json	4
iers	4
airs	4
ites	4
Read	4
html	4
rodu	4
From	4
host	4
aves	4
with	4
next	4
omet	4
iles	4
used	4
lick	4
evel	4
ilon	4
attr	4
Date	4
ados	4
beta	4
imum	4
loat	4
ague	4
book	4
lege	4
rows	4
null	4
uint	4
wise	4
ista	4
anch	4
Util	4
quad	4
arth	4
ores	4
ente	4
pped	4
addr	4
TYPE	4
haps	4
free	4
nown	4
ians	4
udio	4
span	4
augh	4
enty	4
lich	4
anks	4
ario	4
Head	4
band	4
icon	4
ynam	4
orge	4
That	4
ving	4
iber	4
ocol	4
pose	4
ises	4
iant	4
sequ	4
Comm	4
cret	4
Oper	4
chie	4
sole	4
umer	4
iful	4
push	4
ceed	4
Line	4
just	4
izer	4
mode	4
Base	4
dict	4
Page	4
last	4
ming	4
uary	4
ysis	4
like	4
spec	4
pass	4
open	4
inst	4
berg	4
imer	4
Mode	4
soft	4
aren	4
iple	4
apan	4
come	4
Null	4
rote	4
adem	4
aine	4
rupt	4
chan	4
idge	4
ebru	4
ords	4
ABLE	4
long	4
flow	4
iled	4
omen	4
icip	4
True	4
Load	4
aved	4
year	4
func	4
ford	4
irit	4
more	4
ypes	4
etch	4
ador	4
alle	4
ello	4
rypt	4
Init	4
idad	4
cial	4
illa	4
ende	4
asse	4
bert	4
ares	4
ivil	4
oted	4
irth	4
aste	4
rief	4
cing	4
oria	4
atur	4
ugin	4
root	4
oles	4
endo	4
iano	4
lang	4
aled	4
acht	4
ship	4
otes	4
aker	4
Task	4
iner	4
NAME	4
pers	4
olds	4
cell	4
draw	4
wood	4
ania	4
iger	4
show	4
ibly	4
Part	4
ader	4
ustr	4
Spec	4
aign	4
agon	4
Back	4
pite	4
izes	4
PORT	4
iday	4
only	4
iven	4
hood	4
rend	4
itar	4
gest	4
rier	4
Link	4
iana	4
SIZE	4
edia	4
aily	4
iced	4
aron	4
send	4
ande	4
yond	4
HECK	4
goto	4
mask	4
esch	4
byte	4
olve	4
unit	4
Dele	4
dest	4
None	4
orem	4
main	4
aise	4
yles	4
ancy	4
mult	4
bool	4
icks	4
enge	4
well	4
burg	4
cdot	4
Char	4
PECT	4
pret	4
card	4
adow	4
conf	4
task	4
hent	4
lear	4
prop	4
semb	4
inct	4
Draw	4
Menu	4
iche	4
hash	4
oyal	4
oder	4
aire	4
wide	4
ribe	4
hold	4
egen	4
Http	4
agen	4
erve	4
fill	4
iler	4
rael	4
look	4
orig	4
otal	4
Comp	4
sqrt	4
then	4
vare	4
udes	4
bind	4
dule	4
anda	4
join	4
Core	4
desc	4
Pack	4
ears	4
ests	4
ners	4
ques	4
adas	4
cles	4
STAT	4
stat	4
ebug	4
NULL	4
rive	4
rate	4
They	4
Work	4
Inst	4
sten	4
that	4
font	4
cher	4
rial	4
osen	4
Case	4
eles	4
Stat	4
gent	4
onom	4
priv	4
tree	4
iert	4
rian	4
Pass	4
vest	4
sign	4
iten	4
grad	4
poss	4
aked	4
born	4
uman	4
rict	4
Impl	4
rich	4
Port	4
auth	4
auto	4
ruit	4
hest	4
Hash	4
tool	4
aria	4
ript	4
pool	4
foot	4
mann	4
aten	4
real	4
Open	4
teen	4
reci	4
acks	4
iste	4
cons	4
make	4
copy	4
oded	4
ston	4
appe	4
save	4
ungs	4
abil	4
hist	4
ioni	4
term	4
sets	4
avax	4
alls	4
mail	4
rior	4
Kind	4
iden	4
Args	4
Next	4
peed	4
rics	4
menu	4
reme	4
oren	4
ooth	4
Json	4
Tool	4
stra	4
elij	4
keys	4
what	4
rant	4
Down	4
isse	4
bour	4
Well	4
Unit	4
Vari	4
anel	4
reek	4
iene	4
cope	4
stop	4
wait	4
uses	4
urop	4
amer	4
Body	4
fast	4
ismo	4
idos	4
shot	4
CESS	4
plet	4
ikel	4
alla	4
temp	4
move	4
edit	4
onna	4
Tree	4
Font	4
FLAG	4
MENT	4
Mult	4
lymp	4
atre	4
Last	4
astr	4
MODE	4
ALSE	4
iser	4
safe	4
Icon	4
Post	4
aped	4
Host	4
CHAN	4
idae	4
FILE	4
acle	4
aset	4
raid	4
Sign	4
lict	4
omic	4
thon	4
rome	4
Rect	4
appa	4
olic	4
area	4
Long	4
west	4
ingu	4
When	4
irty	4
owie	4
hens	4
blic	4
aden	4
Left	4
bing	4
Decl	4
INFO	4
LOCK	4
orph	4
ENSE	4
mbox	4
IGHT	4
ifer	4
java	4
sort	4
bits	4
skip	4
step	4
Rule	4
arks	4
eler	4
ocks	4
apes	4
uple	4
anto	4
Cell	4
here	4
inet	4
ById	4
anti	4
full	4
asta	4
zone	4
ixel	4
rees	4
lets	4
otic	4
gers	4
razy	4
emph	4
emon	4
star	4
ilde	4
inos	4
HOUT	4
flag	4
illy	4
frak	4
roke	4
miss	4
eper	4
rawn	4
rule	4
este	4
DATA	4
uded	4
lean	4
mbre	4
Root	4
gate	4
care	4
enth	4
ctrl	4
mond	4
clip	4
arts	4
upid	4
anna	4
onym	4
noon	4
Iter	4
uten	4
arse	4
pute	4
Byte	4
Mark	4
READ	4
icol	4
TIME	4
sche	4
CODE	4
amin	4
sect	4
kins	4
meta	4
icas	4
oman	4
king	4
olar	4
Desc	4
drop	4
inde	4
Send	4
each	4
icos	4
ogen	4
imit	4
Only	4
Show	4
POST	4
axis	4
conn	4
cert	4
edge	4
JSON	4
SION	4
ango	4
Edit	4
argo	4
tegr	4
wrap	4
outs	4
lers	4
Mock	4
Copy	4
amil	4
roud	4
undo	4
road	4
itet	4
none	4
Grid	4
oked	4
aret	4
Hist	4
unte	4
oven	4
TIES	4
aded	4
elli	4
anie	4
anes	4
LECT	4
even	4
urer	4
oves	4
Amer	4
Cond	4
game	4
note	4
ells	4
idel	4
hard	4
plex	4
tons	4
mock	4
cipl	4
orte	4
iego	4
sync	4
eben	4
Meta	4
Game	4
zero	4
cean	4
agne	4
Main	4
onic	4
Pool	4
COMP	4
home	4
anny	4
ifts	4
Attr	4
enne	4
Auth	4
spin	4
anta	4
ipes	4
Rest	4
Card	4
acer	4
Each	4
kind	4
Lock	4
loss	4
fall	4
TEXT	4
esta	4
iker	4
utch	4
impl	4
fire	4
igan	4
rund	4
fail	4
Dest	4
enda	4
inen	4
ativ	4
Look	4
high	4
TRUE	4
irts	4
bles	4
FORM	4
loop	4
oval	4
door	4
eren	4
exit	4
ummy	4
boot	4
rick	4
wick	4
okes	4
atar	4
amen	4
loor	4
ncia	4
grid	4
TEST	4
circ	4
onia	4
LINE	4
role	4
oice	4
into	4
ntax	4
acts	4
pled	4
Expr	4
bled	4
iale	4
Func	4
erra	4
phas	4
heim	4
umes	4
ardo	4
Enum	4
PATH	4
apse	4
eral	4
osis	4
expr	4
prec	4
appy	4
igin	4
umin	4
shop	4
esse	4
igne	4
erts	4
uent	4
MASK	4
Step	4
elly	4
HTML	4
wing	4
shal	4
Auto	4
late	4
bell	4
echo	4
site	4
Play	4
Role	4
enum	4
etes	4
prev	4
andy	4
ATTR	4
iral	4
nost	4
greg	4
buff	4
Prop	4
chip	4
eria	4
Conf	4
Perm	4
Just	4
riev	4
dots	4
writ	4
rift	4
Move	4
esso	4
dist	4
aver	4
Wait	4
nych	4
enti	4
pare	4
etic	4
acon	4
quer	4
thur	4
done	4
life	4
Full	4
pair	4
icer	4
clos	4
isme	4
pred	4
Keys	4
uing	4
onto	4
Stop	4
Vert	4
owed	4
isen	4
gery	4
Sync	4
umps	4
osto	4
Good	4
iera	4
rait	4
LOAD	4
asts	4
esto	4
bitr	4
eros	4
Book	4
elen	4
oire	4
Fail	4
uous	4
ffff	4
norm	4
zeta	4
emic	4
Find	4
Flag	4
ibli	4
oral	4
ders	4
otte	4
coin	4
isms	4
rase	4
quir	4
stad	4
hook	4
vere	4
stal	4
yard	4
gged	4
arna	4
coll	4
hide	4
TION	4
beit	4
chor	4
plom	4
Mask	4
auer	4
amps	4
WORD	4
Free	4
oret	4
Sequ	4
plan	4
ydro	4
elve	4
unes	4
once	4
AAAA	4
plot	4
itat	4
USER	4
olid	4
asty	4
rieg	4
illo	4
LIST	4
adel	4
Your	4
some	4
haus	4
oche	4
quis	4
keit	4
when	4
eras	4
uren	4
eden	4
anal	4
plus	4
proc	4
iest	4
walk	4
opts	4
wart	4
gage	4
docs	4
Then	4
aats	4
Save	4
amar	4
itan	4
olly	4
enza	4
oped	4
scan	4
eman	4
Serv	4
help	4
atie	4
JECT	4
obby	4
alis	4
tail	4
neur	4
Term	4
Some	4
sing	4
INIT	4
pton	4
zeit	4
wall	4
oker	4
Addr	4
blem	4
HERE	4
ixer	4
insi	4
Anal	4
ucky	4
ctic	4
NESS	4
ANCE	4
essa	4
diff	4
enta	4
pres	4
WARN	4
bach	4
BASE	4
Math	4
uate	4
THER	4
prov	4
ului	4
Sche	4
unic	4
ials	4
orry	4
resp	4
onel	4
Area	4
itty	4
elem	4
NONE	4
POSE	4
ktet	4
redu	4
anno	4
CHAR	4
orie	4
udad	4
tain	4
atro	4
aupt	4
ULAR	4
decl	4
olen	4
erre	4
unst	4
away	4
bold	4
CONT	4
UEST	4
Arch	4
Yeah	4
Note	4
igue	4
Rate	4
rand	4
enen	4
aval	4
arry	4
emit	4
bury	4
evin	4
whel	4
iens	4
heit	4
IMIT	4
rass	4
five	4
Have	4
eres	4
anth	4
ovie	4
blue	4
Scal	4
pson	4
Bean	4
edly	4
tras	4
BACK	4
revs	4
oose	4
Drop	4
exec	4
WARE	4
toBe	4
weet	4
HTTP	4
lass	4
agan	4
FAIL	4
idas	4
Cert	4
tags	4
regs	4
ADDR	4
aban	4
aaaa	4
ntil	4
unda	4
hend	4
ento	4
atto	4
rett	4
good	4
slot	4
Will	4
anim	4
verb	4
crit	4
Bind	4
izon	4
nego	4
stre	4
quot	4
cuss	4
High	4
atin	4
izar	4
oned	4
pipe	4
ATCH	4
dump	4
chat	4
inar	4
lesh	4
acia	4
Real	4
anne	4
lung	4
vari	4
ilty	4
warn	4
uals	4
Coll	4
stud	4
hund	4
annt	4
Span	4
mill	4
prod	4
cker	4
RECT	4
odge	4
vals	4
apon	4
will	4
UINT	4
uset	4
bres	4
they	4
Fore	4
days	4
orno	4
erry	4
ethe	4
conv	4
riel	4
opol	4
usal	4
HEAD	4
tech	4
phys	4
owej	4
hell	4
ktop	4
Flow	4
Sort	4
COMM	4
rons	4
iska	4
uela	4
trim	4
DATE	4
Cast	4
stan	4
unkt	4
best	4
orne	4
pons	4
Self	4
usqu	4
ikan	4
acji	4
unde	4
Pers	4
eron	4
rank	4
coln	4
mean	4
amaz	4
Rows	4
ovan	4
iate	4
bank	4
issa	4
ulty	4
CALL	4
itel	4
aque	4
riet	4
iors	4
addy	4
perm	4
hour	4
uras	4
Make	4
vars	4
sock	4
puis	4
iley	4
onal	4
Tube	4
fold	4
onda	4
Zone	4
elif	4
flex	4
izza	4
onde	4
ghan	4
wich	4
ielt	4
NEXT	4
curr	4
qual	4
burn	4
cart	4
week	4
bage	4
Pair	4
aser	4
ften	4
spir	4
vens	4
anza	4
teil	4
DESC	4
nbsp	4
apol	4
Join	4
inch	4
umph	4
four	4
cost	4
curs	4
umpy	4
orse	4
Anim	4
ulpt	4
argv	4
rena	4
Miss	4
FFFF	4
ropy	4
Home	4
onte	4
blog	4
unci	4
Tags	4
news	4
FFER	4
ycle	4
inas	4
opes	4
pdev	4
prom	4
ATED	4
cred	4
quet	4
wind	4
CTRL	4
aska	4
aton	4
freq	4
eree	4
mers	4
enso	4
Like	4
Conn	4
need	4
orer	4
eten	4
amos	4
zing	4
brid	4
KERN	4
itud	4
geon	4
Temp	4
sson	4
offs	4
iami	4
eted	4
zech	4
bara	4
stru	4
Mill	4
ajax	4
esis	4
peer	4
Bits	4
scar	4
Come	4
LETE	4
uego	4
Html	4
vard	4
Star	4
Rele	4
oses	4
obre	4
anse	4
iper	4
ibil	4
anga	4
Zero	4
ikes	4
ynom	4
nica	4
aman	4
vier	4
pler	4
enez	4
Plan	4
rieb	4
Mesh	4
rell	4
icio	4
Loop	4
John	4
stmt	4
ppen	4
mont	4
Must	4
otto	4
anni	4
roit	4
nung	4
team	4
rito	4
ilst	4
TRAN	4
THOD	4
hang	4
cers	4
ribu	4
tres	4
ocal	4
Word	4
bast	4
zent	4
othe	4
NODE	4
made	4
omin	4
MAGE	4
etti	4
More	4
emen	4
Edge	4
liga	4
mate	4
URCE	4
have	4
lett	4
Here	4
alia	4
Cred	4
Slot	4
mind	4
Java	4
gpio	4
Many	4
uart	4
erie	4
tery	4
Bool	4
orts	4
HAND	4
ACHE	4
poll	4
bone	4
glas	4
yers	4
RESS	4
Supp	4
hind	4
Year	4
ndef	4
ENCE	4
feld	4
onds	4
PROC	4
dess	4
endl	4
Qual	4
prim	4
peat	4
inte	4
wiki	4
irus	4
helm	4
Buff	4
rock	4
Hook	4
eval	4
Once	4
film	4
reck	4
Side	4
para	4
agra	4
inda	4
omer	4
Axis	4
avia	4
INST	4
iere	4
arte	4
fake	4
anco	4
mine	4
aler	4
shit	4
atta	4
nier	4
keep	4
cout	4
feed	4
eurs	4
uuid	4
yout	4
fish	4
Gate	4
Okay	4
pars	4
bean	4
MBOL	4
href	4
TING	4
iele	4
CLUD	4
Eval	4
etta	4
emat	4
atio	4
ATOR	4
unto	4
pref	4
atti	4
ilia	4
ilib	4
heid	4
atom	4
lope	4
dark	4
alen	4
sent	4
ulum	4
Fire	4
omed	4
werk	4
olas	4
Dict	4
acco	4
beat	4
oric	4
ulus	4
velt	4
Appe	4
prot	4
esty	4
Fill	4
ongo	4
rose	4
swer	4
anas	4
gles	4
rium	4
PLAY	4
ourt	4
USED	4
ulle	4
ARCH	4
Cart	4
live	4
bild	4
folg	4
ILED	4
itos	4
iani	4
sted	4
emed	4
Scan	4
uvud	4
Warn	4
Help	4
comb	4
ouri	4
atos	4
heet	4
colo	4
deep	4
ivel	4
HOST	4
WORK	4
itis	4
disk	4
ulse	4
asha	4
seed	4
logo	4
Pred	4
fers	4
rice	4
ixon	4
idal	4
Blue	4
DOWN	4
Site	4
ippi	4
ellt	4
fica	4
gray	4
iona	4
oids	4
resa	4
blob	4
poch	4
icia	4
PAGE	4
Void	4
uber	4
tick	4
VICE	4
agem	4
osex	4
expl	4
iffs	4
ensk	4
Pane	4
Team	4
Guid	4
fang	4
Emit	4
apos	4
iesz	4
agle	4
aris	4
cole	4
llvm	4
etzt	4
sure	4
erna	4
IENT	4
peon	4
Cost	4
also	4
AUTH	4
mero	4
mund	4
Bill	4
ocom	4
alph	4
agma	4
alin	4
Pref	4
Live	4
ivan	4
isan	4
Chat	4
Hint	4
unct	4
aude	4
Phys	4
ugar	4
tile	4
chts	4
swap	4
such	4
prof	4
zens	4
seen	4
geme	4
orus	4
Stud	4
ansk	4
halt	4
jekt	4
BYTE	4
onne	4
arta	4
Prov	4
Diff	4
ucks	4
oust	4
fare	4
mesh	4
city	4
icit	4
Drag	4
Exit	4
ieve	4
camp	4
FUNC	4
tesy	4
cken	4
azor	4
odox	4
Same	4
arms	4
othy	4
mass	4
Cent	4
lyph	4
Unis	4
GPIO	4
zial	4
half	4
voir	4
REAM	4
inth	4
bian	4
seek	4
hora	4
rets	4
tele	4
supp	4
emet	4
rios	4
MESS	4
jour	4
Ctrl	4
ivot	4
anka	4
trag	4
holm	4
bird	4
iane	4
avan	4
Prim	4
lint	4
rage	4
food	4
ygon	4
MAIN	4
scal	4
cord	4
phan	4
engu	4
Face	4
agog	4
isto	4
Push	4
maps	4
Best	4
ucht	4
zeug	4
hill	4
erde	4
Pres	4
kehr	4
jack	4
STRU	4
anca	4
frag	4
NdEx	4
atel	4
ueto	4
your	4
halb	4
ivia	4
rale	4
aben	4
nant	4
uper	4
Tile	4
enas	4
gang	4
rika	4
abul	4
jsce	4
soap	4
Done	4
affe	4
Fact	4
LINK	4
pond	4
omot	4
uler	4
Mail	4
izio	4
Soft	4
West	4
town	4
avis	4
nero	4
eled	4
etto	4
icky	4
know	4
ptic	4
ifik	4
airo	4
oday	4
rike	4
ubre	4
anya	4
anos	4
Stub	4
LIED	4
aute	4
rust	4
apor	4
Take	4
acio	4
Uint	4
ashi	4
CEPT	4
must	4
Prom	4
ivos	4
ITEM	4
nika	4
wake	4
Exec	4
cies	4
ROOT	4
ieri	4
uter	4
izen	4
obil	4
UInt	4
edes	4
bahn	4
LONG	4
rous	4
avid	4
Into	4
Wrap	4
abei	4
mare	4
abet	4
imir	4
wear	4
cido	4
idle	4
hole	4
spot	4
tere	4
borg	4
cery	4
ilor	4
tera	4
rott	4
nten	4
umen	4
held	4
acre	4
niej	4
nels	4
kill	4
CTOR	4
oard	4
Stmt	4
mand	4
ools	4
SIGN	4
Does	4
Even	4
inks	4
LEFT	4
lage	4
isti	4
intr	4
grow	4
reib	4
mans	4
Proc	4
mart	4
anqu	4
poon	4
PACK	4
hire	4
gres	4
apis	4
rera	4
eyed	4
oser	4
rile	4
ligt	4
OPEN	4
drag	4
omon	4
poly	4
icus	4
ampa	4
larg	4
ingo	4
nitt	4
abad	4
sbur	4
PASS	4
Grad	4
inta	4
Most	4
anon	4
wire	4
Dist	4
Feed	4
take	4
oton	4
kers	4
NOWN	4
UUID	4
amic	4
eton	4
ttes	4
bigg	4
itas	4
flat	4
repo	4
rien	4
ONLY	4
onie	4
suit	4
infl	4
oine	4
Boot	4
Clip	4
perp	4
TEMP	4
asma	4
auch	4
nett	4
Elem	4
erta	4
same	4
Life	4
FROM	4
dale	4
thal	4
azar	4
cycl	4
park	4
inea	4
gens	4
iken	4
nail	4
bras	4
iece	4
Cons	4
skim	4
clam	4
eing	4
walt	4
Tele	4
ully	4
hbox	4
arsi	4
LANG	4
ICAL	4
erek	4
imet	4
abol	4
ffic	4
imen	4
ulas	4
Rend	4
warf	4
iago	4
pent	4
orsz	4
iges	4
Used	4
ylan	4
unge	4
WITH	4
elia	4
yman	4
umbs	4
entr	4
stub	4
Mart	4
Week	4
loyd	4
otta	4
ilio	4
nent	4
rake	4
imeq	4
iasm	4
wave	4
quel	4
atra	4
furt	4
nell	4
assy	4
oise	4
City	4
NING	4
Foot	4
prob	4
both	4
Sure	4
Heap	4
lord	4
insn	4
hren	4
iesa	4
xico	4
Safe	4
CIAL	4
osti	4
Peer	4
afka	4
rors	4
Room	4
VIEW	4
acja	4
chod	4
esar	4
Paul	4
migr	4
ICES	4
RENT	4
limp	4
fact	4
asis	4
ieux	4
Lang	4
uced	4
recv	4
Blob	4
ueva	4
flix	4
agna	4
bler	4
amas	4
rico	4
Tell	4
umed	4
fony	4
akte	4
dern	4
inge	4
nice	4
STEM	4
oubt	4
ieur	4
brew	4
leaf	4
Priv	4
nick	4
hbar	4
czas	4
UNIT	4
ktor	4
ichi	4
indo	4
vote	4
isha	4
pick	4
amon	4
buch	4
otti	4
uros	4
aran	4
opic	4
Shop	4
crtc	4
Tick	4
cccc	4
Need	4
ties	4
SING	4
Roll	4
mons	4
Comb	4
ablo	4
UBLE	4
Plus	4
CORE	4
inus	4
eves	4
lace	4
olia	4
heap	4
ylon	4
Land	4
ardi	4
than	4
mitt	4
iels	4
pull	4
calc	4
yect	4
IBUT	4
fund	4
chem	4
rijk	4
STER	4
ussy	4
Love	4
Hard	4
Deep	4
ulos	4
zerw	4
Fast	4
hint	4
Camp	4
irat	4
dead	4
Disk	4
Hide	4
aned	4
rdev	4
igte	4
okal	4
sung	4
osta	4
isco	4
pher	4
iero	4
airy	4
Turn	4
caps	4
apps	4
wend	4
MOVE	4
onio	4
rias	4
asso	4
gain	4
uese	4
esen	4
glob	4
cols	4
imos	4
beck	4
eken	4
Than	4
does	4
ondo	4
angs	4
COND	4
neut	4
WAIT	4
dzie	4
olph	4
achi	4
uits	4
Band	4
omas	4
SYNC	4
mile	4
Phil	4
dire	4
Opts	4
uffy	4
atan	4
allo	4
zoom	4
icts	4
tikz	4
slug	4
deck	4
rade	4
RATE	4
zten	4
imat	4
rise	4
atte	4
acyj	4
aggi	4
odot	4
many	4
enci	4
indi	4
ugno	4
arel	4
olan	4
VERT	4
CASE	4
urst	4
chte	4
bere	4
okat	4
Keep	4
skin	4
bris	4
fred	4
staw	4
MEDI	4
itol	4
nico	4
onso	4
east	4
Skip	4
atts	4
Rank	4
Lead	4
atem	4
chet	4
harm	4
uest	4
oooo	4
Rich	4
fico	4
isle	4
oler	4
inis	4
ongs	4
OPER	4
brit	4
osph	4
enue	4
lica	4
cipe	4
izia	4
owym	4
seau	4
Zoom	4
ngth	4
GUID	4
azzo	4
Capt	4
perf	4
extr	4
Lite	4
dorf	4
itta	4
ulin	4
adio	4
ieme	4
udge	4
unal	4
DECL	4
emos	4
ritz	4
tabs	4
ocon	4
dash	4
chel	4
Ship	4
FACE	4
plug	4
AUTO	4
reno	4
Fake	4
naio	4
Bank	4
educ	4
inho	4
dims	4
chez	4
imag	4
ierz	4
urls	4
bear	4
lane	4
nate	4
Sets	4
tiny	4
club	4
getC	4
orna	4
hado	4
akov	4
Walk	4
Linq	4
uity	4
ogue	4
want	4
ivas	4
elte	4
Writ	4
folk	4
boat	4
pawn	4
zung	4
girl	4
Vers	4
asci	4
prit	4
crim	4
iefs	4
luss	4
Sink	4
imil	4
ogan	4
cock	4
Norm	4
News	4
Sing	4
CREF	4
CONF	4
demo	4
weak	4
Gold	4
resc	4
Lean	4
warz	4
Dead	4
Dark	4
bias	4
Such	4
erst	4
REEN	4
alom	4
ITER	4
chos	4
auge	4
ghai	4
cury	4
nals	4
eous	4
grav	4
logs	4
bros	4
enes	4
bbra	4
PROP	4
onen	4
PEND	4
cong	4
estr	4
VERY	4
hung	4
Conv	4
ktur	4
orum	4
arto	4
werp	4
unts	4
talk	4
asto	4
itte	4
otos	4
Very	4
yaml	4
conc	4
robe	4
erei	4
MBER	4
gets	4
Alex	4
volt	4
stri	4
erme	4
love	4
wald	4
WISE	4
Repo	4
paid	4
odio	4
rais	4
elin	4
FULL	4
isce	4
arin	4
igos	4
PRIV	4
midt	4
Pars	4
mals	4
chap	4
CKET	4
grpc	4
TERN	4
oter	4
TREE	4
arga	4
ilis	4
XXXX	4
diag	4
INGS	4
snap	4
STOP	4
quin	4
oons	4
oden	4
usch	4
cias	4
Mass	4
HIGH	4
bery	4
ENUM	4
atis	4
kamp	4
FORE	4
Prev	4
usta	4
iros	4
guid	4
orio	4
Amaz	4
Jack	4
cola	4
alie	4
ADER	4
hall	4
LEAN	4
amba	4
leen	4
wahl	4
gart	4
horn	4
Sent	4
trfs	4
neys	4
vano	4
BITS	4
iffe	4
anst	4
ffen	4
Wall	4
ahan	4
DUCT	4
iman	4
IVER	4
cook	4
cott	4
CAST	4
cius	4
ermo	4
iour	4
rugu	4
uffs	4
wand	4
vart	4
utat	4
mong	4
MARK	4
zahl	4
EDIT	4
MMMM	4
gren	4
etry	4
olin	4
ctxt	4
ahoo	4
ieck	4
boys	4
virt	4
oshi	4
were	4
igua	4
Mont	4
arde	4
elde	4
LAST	4
ARGS	4
ereg	4
cref	4
bund	4
ilen	4
Vars	4
BOOL	4
gold	4
ilda	4
rost	4
SCAN	4
anje	4
iore	4
chio	4
nage	4
Been	4
idan	4
cule	4
oirs	4
lauf	4
bars	4
asia	4
vern	4
neum	4
enze	4
azed	4
PART	4
Fall	4
mina	4
EXEC	4
acci	4
FREE	4
SEQU	4
disp	4
hero	4
oyle	4
King	4
kern	4
MAIL	4
Poly	4
ZERO	4
feat	4
bben	4
atri	4
ioso	4
EXIT	4
Less	4
idea	4
ceil	4
INTE	4
colm	4
ocur	4
aniu	4
ishi	4
plac	4
argc	4
HOME	4
omes	4
heng	4
wort	4
SAMP	4
lene	4
acom	4
legt	4
erne	4
emor	4
ing	3
ion	3
ent	3
ver	3
ter	3
ith	3
est	3
ate	3
and	3
ist	3
ere	3
ers	3
out	3
ess	3
res	3
end	3
ort	3
our	3
ill	3
ain	3
ore	3
ame	3
rom	3
ant	3
art	3
urn	3
all	3
ser	3
ave	3
age	3
ack	3
ust	3
ity	3
ine	3
ell	3
ure	3
per	3
ard	3
ass	3
are	3
ive	3
ies	3
ath	3
int	3
ost	3
ial	3
ind	3
ans	3
con	3
ult	3
rou	3
ome	3
get	3
ast	3
ect	3
ice	3
ire	3
ber	3
one	3
ich	3
hen	3
ime	3
ile	3
ide	3
orm	3
ase	3
ord	3
ace	3
ata	3
ong	3
ite	3
ype	3
act	3
ode	3
lic	3
ork	3
ach	3
ens	3
elf	3
ook	3
ang	3
ign	3
ous	3
ail	3
ake	3
ary	3
ock	3
che	3
fer	3
ear	3
ose	3
ize	3
ink	3
own	3
her	3
ild	3
row	3
set	3
com	3
ont	3
ull	3
ick	3
ree	3
err	3
ory	3
ark	3
ely	3
pro	3
ors	3
old	3
ays	3
ier	3
ove	3
ian	3
iel	3
rib	3
put	3
eth	3
app	3
pon	3
ade	3
erv	3
itt	3
ish	3
ple	3
oll	3
mer	3
ool	3
oid	3
riv	3
iss	3
ied	3
iew	3
der	3
yst	3
ann	3
enc	3
anc	3
ual	3
pec	3
ict	3
Con	3
erm	3
ise	3
les	3
rit	3
ale	3
fig	3
hed	3
red	3
let	3
uch	3
und	3
ray	3
arg	3
ert	3
Pro	3
ren	3
igh	3
equ	3
vel	3
cre	3
ung	3
als	3
ank	3
eng	3
ble	3
ude	3
add	3
air	3
oth	3
ood	3
led	3
ful	3
que	3
ref	3
The	3
ait	3
ght	3
ife	3
ash	3
str	3
its	3
val	3
ons	3
amp	3
att	3
ics	3
pos	3
oun	3
ner	3
ond	3
alk	3
new	3
ger	3
ily	3
ead	3
var	3
ins	3
way	3
ues	3
Res	3
ask	3
ton	3
Com	3
any	3
ars	3
ern	3
ody	3
els	3
ery	3
ext	3
ten	3
aut	3
the	3
min	3
rap	3
ole	3
gan	3
son	3
def	3
ica	3
uff	3
man	3
iet	3
arn	3
orn	3
uss	3
cur	3
ced	3
dev	3
ien	3
reg	3
ces	3
amb	3
ina	3
cri	3
uck	3
par	3
ule	3
cal	3
for	3
col	3
mod	3
ush	3
ven	3
Set	3
rol	3
ret	3
ism	3
ats	3
ado	3
dex	3
Get	3
apt	3
day	3
ets	3
not	3
yle	3
ric	3
key	3
rop	3
raw	3
ler	3
Err	3
div	3
ada	3
oot	3
try	3
ais	3
hip	3
ott	3
ane	3
rem	3
ify	3
Col	3
log	3
ote	3
med	3
opy	3
loc	3
den	3
ULL	3
eta	3
opt	3
ele	3
ots	3
ral	3
sub	3
net	3
ron	3
Mod	3
ION	3
ute	3
urs	3
use	3
ape	3
ava	3
hor	3
fun	3
off	3
pre	3
ior	3
arm	3
umn	3
ags	3
ift	3
ved	3
sum	3
une	3
ump	3
elt	3
cle	3
inc	3
chn	3
bar	3
ato	3
ird	3
ope	3
ves	3
ene	3
aps	3
aus	3
ari	3
org	3
lex	3
htt	3
leg	3
tra	3
ohn	3
Ind	3
ium	3
ped	3
You	3
arl	3
Add	3
len	3
por	3
pha	3
dis	3
map	3
ero	3
ING	3
pty	3
ley	3
hes	3
unk	3
Key	3
fil	3
oad	3
tes	3
alf	3
ync	3
era	3
men	3
uro	3
oci	3
aff	3
ume	3
bre	3
irl	3
oss	3
mit	3
ino	3
til	3
url	3
enn	3
ico	3
ana	3
met	3
irt	3
ury	3
des	3
lin	3
ids	3
lev	3
alt	3
ken	3
cul	3
sel	3
bol	3
ida	3
nal	3
Man	3
aph	3
aim	3
gen	3
but	3
cho	3
max	3
acy	3
ips	3
ENT	3
But	3
Map	3
oin	3
icy	3
sch	3
ste	3
oud	3
ued	3
And	3
Def	3
ike	3
ano	3
rew	3
Att	3
ony	3
idd	3
ged	3
iod	3
For	3
Int	3
num	3
bit	3
oto	3
inn	3
All	3
buf	3
ops	3
Not	3
ilt	3
isk	3
ura	3
ptr	3
Val	3
mon	3
iam	3
ici	3
arr	3
oke	3
uth	3
eps	3
ili	3
Equ	3
vec	3
ney	3
ges	3
Des	3
iff	3
ros	3
iqu	3
cer	3
pen	3
ido	3
Log	3
irm	3
ama	3
lim	3
ibr	3
unt	3
hel	3
ios	3
urg	3
php	3
www	3
aul	3
box	3
Reg	3
Loc	3
rix	3
umb	3
Out	3
dom	3
ara	3
lem	3
ORT	3
INT	3
New	3
ett	3
ERR	3
ias	3
tty	3
uel	3
fin	3
api	3
zen	3
ply	3
rel	3
Ser	3
ito	3
mat	3
ctx	3
uly	3
bed	3
App	3
oph	3
ATE	3
ita	3
ogn	3
phi	3
ald	3
ius	3
ben	3
tot	3
CON	3
ram	3
run	3
vis	3
bum	3
mut	3
see	3
sec	3
joy	3
mem	3
Dis	3
now	3
dir	3
rec	3
rid	3
ese	3
Fun	3
osp	3
ief	3
pan	3
igr	3
ora	3
aid	3
agn	3
aft	3
src	3
mar	3
Str	3
VER	3
maz	3
ini	3
zer	3
aur	3
ham	3
urt	3
Pos	3
has	3
Sub	3
rie	3
ige	3
ena	3
ows	3
pat	3
hat	3
oul	3
bor	3
ban	3
req	3
ris	3
VAL	3
roy	3
Ref	3
uge	3
uct	3
obj	3
ula	3
bug	3
std	3
pol	3
Hel	3
top	3
ona	3
Rec	3
erc	3
ded	3
ocr	3
uer	3
ete	3
avy	3
End	3
omb	3
vol	3
Run	3
Act	3
Par	3
Off	3
ria	3
msg	3
emp	3
Aut	3
raf	3
ipe	3
ati	3
Ent	3
iem	3
tag	3
EXT	3
big	3
och	3
cel	3
het	3
tre	3
Box	3
rho	3
mes	3
ael	3
uid	3
Fil	3
doc	3
wer	3
dat	3
PRO	3
env	3
can	3
ima	3
tab	3
nie	3
enu	3
SET	3
ube	3
Pre	3
iny	3
isf	3
tau	3
rad	3
lig	3
web	3
eld	3
itz	3
ola	3
acc	3
pes	3
ela	3
uit	3
sim	3
chi	3
ady	3
Net	3
Cur	3
Tag	3
cmd	3
ttp	3
lib	3
asc	3
ani	3
nes	3
ART	3
ERT	3
aby	3
ils	3
gor	3
ago	3
xFF	3
STR	3
ala	3
non	3
nen	3
aux	3
ACK	3
eah	3
lik	3
Arg	3
Met	3
leq	3
tex	3
det	3
ety	3
Per	3
abs	3
TER	3
gar	3
ota	3
cor	3
ega	3
SON	3
Rep	3
ugh	3
fty	3
ira	3
iro	3
ASS	3
ali	3
She	3
cil	3
ULT	3
mas	3
anz	3
RAN	3
hib	3
ALL	3
tmp	3
ITY	3
oon	3
Dev	3
cap	3
END	3
Max	3
cia	3
eqn	3
eme	3
olo	3
pgf	3
iva	3
Ptr	3
Pol	3
alu	3
exp	3
Rem	3
Url	3
geb	3
del	3
xim	3
Det	3
ker	3
win	3
oms	3
Vis	3
AND	3
olf	3
REG	3
cpp	3
hol	3
raz	3
idx	3
ski	3
Bar	3
ech	3
GET	3
LOG	3
rat	3
ams	3
Ext	3
URL	3
urb	3
cpu	3
sem	3
rip	3
Web	3
ova	3
Has	3
Num	3
img	3
dim	3
ivo	3
INE	3
rot	3
unn	3
BUG	3
erd	3
aba	3
vey	3
MAX	3
Row	3
xff	3
bro	3
Acc	3
Yes	3
ois	3
lor	3
eto	3
How	3
aud	3
osa	3
ror	3
lie	3
bin	3
uts	3
css	3
Ver	3
Mem	3
izz	3
Min	3
asy	3
cos	3
how	3
ATA	3
cht	3
Eng	3
URE	3
ono	3
fol	3
arp	3
una	3
ras	3
psi	3
sql	3
ila	3
eds	3
pop	3
cir	3
rev	3
Are	3
lam	3
bon	3
ika	3
duc	3
Don	3
hal	3
Dec	3
ICE	3
ses	3
got	3
ACE	3
Dat	3
atz	3
AGE	3
ITE	3
One	3
vas	3
Big	3
pet	3
aws	3
emy	3
gin	3
ego	3
ROM	3
Top	3
nia	3
war	3
cfg	3
iej	3
sor	3
tee	3
cat	3
ORD	3
gle	3
Sec	3
rum	3
PRE	3
bal	3
Can	3
ONE	3
ijn	3
nic	3
bus	3
FIG	3
ema	3
ARE	3
uri	3
rim	3
ees	3
rey	3
sen	3
ami	3
itu	3
xml	3
amm	3
KEY	3
oes	3
ede	3
PER	3
sta	3
ori	3
arc	3
FOR	3
car	3
sys	3
eff	3
she	3
osh	3
cup	3
dec	3
Dir	3
API	3
nam	3
ads	3
Ste	3
IND	3
Var	3
erk	3
pay	3
VID	3
EST	3
imo	3
Mat	3
uan	3
tor	3
oma	3
jen	3
PAR	3
hem	3
ahl	3
Obj	3
you	3
ako	3
agg	3
rup	3
txt	3
Dep	3
eur	3
Mon	3
Api	3
azz	3
iki	3
nav	3
ATH	3
mos	3
rio	3
fix	3
OUT	3
Ass	3
iga	3
oir	3
bel	3
abe	3
lia	3
edy	3
aze	3
akt	3
Mar	3
irk	3
oli	3
enz	3
DEV	3
sey	3
lat	3
auf	3
lan	3
irq	3
gun	3
png	3
owe	3
tim	3
lay	3
mac	3
kin	3
Red	3
Msg	3
Rel	3
Non	3
NOT	3
utt	3
uls	3
Sim	3
Tab	3
nab	3
Enc	3
ums	3
Cal	3
dot	3
ACT	3
Why	3
han	3
van	3
pic	3
isa	3
tml	3
ych	3
aat	3
Que	3
Dom	3
fit	3
orf	3
asm	3
ims	3
geq	3
dig	3
gal	3
ULE	3
cut	3
pub	3
ERN	3
sur	3
ems	3
USE	3
bur	3
See	3
oni	3
Exp	3
foo	3
rij	3
mid	3
IST	3
nel	3
MOD	3
isl	3
phy	3
obs	3
cmp	3
Phi	3
seg	3
HER	3
rik	3
cha	3
IVE	3
May	3
BIT	3
btn	3
iti	3
hab	3
DIR	3
Pat	3
owa	3
uen	3
apy	3
ODO	3
isc	3
yer	3
igt	3
dem	3
alo	3
riz	3
jet	3
ran	3
aka	3
Bit	3
UID	3
tip	3
bas	3
yan	3
REE	3
Now	3
uto	3
nik	3
igu	3
cks	3
dst	3
Use	3
SER	3
oom	3
asi	3
thm	3
Ret	3
erg	3
imm	3
IGN	3
III	3
oca	3
ogy	3
bat	3
esc	3
iot	3
wid	3
REQ	3
awa	3
ahn	3
ahr	3
Let	3
sin	3
oro	3
dep	3
Own	3
vin	3
hav	3
inf	3
LEN	3
aga	3
obe	3
aly	3
fmt	3
dit	3
dam	3
seq	3
olt	3
Env	3
pdf	3
Nav	3
pyx	3
CRE	3
ups	3
cie	3
iar	3
uzz	3
pie	3
ctl	3
clk	3
ril	3
inv	3
cam	3
aks	3
rep	3
RES	3
MEM	3
oco	3
gex	3
bul	3
WAR	3
gel	3
SQL	3
udo	3
ILE	3
oop	3
ECT	3
iat	3
esh	3
was	3
low	3
DIS	3
lag	3
Len	3
rod	3
Doc	3
nil	3
pis	3
oti	3
mun	3
Del	3
Vol	3
pid	3
skb	3
job	3
LAN	3
igo	3
nat	3
jor	3
zie	3
ycl	3
COL	3
Pay	3
Job	3
rog	3
LOW	3
Any	3
uda	3
LOC	3
bid	3
hus	3
kan	3
OFF	3
Rad	3
yes	3
FUN	3
NUM	3
Tim	3
PUT	3
pad	3
aya	3
cpy	3
Gen	3
Sum	3
ska	3
kom	3
Cor	3
MIN	3
Xml	3
Cap	3
atr	3
lad	3
Sch	3
een	3
pin	3
mal	3
ulo	3
Pop	3
AME	3
vet	3
idi	3
wan	3
uma	3
bot	3
asp	3
ajo	3
rei	3
cnt	3
Inv	3
sed	3
ARG	3
bet	3
Ang	3
IMP	3
aza	3
soc	3
aki	3
ifi	3
Did	3
aro	3
ERS	3
ket	3
zel	3
har	3
hew	3
bes	3
ovo	3
Art	3
lla	3
isp	3
apa	3
scr	3
rea	3
unc	3
Cmd	3
oga	3
hdr	3
ija	3
ORY	3
ilo	3
Fig	3
wen	3
law	3
hot	3
bra	3
ylv	3
ARY	3
nej	3
pts	3
imp	3
oda	3
kes	3
rif	3
mag	3
sup	3
uni	3
Bas	3
two	3
isi	3
ADD	3
ekt	3
rug	3
sky	3
adv	3
UND	3
gie	3
ONG	3
MAP	3
sym	3
oor	3
uar	3
UST	3
udi	3
ARD	3
IAL	3
UNT	3
don	3
ije	3
lio	3
gio	3
odo	3
kit	3
Rev	3
eno	3
tok	3
eed	3
esa	3
las	3
rez	3
aje	3
ASE	3
CMD	3
trl	3
Ids	3
hou	3
bad	3
Who	3
zet	3
icz	3
uta	3
fan	3
Mac	3
czy	3
AUT	3
Fin	3
dma	3
yal	3
Psi	3
aco	3
DEF	3
Seg	3
nek	3
SUP	3
aug	3
Sur	3
rov	3
agy	3
awn	3
Cam	3
jpg	3
roc	3
NET	3
MSG	3
ieg	3
ELD	3
PIO	3
nis	3
vor	3
cas	3
Car	3
Sql	3
bow	3
uli	3
Raw	3
GER	3
ILL	3
Mut	3
igs	3
cop	3
pal	3
hom	3
elo	3
nom	3
may	3
ctr	3
OLD	3
adi	3
URN	3
ned	3
Arr	3
TAG	3
Idx	3
etr	3
zes	3
mus	3
aja	3
uje	3
eln	3
Gui	3
ASH	3
bec	3
Dim	3
ubl	3
udd	3
RET	3
alg	3
sex	3
Buf	3
neg	3
iso	3
Day	3
AST	3
lav	3
mic	3
inz	3
URI	3
RED	3
YPE	3
Mer	3
jan	3
INS	3
lee	3
kov	3
Asp	3
uno	3
zed	3
mel	3
cio	3
kow	3
xis	3
RAY	3
neh	3
osi	3
sto	3
urd	3
ENO	3
weg	3
agu	3
ANT	3
Div	3
uce	3
Vec	3
tle	3
GEN	3
ifs	3
git	3
bie	3
igd	3
Ign	3
who	3
omy	3
umi	3
aha	3
ulf	3
lyn	3
Win	3
jar	3
MAC	3
lov	3
XML	3
gre	3
bru	3
aci	3
gly	3
aml	3
eda	3
mad	3
upp	3
TRY	3
lij	3
eva	3
INK	3
zip	3
wed	3
abb	3
oen	3
FIX	3
ols	3
jav	3
opl	3
CUR	3
owy	3
ORK	3
iza	3
utf	3
iko	3
Ant	3
UTE	3
VAR	3
DEX	3
oby	3
Bal	3
SOC	3
azy	3
CTL	3
ORS	3
Uri	3
utz	3
kar	3
ked	3
SPE	3
pkg	3
etz	3
aca	3
CAP	3
uns	3
Rot	3
Pod	3
sig	3
abl	3
kel	3
deg	3
amt	3
imi	3
Two	3
tri	3
oso	3
gov	3
asa	3
ogo	3
agr	3
kre	3
Bus	3
usb	3
ILD	3
omo	3
ieu	3
jud	3
esp	3
uso	3
UTF	3
Lin	3
amo	3
auc	3
Typ	3
hof	3
Opt	3
rgb	3
GRO	3
svg	3
oup	3
neq	3
msm	3
gui	3
REF	3
SSL	3
ipt	3
nah	3
bst	3
uum	3
Pal	3
vid	3
xic	3
cow	3
IME	3
iah	3
iac	3
kon	3
spe	3
Ali	3
Leg	3
edi	3
Tok	3
mys	3
ikt	3
Bad	3
CFG	3
ICK	3
pel	3
Est	3
WIN	3
pio	3
pot	3
tar	3
pur	3
cca	3
DBG	3
CLK	3
zem	3
Mag	3
wig	3
zte	3
boy	3
rag	3
UAL	3
Ctx	3
Tra	3
ORM	3
nak	3
uis	3
Die	3
Dig	3
mir	3
usk	3
dbg	3
LAY	3
uty	3
lar	3
ibt	3
far	3
irs	3
sam	3
IDE	3
owo	3
nte	3
lon	3
ijd	3
hin	3
blo	3
spl	3
usc	3
Our	3
Der	3
EMP	3
rig	3
tbl	3
LED	3
izi	3
Dit	3
zon	3
sis	3
som	3
nym	3
DOM	3
sal	3
gpu	3
usa	3
igi	3
Ill	3
reb	3
Abs	3
orr	3
egr	3
drv	3
sha	3
lap	3
pow	3
Lib	3
WER	3
Les	3
IFT	3
raj	3
cen	3
nan	3
tha	3
wie	3
Hey	3
Med	3
IFY	3
GTH	3
jax	3
via	3
whe	3
Src	3
fic	3
TMP	3
ONT	3
ipp	3
noc	3
LOB	3
tal	3
tax	3
orp	3
iph	3
DED	3
abi	3
CPU	3
iri	3
ssl	3
Mus	3
zek	3
kal	3
iev	3
obi	3
fly	3
Old	3
odi	3
MAG	3
Put	3
Req	3
die	3
zig	3
mot	3
USB	3
pod	3
omi	3
his	3
MAN	3
APP	3
RIP	3
Cpp	3
nas	3
VEL	3
bud	3
had	3
tcp	3
ACH	3
gew	3
SUB	3
kol	3
peg	3
Hor	3
abc	3
TIM	3
ohl	3
cls	3
usr	3
zza	3
ASK	3
BER	3
lab	3
bau	3
SED	3
ITH	3
fen	3
rud	3
POS	3
jes	3
Dem	3
kle	3
FRA	3
kte	3
Bet	3
iji	3
Sym	3
kor	3
umm	3
ycz	3
yar	3
avi	3
aku	3
Pad	3
Lat	3
ARK	3
Hit	3
FIL	3
pkt	3
God	3
ibe	3
BUF	3
hci	3
akh	3
woh	3
flu	3
fas	3
sdk	3
uki	3
zym	3
los	3
avo	3
MON	3
rus	3
awt	3
iju	3
jed	3
spi	3
blk	3
neo	3
tat	3
Tex	3
rtc	3
TON	3
hex	3
fab	3
DTO	3
PTR	3
sid	3
AMP	3
Ins	3
DMA	3
ppo	3
bye	3
Try	3
dog	3
ovi	3
ijk	3
asz	3
rer	3
olu	3
edu	3
IES	3
oku	3
obb	3
trm	3
osc	3
ted	3
Pub	3
tek	3
esi	3
San	3
eni	3
OPT	3
emi	3
won	3
nut	3
SEL	3
cli	3
DIO	3
Den	3
mov	3
AIN	3
Her	3
Sep	3
PIN	3
ARM	3
Ben	3
UTC	3
uti	3
IGH	3
SEC	3
mul	3
eft	3
ENS	3
Mvc	3
uur	3
tid	3
Dam	3
cep	3
sea	3
Tri	3
Dto	3
oka	3
wal	3
oba	3
rob	3
COM	3
Sal	3
hum	3
ATT	3
Btn	3
wik	3
hit	3
did	3
UNK	3
SHA	3
fte	3
lit	3
anj	3
iek	3
usz	3
nor	3
BUS	3
chg	3
cke	3
SYS	3
iov	3
nde	3
Bul	3
Une	3
ysk	3
chr	3
zej	3
oko	3
jer	3
jon	3
pci	3
imb	3
CPP	3
bag	3
NEL	3
tta	3
pez	3
iop	3
uru	3
cod	3
Tip	3
ROL	3
ANG	3
csv	3
IEW	3
pse	3
ivi	3
Cir	3
HAL	3
eca	3
gue	3
LAB	3
WID	3
ERY	3
pag	3
rpc	3
aqu	3
hop	3
vre	3
Bin	3
Imp	3
Hub	3
xFC	3
yll	3
uba	3
lez	3
fre	3
rar	3
gnu	3
pit	3
azi	3
DER	3
xFE	3
FER	3
CSS	3
mma	3
esk	3
nea	3
olv	3
izo	3
Und	3
vue	3
TOP	3
iii	3
Sam	3
nih	3
sun	3
XFF	3
ugs	3
orb	3
rin	3
NEW	3
iom	3
nex	3
IDS	3
eze	3
Cat	3
Alt	3
acz	3
ROW	3
cid	3
Pin	3
snd	3
oly	3
mgr	3
FLO	3
fac	3
TLS	3
oux	3
cou	3
VIS	3
tol	3
NON	3
cin	3
dup	3
pus	3
Fac	3
san	3
Adv	3
ENC	3
LES	3
ALE	3
gos	3
liv	3
ulu	3
EEE	3
gas	3
GPL	3
six	3
ktr	3
upt	3
Inf	3
evt	3
etc	3
lua	3
jas	3
tem	3
rav	3
hba	3
Bel	3
ucc	3
eny	3
fel	3
bia	3
hpp	3
ERO	3
dal	3
Pyx	3
ANY	3
emb	3
pcm	3
vez	3
Dao	3
Mal	3
ITS	3
bio	3
lle	3
aty	3
kir	3
QUE	3
egu	3
fif	3
ulp	3
GIN	3
gem	3
nov	3
ERE	3
eli	3
aky	3
tan	3
OST	3
tti	3
chs	3
eve	3
Che	3
hon	3
ETH	3
vod	3
rah	3
rac	3
say	3
hub	3
tpl	3
ipv	3
hdd	3
RGB	3
eri	3
IRQ	3
Low	3
Bro	3
ijo	3
POL	3
god	3
MSM	3
Neg	3
IFI	3
occ	3
CAM	3
sts	3
CLE	3
Iss	3
Sem	3
sep	3
tik	3
Aug	3
jem	3
bez	3
kee	3
mor	3
Jan	3
nos	3
GUI	3
KEN	3
sko	3
RUN	3
PHY	3
His	3
arz	3
acl	3
tls	3
Hex	3
jal	3
Std	3
jos	3
cit	3
seh	3
oct	3
dan	3
HED	3
ioc	3
TRA	3
Tor	3
Mgr	3
RPC	3
CLO	3
EXP	3
cip	3
cro	3
rub	3
USA	3
Rob	3
Sup	3
gom	3
uve	3
pas	3
elm	3
TCP	3
kat	3
yna	3
vma	3
Ten	3
dar	3
oxy	3
plo	3
gow	3
Occ	3
wor	3
sol	3
ICT	3
awk	3
Hot	3
RST	3
sil	3
hir	3
CAL	3
xxx	3
atu	3
mil	3
Was	3
agi	3
Sil	3
lot	3
spr	3
DAI	3
axy	3
nez	3
Mad	3
Air	3
Som	3
PRI	3
Ord	3
Sys	3
hos	3
nem	3
Pan	3
Tom	3
nio	3
Oct	3
sty	3
azu	3
Men	3
ENV	3
ogs	3
dag	3
roe	3
ugg	3
dyn	3
kim	3
FIN	3
Fix	3
sat	3
ogg	3
typ	3
fox	3
mix	3
kie	3
yme	3
acs	3
isy	3
SPI	3
tit	3
xfe	3
REC	3
eau	3
Ber	3
iku	3
jsp	3
ifr	3
BUT	3
aal	3
Har	3
adr	3
psy	3
gru	3
kil	3
EOF	3
avg	3
dro	3
PCM	3
DEC	3
DAT	3
oki	3
BAD	3
eks	3
bey	3
Whe	3
UES	3
Ann	3
USH	3
Mir	3
omp	3
iao	3
HOW	3
zec	3
ROP	3
IDs	3
gra	3
emu	3
aju	3
Fat	3
Img	3
DIP	3
ofs	3
bew	3
Ops	3
ICS	3
aye	3
LOT	3
Bag	3
wij	3
jek	3
Pet	3
Lim	3
dap	3
PCI	3
hui	3
LIC	3
aru	3
Vel	3
IPS	3
dbc	3
ISD	3
War	3
edo	3
Nil	3
jel	3
oft	3
UMN	3
urm	3
DOT	3
moz	3
PHP	3
Lou	3
DRV	3
him	3
igg	3
aho	3
Aud	3
uld	3
MIT	3
pix	3
owi	3
Spe	3
ggi	3
STO	3
nar	3
DAY	3
ppe	3
jev	3
ARB	3
opf	3
rys	3
bis	3
too	3
osz	3
inx	3
ELL	3
Sig	3
uvo	3
lif	3
nim	3
Ray	3
lli	3
agh	3
cov	3
Emp	3
wei	3
Bot	3
ieb	3
Dan	3
rsp	3
gro	3
egy	3
VOL	3
MAT	3
MED	3
rhs	3
Seq	3
enh	3
Dot	3
vil	3
pte	3
nob	3
EAR	3
Kit	3
MUL	3
ifa	3
opp	3
fff	3
Gre	3
Too	3
Aff	3
syn	3
exc	3
Hom	3
CAN	3
GPU	3
oks	3
Emb	3
DAP	3
LET	3
ipa	3
grp	3
pto	3
THE	3
adt	3
thy	3
efe	3
tcx	3
sek	3
iaz	3
TDM	3
veh	3
Sir	3
hid	3
Los	3
das	3
ahu	3
Hen	3
bek	3
PLY	3
icl	3
adj	3
nod	3
PEG	3
ugu	3
ske	3
ikh	3
itr	3
iba	3
Pag	3
Mix	3
NOP	3
ANK	3
zin	3
dsi	3
viv	3
Arc	3
WAY	3
MLE	3
CTX	3
AtA	3
ISH	3
idy	3
LIB	3
Arm	3
zas	3
odd	3
GBT	3
fee	3
Bay	3
mee	3
bil	3
fur	3
omm	3
ocy	3
bss	3
kap	3
ACC	3
AIL	3
EFF	3
lst	3
eti	3
fem	3
dai	3
NER	3
icc	3
Hal	3
LBL	3
STM	3
Reb	3
Pen	3
vik	3
Gap	3
SIG	3
mao	3
why	3
isz	3
hre	3
REL	3
Cfg	3
rai	3
tto	3
eph	3
SRC	3
voj	3
VED	3
gif	3
olk	3
LIN	3
ocz	3
ouw	3
afi	3
amy	3
ASC	3
ISO	3
dru	3
oya	3
ixa	3
rab	3
due	3
geo	3
Esp	3
TOM	3
rss	3
BOX	3
Tax	3
fon	3
BIN	3
vee	3
gfx	3
TES	3
roz	3
rok	3
SEE	3
oge	3
ysz	3
Cut	3
esz	3
Apr	3
NaN	3
ADC	3
oji	3
pul	3
loe	3
amd	3
fed	3
mux	3
HAS	3
Luc	3
lte	3
lbl	3
dhd	3
Rom	3
nit	3
Cop	3
tos	3
pfn	3
adu	3
rek	3
Dlg	3
Blo	3
vir	3
tom	3
ikk	3
dao	3
Bon	3
bee	3
rcu	3
kem	3
sbi	3
arb	3
Tur	3
CLU	3
Mil	3
Mic	3
Pse	3
uga	3
rir	3
Lif	3
nog	3
mob	3
PDF	3
eso	3
awi	3
Sun	3
chk	3
FMT	3
Hol	3
xit	3
mmc	3
gon	3
sap	3
psz	3
in	2
er	2
he	2
on	2
re	2
en	2
at	2
or	2
es	2
an	2
is	2
it	2
ou	2
al	2
ar	2
ed	2
le	2
nd	2
as	2
ic	2
et	2
om	2
el	2
st	2
il	2
ct	2
ro	2
id	2
am	2
ad	2
im	2
ot	2
ac	2
ur	2
ig	2
ol	2
ut	2
se	2
ve	2
if	2
ow	2
ch	2
ay	2
ly	2
od	2
ul	2
ag	2
ce	2
ir	2
th	2
qu	2
em	2
un	2
ri	2
ab	2
ap	2
us	2
um	2
os	2
pe	2
oc	2
ke	2
ht	2
op	2
ie	2
ld	2
te	2
tr	2
ub	2
ue	2
pt	2
nt	2
iv	2
de	2
pl	2
iz	2
og	2
ne	2
ge	2
ak	2
ok	2
av	2
ff	2
ip	2
xt	2
cl	2
ia	2
ra	2
to	2
ru	2
ud	2
au	2
ll	2
pp	2
cc	2
gh	2
ib	2
ob	2
ck	2
ep	2
ov	2
ft	2
eg	2
ry	2
In	2
so	2
du	2
io	2
ma	2
up	2
St	2
ex	2
ph	2
ER	2
lo	2
ec	2
we	2
IN	2
tt	2
ps	2
pr	2
ug	2
ef	2
wo	2
sh	2
ng	2
ss	2
gr	2
sc	2
ev	2
ON	2
ix	2
ys	2
ik	2
wn	2
ty	2
sp	2
ew	2
RE	2
ax	2
fr	2
fo	2
oy	2
ah	2
ST	2
az	2
ek	2
AT	2
Ex	2
of	2
OR	2
Id	2
EN	2
ms	2
yn	2
dd	2
aw	2
ts	2
ym	2
AL	2
AR	2
ta	2
be	2
co	2
me	2
fl	2
ID	2
ox	2
li	2
aj	2
SE	2
IT	2
eb	2
LE	2
ci	2
uf	2
Cl	2
Ch	2
Th	2
ij	2
bl	2
rr	2
UL	2
AN	2
sk	2
It	2
DE	2
Ar	2
oh	2
ze	2
SS	2
CT	2
by	2
yp	2
ey	2
Ob	2
mp	2
wh	2
Tr	2
br	2
uc	2
gy	2
no	2
fe	2
na	2
To	2
ux	2
ww	2
ME	2
gg	2
ai	2
RO	2
IC	2
En	2
sw	2
go	2
AC	2
ml	2
eq	2
da	2
rc	2
ui	2
gl	2
Un	2
rm	2
bb	2
mb	2
LO	2
UT	2
PE	2
ny	2
bo	2
bs	2
HE	2
FF	2
AD	2
IS	2
pi	2
Wh	2
bf	2
MA	2
ED	2
my	2
Re	2
By	2
Se	2
Sh	2
UR	2
CO	2
Im	2
af	2
md	2
TR	2
MP	2
AP	2
ET	2
je	2
AS	2
ka	2
ho	2
zy	2
IG	2
za	2
UN	2
hr	2
sl	2
OT	2
Qu	2
AB	2
As	2
la	2
Or	2
IL	2
lt	2
Pl	2
US	2
kt	2
ES	2
ks	2
Is	2
CH	2
We	2
EX	2
po	2
AG	2
mu	2
He	2
do	2
ee	2
td	2
On	2
pu	2
No	2
ga	2
fs	2
CE	2
II	2
rt	2
ca	2
gs	2
mt	2
Fr	2
IP	2
db	2
bt	2
cy	2
Al	2
cd	2
Up	2
TY	2
OP	2
sm	2
ii	2
js	2
ha	2
An	2
ja	2
py	2
gu	2
AM	2
Of	2
CK	2
OD	2
su	2
dr	2
ns	2
uk	2
yl	2
EL	2
ql	2
ni	2
va	2
UE	2
SI	2
OL	2
CL	2
PI	2
FA	2
FI	2
cs	2
vo	2
TH	2
At	2
ba	2
Fl	2
rl	2
mm	2
Sc	2
tx	2
Ad	2
pc	2
DI	2
SC	2
sg	2
Ph	2
De	2
TI	2
If	2
NA	2
pg	2
yd	2
TE	2
Pr	2
PO	2
pm	2
ki	2
oo	2
sy	2
BU	2
MS	2
Le	2
uz	2
nu	2
Ed	2
UP	2
Be	2
mi	2
AA	2
gt	2
ji	2
HT	2
ds	2
oe	2
SP	2
oz	2
DB	2
VE	2
Em	2
ua	2
cz	2
cr	2
sa	2
ML	2
AY	2
OS	2
PL	2
zt	2
ku	2
oi	2
TO	2
FL	2
IM	2
CC	2
NO	2
si	2
df	2
IF	2
pa	2
MO	2
CP	2
HO	2
fg	2
px	2
zo	2
UM	2
PC	2
cm	2
gn	2
DR	2
xy	2
zi	2
vm	2
OM	2
yr	2
ih	2
NE	2
PR	2
ZE	2
IO	2
KE	2
aa	2
yt	2
sb	2
FO	2
uy	2
rs	2
IR	2
ae	2
dy	2
SU	2
GL	2
BC	2
cp	2
Ap	2
ln	2
kl	2
sq	2
ko	2
SH	2
BA	2
ky	2
LI	2
jo	2
GE	2
OK	2
TP	2
ls	2
MD	2
Bl	2
Sp	2
Do	2
MM	2
wa	2
SO	2
xi	2
Op	2
sz	2
ao	2
UI	2
CD	2
So	2
ya	2
DO	2
Su	2
My	2
CA	2
vi	2
rd	2
RA	2
LL	2
SD	2
mo	2
gi	2
hi	2
uv	2
PS	2
FC	2
RL	2
Sl	2
Us	2
SA	2
fd	2
FT	2
DA	2
di	2
ez	2
fn	2
QL	2
EQ	2
CI	2
CR	2
xx	2
ti	2
BO	2
El	2
sf	2
FE	2
La	2
sd	2
uj	2
MI	2
Ge	2
hy	2
Om	2
MB	2
Fe	2
fa	2
NU	2
IV	2
oj	2
DF	2
TA	2
hw	2
XX	2
cb	2
IB	2
Oh	2
CS	2
kr	2
Gl	2
Py	2
SL	2
hs	2
bi	2
PT	2
SY	2
EE	2
ws	2
sv	2
DC	2
Ab	2
WE	2
bm	2
Bo	2
LS	2
sn	2
zz	2
SK	2
fc	2
BN	2
Po	2
RC	2
UB	2
tn	2
GB	2
ND	2
FS	2
dz	2
Ne	2
IX	2
NS	2
Br	2
RT	2
dt	2
CF	2
wr	2
Am	2
Me	2
rx	2
Co	2
ye	2
PH	2
WR	2
Ke	2
DS	2
tw	2
EV	2
bu	2
MT	2
cu	2
xF	2
wi	2
Gr	2
IA	2
EO	2
IE	2
iu	2
hl	2
xf	2
Go	2
DD	2
BE	2
zn	2
MC	2
PA	2
QU	2
WN	2
rg	2
PU	2
TX	2
WS	2
fi	2
TS	2
tp	2
OB	2
kg	2
UD	2
AF	2
Sw	2
NT	2
xe	2
BL	2
km	2
PD	2
RR	2
tc	2
BS	2
GR	2
hd	2
TC	2
gp	2
PP	2
LA	2
Ev	2
kw	2
bd	2
np	2
VM	2
xc	2
PM	2
nb	2
EC	2
RI	2
xa	2
BI	2
yy	2
dp	2
fp	2
Di	2
uh	2
vc	2
BB	2
EM	2
Te	2
ju	2
AV	2
Ok	2
lu	2
xC	2
rv	2
dc	2
Sk	2
LC	2
Gu	2
Av	2
DM	2
rb	2
Pe	2
wp	2
fx	2
GC	2
BP	2
NC	2
nn	2
Ac	2
BD	2
hu	2
tl	2
FP	2
xb	2
Dr	2
yg	2
xE	2
BY	2
wd	2
dl	2
SR	2
FR	2
tv	2
tk	2
cn	2
RX	2
SW	2
tf	2
LY	2
pd	2
pf	2
HS	2
cf	2
xd	2
eh	2
VT	2
Sn	2
Sm	2
VD	2
vs	2
SM	2
DP	2
TV	2
hn	2
dm	2
dk	2
OF	2
lg	2
CB	2
fb	2
ea	2
tm	2
JS	2
BR	2
EP	2
vr	2
RS	2
NN	2
Il	2
GA	2
nr	2
pb	2
PY	2
TL	2
SV	2
GO	2
LP	2
iy	2
bg	2
AI	2
HL	2
DU	2
FD	2
iw	2
mg	2
rq	2
bp	2
LD	2
yo	2
WA	2
vy	2
vl	2
bc	2
lp	2
TF	2
PF	2
VO	2
dx	2
HD	2
Tx	2
AE	2
rf	2
UX	2
hh	2
BT	2
Hz	2
Fi	2
PG	2
cv	2
PN	2
uw	2
BM	2
IZ	2
UG	2
zw	2
mc	2
Ty	2
bh	2
Db	2
DT	2
kn	2
Az	2
dw	2
HA	2
zd	2
Sy	2
sr	2
zu	2
bn	2
fw	2
AK	2
pn	2
wt	2
Ag	2
zh	2
wl	2
dn	2
Fn	2
vt	2
FB	2
zk	2
DL	2
tb	2
Pi	2
cx	2
nl	2
Sa	2
Eq	2
wy	2
EB	2
RM	2
WI	2
nc	2
nm	2
GT	2
SN	2
CN	2
CM	2
PK	2
mn	2
RD	2
AX	2
BF	2
wx	2
ej	2
eu	2
zb	2
gb	2
kh	2
vp	2
GP	2
Ms	2
OC	2
NV	2
HR	2
MR	2
TT	2
mk	2
pk	2
EF	2
HW	2
NI	2
dv	2
HC	2
rp	2
YY	2
NL	2
RF	2
nv	2
hm	2
lb	2
Nd	2
GM	2
kc	2
FN	2
Wr	2
VI	2
Ah	2
NG	2
vd	2
EY	2
Du	2
ei	2
OO	2
tu	2
oa	2
Na	2
GS	2
SB	2
FX	2
RG	2
cg	2
VC	2
mr	2
Er	2
AW	2
xA	2
AU	2
VR	2
VP	2
FW	2
VA	2
gc	2
Mr	2
hp	2
FM	2
SG	2
TM	2
xB	2
Lo	2
EA	2
Cr	2
XY	2
wm	2
xD	2
Ip	2
qa	2
mf	2
Es	2
CG	2
WM	2
xs	2
HI	2
Je	2
tz	2
RV	2
CV	2
nx	2
mx	2
rw	2
kk	2
hc	2
Qt	2
NR	2
rz	2
Ut	2
WO	2
Ma	2
WH	2
MY	2
Si	2
wc	2
fm	2
AH	2
lv	2
OG	2
Tw	2
Bu	2
fu	2
UV	2
TD	2
qp	2
Hy	2
kb	2
HP	2
WW	2
lr	2
bw	2
WL	2
Jo	2
xl	2
dh	2
GG	2
zm	2
KK	2
GI	2
Vo	2
qq	2
UK	2
NF	2
WC	2
lj	2
KS	2
UC	2
mv	2
qt	2
WD	2
wq	2
VL	2
kv	2
Os	2
XR	2
Js	2
nf	2
jj	2
SF	2
gz	2
Hi	2
HH	2
Ro	2
WP	2
VS	2
RB	2
CU	2
uu	2
lm	2
lc	2
NP	2
GF	2
jk	2
Af	2
Ui	2
Mo	2
JO	2
MF	2
NY	2
Mu	2
LT	2
nh	2
BG	2
qs	2
XT	2
UA	2
Ir	2
GU	2
GD	2
vf	2
NM	2
Ga	2
WT	2
Sv	2
YP	2
wb	2
Io	2
Ha	2
Lu	2
gd	2
ZZ	2
pv	2
fy	2
iq	2
Pt	2
MX	2
mq	2
pw	2
YN	2
Ns	2
MG	2
vb	2
CY	2
hf	2
cq	2
rn	2
Vi	2
LM	2
vv	2
VF	2
Ps	2
HY	2
Bi	2
WF	2
Rx	2
Li	2
Da	2
uo	2
yk	2
yc	2
tg	2
zs	2
PB	2
jd	2
xp	2
rh	2
DN	2
RP	2
VB	2
RW	2
GN	2
Mc	2
e	1
t	1
a	1
o	1
i	1
n	1
r	1
s	1
l	1
d	1
h	1
c	1
u	1
m	1
p	1
g	1
f	1
y	1
b	1
w	1
v	1
k	1
S	1
I	1
T	1
A	1
C	1
x	1
E	1
P	1
R	1
M	1
D	1
L	1
N	1
B	1
O	1
z	1
F	1
j	1
H	1
q	1
G	1
U	1
W	1
V	1
K	1
J	1
Y	1
X	1
Q	1
Z	1
