数	2
据	2
获	2
取	2
一	2
个	2
的	1
用	1
是	1
不	1
中	1
有	1
为	1
时	1
在	1
件	1
定	1
文	1
置	1
表	1
成	1
字	1
回	1
到	1
行	1
名	1
入	1
大	1
对	1
可	1
上	1
新	1
加	1
要	1
下	1
分	1
值	1
出	1
类	1
请	1
息	1
示	1
以	1
接	1
存	1
信	1
设	1
方	1
能	1
点	1
人	1
前	1
作	1
理	1
法	1
果	1
发	1
了	1
户	1
查	1
单	1
间	1
如	1
本	1
后	1
式	1
生	1
动	1
和	1
小	1
返	1
否	1
日	1
标	1
码	1
地	1
位	1
列	1
除	1
使	1
自	1
于	1
当	1
所	1
子	1
号	1
参	1
型	1
这	1
开	1
会	1
器	1
面	1
图	1
度	1
内	1
最	1
化	1
建	1
量	1
始	1
过	1
组	1
功	1
区	1
选	1
通	1
结	1
录	1
改	1
目	1
指	1
务	1
输	1
关	1
调	1
合	1
已	1
部	1
页	1
我	1
求	1
市	1
次	1
实	1
将	1
重	1
更	1
制	1
符	1
配	1
象	1
进	1
需	1
性	1
认	1
来	1
题	1
程	1
模	1
失	1
口	1
空	1
期	1
者	1
提	1
态	1
复	1
修	1
得	1
多	1
格	1
函	1
应	1
正	1
注	1
则	1
消	1
节	1
序	1
代	1
此	1
保	1
处	1
删	1
容	1
之	1
包	1
状	1
体	1
同	1
事	1
主	1
品	1
询	1
创	1
该	1
元	1
第	1
天	1
或	1
年	1
转	1
传	1
路	1
例	1
机	1
高	1
相	1
片	1
操	1
全	1
无	1
月	1
称	1
就	1
明	1
计	1
你	1
败	1
密	1
解	1
变	1
段	1
条	1
默	1
色	1
断	1
商	1
里	1
系	1
编	1
错	1
只	1
县	1
常	1
初	1
等	1
情	1
现	1
证	1
手	1
支	1
服	1
道	1
送	1
载	1
限	1
线	1
属	1
他	1
放	1
记	1
公	1
没	1
添	1
显	1
其	1
集	1
金	1
国	1
任	1
话	1
并	1
被	1
都	1
意	1
经	1
看	1
址	1
交	1
完	1
义	1
向	1
换	1
山	1
算	1
二	1
判	1
级	1
工	1
家	1
三	1
原	1
长	1
管	1
学	1
验	1
写	1
从	1
收	1
未	1
登	1
源	1
每	1
误	1
按	1
权	1
根	1
串	1
确	1
好	1
统	1
效	1
网	1
物	1
也	1
项	1
资	1
引	1
版	1
平	1
们	1
与	1
移	1
素	1
执	1
板	1
问	1
安	1
持	1
心	1
打	1
检	1
库	1
测	1
力	1
直	1
由	1
试	1
必	1
端	1
先	1
命	1
员	1
比	1
時	1
择	1
构	1
备	1
链	1
说	1
签	1
启	1
付	1
索	1
特	1
西	1
外	1
头	1
连	1
流	1
找	1
清	1
去	1
因	1
增	1
知	1
像	1
省	1
样	1
起	1
台	1
读	1
角	1
南	1
整	1
订	1
您	1
基	1
水	1
画	1
描	1
击	1
业	1
别	1
给	1
形	1
控	1
然	1
东	1
州	1
排	1
装	1
海	1
城	1
键	1
径	1
料	1
具	1
块	1
再	1
电	1
两	1
而	1
还	1
令	1
总	1
异	1
光	1
客	1
非	1
設	1
述	1
导	1
镇	1
步	1
活	1
束	1
那	1
志	1
么	1
运	1
北	1
超	1
布	1
少	1
卡	1
辑	1
美	1
产	1
利	1
联	1
界	1
种	1
王	1
域	1
立	1
神	1
音	1
動	1
缓	1
报	1
视	1
详	1
把	1
边	1
框	1
历	1
门	1
含	1
周	1
填	1
待	1
额	1
四	1
止	1
率	1
环	1
闭	1
语	1
身	1
藏	1
即	1
拉	1
些	1
左	1
右	1
告	1
白	1
账	1
费	1
江	1
造	1
但	1
十	1
它	1
女	1
京	1
触	1
石	1
田	1
易	1
规	1
展	1
做	1
星	1
供	1
己	1
且	1
插	1
景	1
切	1
及	1
价	1
乡	1
真	1
太	1
局	1
退	1
何	1
司	1
层	1
站	1
首	1
款	1
間	1
监	1
册	1
案	1
反	1
听	1
族	1
析	1
秒	1
場	1
广	1
播	1
技	1
贴	1
想	1
速	1
频	1
队	1
须	1
菜	1
剪	1
细	1
選	1
许	1
世	1
候	1
共	1
快	1
友	1
车	1
推	1
花	1
言	1
至	1
開	1
校	1
個	1
村	1
优	1
达	1
核	1
场	1
影	1
钮	1
份	1
微	1
识	1
预	1
五	1
很	1
無	1
社	1
书	1
顶	1
才	1
云	1
搜	1
照	1
短	1
川	1
後	1
范	1
民	1
治	1
章	1
河	1
论	1
坐	1
停	1
受	1
树	1
林	1
张	1
着	1
访	1
考	1
教	1
准	1
印	1
精	1
窗	1
宝	1
围	1
致	1
随	1
储	1
况	1
邮	1
武	1
维	1
跳	1
投	1
英	1
带	1
為	1
续	1
群	1
风	1
购	1
老	1
留	1
球	1
史	1
店	1
审	1
略	1
科	1
货	1
络	1
阳	1
資	1
若	1
宽	1
见	1
游	1
余	1
响	1
缩	1
评	1
允	1
离	1
黑	1
马	1
値	1
箱	1
感	1
声	1
战	1
変	1
父	1
助	1
充	1
强	1
博	1
销	1
記	1
什	1
匹	1
午	1
某	1
足	1
木	1
楼	1
红	1
古	1
今	1
斯	1
語	1
牌	1
颜	1
克	1
深	1
會	1
尔	1
释	1
批	1
野	1
防	1
各	1
追	1
句	1
警	1
词	1
男	1
隐	1
盘	1
申	1
议	1
近	1
東	1
這	1
距	1
院	1
德	1
针	1
房	1
青	1
政	1
递	1
波	1
绑	1
士	1
境	1
差	1
采	1
升	1
背	1
龙	1
街	1
弹	1
魔	1
禁	1
島	1
百	1
专	1
來	1
刷	1
华	1
屏	1
死	1
遍	1
八	1
览	1
唯	1
让	1
锁	1
思	1
隔	1
低	1
半	1
较	1
享	1
积	1
典	1
六	1
便	1
简	1
继	1
仅	1
尾	1
火	1
湖	1
書	1
循	1
术	1
結	1
乐	1
滤	1
满	1
國	1
線	1
封	1
確	1
依	1
永	1
歌	1
數	1
福	1
実	1
千	1
母	1
几	1
双	1
掉	1
標	1
長	1
档	1
底	1
终	1
請	1
報	1
暂	1
李	1
替	1
射	1
票	1
附	1
压	1
阿	1
万	1
普	1
截	1
括	1
曲	1
师	1
钱	1
栏	1
走	1
归	1
連	1
私	1
刘	1
免	1
奖	1
見	1
际	1
望	1
帝	1
减	1
领	1
钟	1
架	1
松	1
越	1
答	1
染	1
质	1
顺	1
气	1
計	1
亮	1
座	1
均	1
官	1
适	1
护	1
久	1
春	1
曹	1
皇	1
脚	1
池	1
延	1
現	1
檔	1
希	1
玩	1
固	1
黄	1
银	1
攻	1
决	1
宁	1
機	1
義	1
愛	1
矩	1
郎	1
绘	1
负	1
汉	1
編	1
似	1
認	1
過	1
约	1
香	1
买	1
住	1
扩	1
静	1
钥	1
她	1
食	1
往	1
點	1
偏	1
康	1
戏	1
井	1
军	1
爱	1
七	1
币	1
哈	1
阅	1
介	1
观	1
區	1
又	1
冲	1
朝	1
姓	1
课	1
龍	1
米	1
喜	1
夜	1
团	1
远	1
承	1
室	1
罗	1
软	1
策	1
协	1
营	1
関	1
吉	1
奇	1
滚	1
轴	1
処	1
土	1
划	1
临	1
航	1
浏	1
別	1
寺	1
於	1
進	1
風	1
班	1
九	1
號	1
础	1
般	1
番	1
單	1
帧	1
授	1
赋	1
巴	1
占	1
假	1
透	1
項	1
馬	1
券	1
類	1
對	1
激	1
戦	1
独	1
訊	1
套	1
跟	1
渲	1
顯	1
降	1
尼	1
血	1
牛	1
將	1
拍	1
刻	1
藤	1
良	1
録	1
伊	1
落	1
雄	1
雪	1
映	1
著	1
対	1
智	1
译	1
抽	1
酒	1
股	1
谷	1
热	1
終	1
夹	1
干	1
彩	1
敗	1
轮	1
阵	1
夏	1
幕	1
吧	1
港	1
益	1
儿	1
售	1
兵	1
惠	1
欢	1
零	1
學	1
員	1
玉	1
逻	1
吗	1
沒	1
夫	1
堂	1
電	1
陆	1
研	1
荐	1
健	1
碼	1
练	1
検	1
哪	1
圆	1
托	1
缀	1
沙	1
兴	1
病	1
換	1
温	1
帖	1
込	1
削	1
征	1
习	1
栈	1
绝	1
圖	1
苏	1
発	1
町	1
互	1
守	1
侧	1
草	1
扫	1
恢	1
拟	1
派	1
呼	1
演	1
究	1
富	1
駅	1
旋	1
补	1
門	1
傳	1
缺	1
頭	1
怪	1
組	1
發	1
雷	1
翻	1
題	1
居	1
避	1
滑	1
故	1
倍	1
宗	1
択	1
効	1
尺	1
視	1
覆	1
骨	1
蓝	1
關	1
額	1
卷	1
众	1
態	1
暗	1
君	1
錯	1
亚	1
割	1
鼠	1
読	1
眼	1
雨	1
宮	1
複	1
剩	1
早	1
杂	1
焦	1
贝	1
突	1
另	1
摄	1
府	1
盖	1
佛	1
概	1
與	1
經	1
問	1
話	1
倒	1
葛	1
训	1
體	1
內	1
企	1
破	1
輸	1
塔	1
杀	1
味	1
浮	1
郡	1
阶	1
雅	1
园	1
吃	1
帮	1
毛	1
耗	1
举	1
拿	1
够	1
礼	1
兰	1
折	1
業	1
诸	1
孙	1
種	1
医	1
拼	1
叫	1
予	1
寸	1
梅	1
醒	1
津	1
厂	1
屋	1
師	1
材	1
張	1
洞	1
餐	1
達	1
們	1
斗	1
横	1
佳	1
仁	1
陈	1
飞	1
极	1
仓	1
昌	1
錢	1
殊	1
泉	1
甲	1
皮	1
強	1
赛	1
預	1
尚	1
節	1
森	1
办	1
園	1
牙	1
庆	1
隆	1
叉	1
啊	1
続	1
灵	1
忽	1
油	1
讯	1
刚	1
氏	1
誤	1
齐	1
末	1
圈	1
念	1
毫	1
當	1
規	1
旧	1
卖	1
幸	1
署	1
岛	1
觉	1
害	1
毕	1
威	1
育	1
呢	1
峰	1
职	1
陽	1
亞	1
施	1
泰	1
載	1
笑	1
華	1
迎	1
豆	1
嘉	1
庄	1
級	1
気	1
责	1
乱	1
休	1
約	1
察	1
乘	1
亲	1
委	1
赤	1
勝	1
怎	1
宋	1
調	1
难	1
備	1
塞	1
险	1
旅	1
虚	1
笔	1
馆	1
唐	1
律	1
稍	1
散	1
副	1
尽	1
挂	1
県	1
洋	1
鬼	1
孩	1
並	1
扣	1
铁	1
闻	1
戳	1
秀	1
細	1
御	1
拖	1
绍	1
贵	1
纪	1
秋	1
網	1
铺	1
恋	1
兼	1
羽	1
啟	1
弟	1
慢	1
許	1
硬	1
術	1
溪	1
暴	1
混	1
夢	1
還	1
探	1
祖	1
织	1
軍	1
務	1
艺	1
應	1
擇	1
渡	1
葉	1
決	1
刀	1
從	1
變	1
灣	1
衣	1
製	1
隊	1
纳	1
赖	1
农	1
桥	1
阻	1
秘	1
伤	1
稿	1
拦	1
宿	1
錄	1
镜	1
党	1
洲	1
說	1
尝	1
哥	1
圣	1
萨	1
丁	1
虎	1
善	1
岩	1
抛	1
宣	1
拳	1
枚	1
洛	1
証	1
陵	1
佐	1
館	1
稱	1
聊	1
車	1
庫	1
統	1
旗	1
励	1
紀	1
忠	1
杨	1
丹	1
却	1
舞	1
轉	1
丽	1
借	1
蒙	1
衡	1
叶	1
谢	1
既	1
济	1
準	1
残	1
虑	1
急	1
招	1
產	1
垂	1
親	1
猫	1
刪	1
胡	1
晚	1
曾	1
論	1
戰	1
鱼	1
寶	1
崎	1
甘	1
該	1
頁	1
毁	1
聖	1
麻	1
敏	1
運	1
復	1
寻	1
茶	1
竹	1
遇	1
順	1
累	1
覧	1
株	1
争	1
势	1
宇	1
橋	1
堆	1
丶	1
棋	1
肉	1
季	1
殿	1
優	1
試	1
戶	1
羅	1
桃	1
浪	1
脑	1
弃	1
炮	1
轻	1
奥	1
忘	1
遠	1
飛	1
魏	1
汇	1
央	1
逆	1
露	1
須	1
寄	1
盟	1
财	1
際	1
宫	1
巨	1
途	1
帐	1
拒	1
药	1
亡	1
壁	1
參	1
丰	1
獲	1
莉	1
吴	1
岡	1
诉	1
爆	1
迭	1
捷	1
納	1
邀	1
爾	1
船	1
赞	1
胜	1
構	1
磁	1
冰	1
媒	1
繁	1
仪	1
昭	1
珠	1
離	1
拷	1
粉	1
乌	1
拥	1
仙	1
塊	1
幅	1
跨	1
恩	1
损	1
养	1
奈	1
严	1
卫	1
迟	1
様	1
裡	1
丢	1
伝	1
冷	1
遗	1
銀	1
瑞	1
聚	1
碎	1
衛	1
孝	1
陳	1
黒	1
応	1
饰	1
宜	1
樂	1
則	1
勇	1
徐	1
權	1
鲁	1
庭	1
苗	1
闲	1
宏	1
尊	1
總	1
裝	1
測	1
轩	1
兄	1
剑	1
朱	1
担	1
灰	1
讲	1
振	1
灯	1
閉	1
狂	1
融	1
仍	1
實	1
楽	1
範	1
嵌	1
摩	1
袁	1
乎	1
岗	1
糊	1
雲	1
丝	1
執	1
梦	1
